ID,DateTime,Magnitude,Depth,Latitude,Longitude,AfterShock_Risk
2025-06-05 05:25:36_38.6738319396973_-119.557830810547,2025-06-05 05:25:36,2.24,8.64000034332275,38.6738319396973,-119.557830810547,Low
2025-06-05 04:53:43_38.8051681518555_-122.778335571289,2025-06-05 04:53:43,0.76,3.90000009536743,38.8051681518555,-122.778335571289,Low
2025-06-05 04:53:25_34.1691667_-118.3626667,2025-06-05 04:53:25,1.36,14.88,34.1691667,-118.3626667,Low
2025-06-05 04:37:24_44.3422_-115.0538,2025-06-05 04:37:24,2.5,11.345,44.3422,-115.0538,High
2025-06-05 04:28:21_44.3439_-115.0193,2025-06-05 04:28:21,4,13.846,44.3439,-115.0193,High
2025-06-05 04:28:06_38.8291664123535_-122.801330566406,2025-06-05 04:28:06,0.82,1.69000005722046,38.8291664123535,-122.801330566406,Low
2025-06-05 04:14:06_35.3615_-117.8066667,2025-06-05 04:14:06,1.5,6.05,35.3615,-117.8066667,Low
2025-06-05 04:06:47_38.7971649169922_-122.736000061035,2025-06-05 04:06:47,1.4,1.35000002384186,38.7971649169922,-122.736000061035,Low
2025-06-05 04:03:53_39.0268333333333_-111.388833333333,2025-06-05 04:03:53,0.9,-1.84,39.0268333333333,-111.388833333333,Low
2025-06-05 03:31:38_38.7958335876465_-122.807167053223,2025-06-05 03:31:38,0.71,3.59999990463257,38.7958335876465,-122.807167053223,Low
2025-06-05 03:27:34_38.798999786377_-122.79467010498,2025-06-05 03:27:34,0.76,3.15000009536743,38.798999786377,-122.79467010498,Low
2025-06-05 03:10:35_33.5313333_-116.7236667,2025-06-05 03:10:35,0.9,5.98,33.5313333,-116.7236667,Low
2025-06-05 02:50:15_35.2973333333333_-120.6965,2025-06-05 02:50:15,1.47,-0.17,35.2973333333333,-120.6965,Low
2025-06-05 02:40:20_38.835334777832_-122.802833557129,2025-06-05 02:40:20,0.28,1.78999996185303,38.835334777832,-122.802833557129,Low
2025-06-05 02:31:55_33.4948333_-116.4901667,2025-06-05 02:31:55,0.68,11.66,33.4948333,-116.4901667,Low
2025-06-05 02:06:17_33.6875_-116.749,2025-06-05 02:06:17,0.84,15.44,33.6875,-116.749,Low
2025-06-05 02:03:01_33.616_-117.171,2025-06-05 02:03:01,1.1,-0.49,33.616,-117.171,Low
2025-06-05 02:02:42_36.5934982299805_-121.104667663574,2025-06-05 02:02:42,1.56,5.6399998664856,36.5934982299805,-121.104667663574,Low
2025-06-05 01:50:38_36.2051666666667_-120.379666666667,2025-06-05 01:50:38,0.98,8.34,36.2051666666667,-120.379666666667,Low
2025-06-05 01:43:23_40.2663345336914_-124.666831970215,2025-06-05 01:43:23,2.66,-0.389999985694885,40.2663345336914,-124.666831970215,High
2025-06-05 01:42:54_40.2915000915527_-124.337501525879,2025-06-05 01:42:54,1.6,5.92999982833862,40.2915000915527,-124.337501525879,Low
2025-06-05 01:29:33_33.6795_-116.7573333,2025-06-05 01:29:33,0.75,14.54,33.6795,-116.7573333,Low
2025-06-05 01:16:11_38.7886666666667_-122.7565,2025-06-05 01:16:11,0.3,2.49,38.7886666666667,-122.7565,Low
2025-06-05 01:03:07_38.836498260498_-122.808334350586,2025-06-05 01:03:07,0.79,1.87000000476837,38.836498260498,-122.808334350586,Low
2025-06-05 00:57:08_33.6768333_-116.7641667,2025-06-05 00:57:08,3.19,15.78,33.6768333,-116.7641667,High
2025-06-05 00:39:10_35.0456667_-118.3248333,2025-06-05 00:39:10,1.37,-1.11,35.0456667,-118.3248333,Low
2025-06-05 00:24:45_38.8365_-122.782166666667,2025-06-05 00:24:45,0.39,2.11,38.8365,-122.782166666667,Low
2025-06-05 00:16:44_38.8223342895508_-122.800834655762,2025-06-05 00:16:44,0.76,3.02999997138977,38.8223342895508,-122.800834655762,Low
2025-06-04 23:17:35_37.6001666666667_-122.005833333333,2025-06-04 23:17:35,1.54,5.46,37.6001666666667,-122.005833333333,Low
2025-06-04 22:52:31_37.4245_-121.4005,2025-06-04 22:52:31,0.95,5.21,37.4245,-121.4005,Low
2025-06-04 22:18:47_44.3456_-115.0153,2025-06-04 22:18:47,3.5,13.64,44.3456,-115.0153,High
2025-06-04 22:01:00_38.8245010375977_-122.762496948242,2025-06-04 22:01:00,0.75,1.91999995708466,38.8245010375977,-122.762496948242,Low
2025-06-04 21:37:54_33.2501667_-116.3878333,2025-06-04 21:37:54,1.01,3.44,33.2501667,-116.3878333,Low
2025-06-04 21:13:18_35.33_-117.8143333,2025-06-04 21:13:18,0.63,8.38,35.33,-117.8143333,Low
2025-06-04 20:59:50_44.3448_-115.0051,2025-06-04 20:59:50,3.2,9.479,44.3448,-115.0051,High
2025-06-04 20:57:20_39.0108333333333_-111.408666666667,2025-06-04 20:57:20,1.06,-2.97,39.0108333333333,-111.408666666667,Low
2025-06-04 20:26:33_36.0656666666667_-121.809166666667,2025-06-04 20:26:33,1.12,17.39,36.0656666666667,-121.809166666667,Low
2025-06-04 20:26:05_41.9013333333333_-112.4905,2025-06-04 20:26:05,0.98,0.29,41.9013333333333,-112.4905,Low
2025-06-04 19:15:37_38.8376655578613_-122.782333374023,2025-06-04 19:15:37,0.71,1.66999995708466,38.8376655578613,-122.782333374023,Low
2025-06-04 18:56:49_33.4965_-116.784,2025-06-04 18:56:49,0.82,6.87,33.4965,-116.784,Low
2025-06-04 18:31:13_38.804500579834_-122.782165527344,2025-06-04 18:31:13,1.27,2.85999989509583,38.804500579834,-122.782165527344,Low
2025-06-04 18:13:27_38.8224983215332_-122.844665527344,2025-06-04 18:13:27,0.83,2.3199999332428,38.8224983215332,-122.844665527344,Low
2025-06-04 17:43:01_38.8306655883789_-122.813331604004,2025-06-04 17:43:01,1.34,2.04999995231628,38.8306655883789,-122.813331604004,Low
2025-06-04 17:35:14_38.8373333333333_-122.8115,2025-06-04 17:35:14,0.36,2.03,38.8373333333333,-122.8115,Low
2025-06-04 17:21:12_33.5291667_-116.7243333,2025-06-04 17:21:12,0.83,4.86,33.5291667,-116.7243333,Low
2025-06-04 16:14:59_39.1537_-119.0239,2025-06-04 16:14:59,0.6,10.1,39.1537,-119.0239,Low
2025-06-04 16:10:59_38.8209991455078_-122.785331726074,2025-06-04 16:10:59,0.77,1.88999998569489,38.8209991455078,-122.785331726074,Low
2025-06-04 15:43:24_38.8326666666667_-122.817333333333,2025-06-04 15:43:24,0.84,1.98,38.8326666666667,-122.817333333333,Low
2025-06-04 15:43:17_34.0621667_-117.1415,2025-06-04 15:43:17,1,10.92,34.0621667,-117.1415,Low
2025-06-04 15:42:23_38.7918319702148_-122.705833435059,2025-06-04 15:42:23,1.2,2.50999999046326,38.7918319702148,-122.705833435059,Low
2025-06-04 15:38:21_32.8531667_-116.1578333,2025-06-04 15:38:21,1.27,9.74,32.8531667,-116.1578333,Low
2025-06-04 15:35:00_38.8241666666667_-122.799,2025-06-04 15:35:00,0.46,2.75,38.8241666666667,-122.799,Low
2025-06-04 15:34:03_33.2508333_-116.1121667,2025-06-04 15:34:03,1.23,11.05,33.2508333,-116.1121667,Low
2025-06-04 15:00:22_33.4853333_-116.7896667,2025-06-04 15:00:22,1.62,7.34,33.4853333,-116.7896667,Low
2025-06-04 14:26:17_38.7946662902832_-122.779502868652,2025-06-04 14:26:17,0.77,3.77999997138977,38.7946662902832,-122.779502868652,Low
2025-06-04 14:18:49_39.0035_-111.403166666667,2025-06-04 14:18:49,1.09,-0.62,39.0035,-111.403166666667,Low
2025-06-04 14:03:00_35.8463333_-117.6695,2025-06-04 14:03:00,1.47,5.58,35.8463333,-117.6695,Low
2025-06-04 13:41:17_36.0514984130859_-120.213165283203,2025-06-04 13:41:17,1.45,7.78999996185303,36.0514984130859,-120.213165283203,Low
2025-06-04 13:36:47_38.5552_-118.5566,2025-06-04 13:36:47,1.5,9.1,38.5552,-118.5566,Low
2025-06-04 13:33:30_35.0851667_-119.0845,2025-06-04 13:33:30,2.07,11.65,35.0851667,-119.0845,Low
2025-06-04 13:19:48_37.0398333333333_-112.921,2025-06-04 13:19:48,2.14,12.27,37.0398333333333,-112.921,Low
2025-06-04 13:18:42_37.0465_-112.912666666667,2025-06-04 13:18:42,1.56,12.88,37.0465,-112.912666666667,Low
2025-06-04 13:09:39_38.064_-112.762,2025-06-04 13:09:39,1.25,3.63,38.064,-112.762,Low
2025-06-04 12:58:06_38.0523333333333_-112.742666666667,2025-06-04 12:58:06,1.31,3.26,38.0523333333333,-112.742666666667,Low
2025-06-04 12:56:55_38.7887_-117.9403,2025-06-04 12:56:55,0.5,11.9,38.7887,-117.9403,Low
2025-06-04 12:39:44_41.6875_-111.711166666667,2025-06-04 12:39:44,1.11,14.78,41.6875,-111.711166666667,Low
2025-06-04 12:28:55_38.835334777832_-122.805999755859,2025-06-04 12:28:55,0.71,1.94000005722046,38.835334777832,-122.805999755859,Low
2025-06-04 12:24:10_37.5639991760254_-121.850830078125,2025-06-04 12:24:10,1.29,7.71999979019165,37.5639991760254,-121.850830078125,Low
2025-06-04 12:17:08_37.0353333333333_-112.922166666667,2025-06-04 12:17:08,2.09,12.07,37.0353333333333,-112.922166666667,Low
2025-06-04 12:08:32_38.6969985961914_-122.90283203125,2025-06-04 12:08:32,1.57,9.39000034332275,38.6969985961914,-122.90283203125,Low
2025-06-04 11:54:55_36.7181663513184_-121.387001037598,2025-06-04 11:54:55,1.61,1.8400000333786,36.7181663513184,-121.387001037598,Low
2025-06-04 11:36:04_35.7553333_-117.509,2025-06-04 11:36:04,1.33,2.15,35.7553333,-117.509,Low
2025-06-04 11:25:54_39.0507_-119.0243,2025-06-04 11:25:54,0.9,11,39.0507,-119.0243,Low
2025-06-04 11:18:05_33.2275_-116.7311667,2025-06-04 11:18:05,0.92,11.72,33.2275,-116.7311667,Low
2025-06-04 11:09:59_39.0569_-119.0196,2025-06-04 11:09:59,1.6,11,39.0569,-119.0196,Low
2025-06-04 11:02:09_39.014_-111.397,2025-06-04 11:02:09,1.4,-0.91,39.014,-111.397,Low
2025-06-04 10:54:00_36.5984992980957_-121.12166595459,2025-06-04 10:54:00,1.43,1.5,36.5984992980957,-121.12166595459,Low
2025-06-04 10:53:25_38.8308334350586_-122.795829772949,2025-06-04 10:53:25,0.21,2.21000003814697,38.8308334350586,-122.795829772949,Low
2025-06-04 10:39:37_35.9993333_-117.9708333,2025-06-04 10:39:37,0.87,2.47,35.9993333,-117.9708333,Low
2025-06-04 10:38:30_36.0025_-117.9728333,2025-06-04 10:38:30,1.13,1.9,36.0025,-117.9728333,Low
2025-06-04 10:08:09_33.5256667_-116.7325,2025-06-04 10:08:09,1.15,4.72,33.5256667,-116.7325,Low
2025-06-04 10:00:30_38.8315010070801_-122.847663879395,2025-06-04 10:00:30,0.27,1.57000005245209,38.8315010070801,-122.847663879395,Low
2025-06-04 09:41:52_38.8334999084473_-122.815330505371,2025-06-04 09:41:52,0.22,1.44000005722046,38.8334999084473,-122.815330505371,Low
2025-06-04 09:05:58_34.3385_-116.8296667,2025-06-04 09:05:58,1.86,6.95,34.3385,-116.8296667,Low
2025-06-04 08:54:17_36.5898323059082_-121.117835998535,2025-06-04 08:54:17,2.22,3.96000003814697,36.5898323059082,-121.117835998535,Low
2025-06-04 08:50:10_38.1181678771973_-122.608665466309,2025-06-04 08:50:10,1.26,12.7700004577637,38.1181678771973,-122.608665466309,Low
2025-06-04 08:49:04_35.3235_-117.8043333,2025-06-04 08:49:04,1.85,7.13,35.3235,-117.8043333,Low
2025-06-04 08:37:40_33.4088333_-116.3883333,2025-06-04 08:37:40,1.25,9.42,33.4088333,-116.3883333,Low
2025-06-04 08:26:45_38.8253326416016_-122.765830993652,2025-06-04 08:26:45,0.78,1.99000000953674,38.8253326416016,-122.765830993652,Low
2025-06-04 08:16:50_33.4891667_-116.7898333,2025-06-04 08:16:50,1.45,7.83,33.4891667,-116.7898333,Low
2025-06-04 08:06:57_36.0361667_-117.7765,2025-06-04 08:06:57,2.35,1.38,36.0361667,-117.7765,Low
2025-06-04 07:22:48_34.1778333_-118.058,2025-06-04 07:22:48,1.62,10.63,34.1778333,-118.058,Low
2025-06-04 07:09:42_35.3206667_-117.8086667,2025-06-04 07:09:42,2.07,7.37,35.3206667,-117.8086667,Low
2025-06-04 07:05:49_38.804_-122.772333333333,2025-06-04 07:05:49,0.27,2.23,38.804,-122.772333333333,Low
2025-06-04 07:02:44_38.7775001525879_-122.7568359375,2025-06-04 07:02:44,0.76,0.720000028610229,38.7775001525879,-122.7568359375,Low
2025-06-04 06:13:38_38.8170013427734_-122.818664550781,2025-06-04 06:13:38,0.66,2.73000001907349,38.8170013427734,-122.818664550781,Low
2025-06-04 06:07:45_38.8209991455078_-122.764335632324,2025-06-04 06:07:45,0.77,1.38999998569489,38.8209991455078,-122.764335632324,Low
2025-06-04 05:54:07_38.8178329467773_-122.818664550781,2025-06-04 05:54:07,0.75,2.38000011444092,38.8178329467773,-122.818664550781,Low
2025-06-04 05:25:58_33.495_-116.5,2025-06-04 05:25:58,1.61,12.02,33.495,-116.5,Low
2025-06-04 04:56:29_38.8354988098145_-122.793167114258,2025-06-04 04:56:29,1.1,2.13000011444092,38.8354988098145,-122.793167114258,Low
2025-06-04 04:10:02_35.6636667_-118.62,2025-06-04 04:10:02,1.36,7.48,35.6636667,-118.62,Low
2025-06-04 04:07:38_44.3521_-115.0193,2025-06-04 04:07:38,2.7,15.941,44.3521,-115.0193,High
2025-06-04 03:49:34_38.8146667480469_-122.817832946777,2025-06-04 03:49:34,0.75,2.54999995231628,38.8146667480469,-122.817832946777,Low
2025-06-04 03:48:54_38.8156661987305_-122.817497253418,2025-06-04 03:48:54,1.08,2.75,38.8156661987305,-122.817497253418,Low
2025-06-04 03:31:47_38.816333770752_-122.817832946777,2025-06-04 03:31:47,1.36,2.49000000953674,38.816333770752,-122.817832946777,Low
2025-06-04 03:26:55_38.8106651306152_-122.81950378418,2025-06-04 03:26:55,0.78,2.90000009536743,38.8106651306152,-122.81950378418,Low
2025-06-04 03:26:44_38.8125_-122.817497253418,2025-06-04 03:26:44,1.32,2.77999997138977,38.8125,-122.817497253418,Low
2025-06-04 03:18:29_35.0331667_-116.9871667,2025-06-04 03:18:29,1.36,2.05,35.0331667,-116.9871667,Low
2025-06-04 02:44:50_38.7861671447754_-122.757331848145,2025-06-04 02:44:50,0.27,3.35999989509583,38.7861671447754,-122.757331848145,Low
2025-06-04 02:43:17_39.0135_-111.397333333333,2025-06-04 02:43:17,1.54,-1.03,39.0135,-111.397333333333,Low
2025-06-04 02:39:39_38.8213348388672_-122.845169067383,2025-06-04 02:39:39,1.16,2.5699999332428,38.8213348388672,-122.845169067383,Low
2025-06-04 01:50:34_36.6154_-115.9592,2025-06-04 01:50:34,0.8,9.3,36.6154,-115.9592,Low
2025-06-04 01:45:26_38.836498260498_-122.786331176758,2025-06-04 01:45:26,0.23,1.87000000476837,38.836498260498,-122.786331176758,Low
2025-06-04 01:43:35_44.341_-115.013166666667,2025-06-04 01:43:35,2.33,5.04,44.341,-115.013166666667,Low
2025-06-04 01:40:19_39.2470016479492_-123.216499328613,2025-06-04 01:40:19,1.14,5.1399998664856,39.2470016479492,-123.216499328613,Low
2025-06-04 01:17:34_44.328_-114.9995,2025-06-04 01:17:34,2.11,5.2,44.328,-114.9995,Low
2025-06-04 01:15:43_38.8300018310547_-122.816833496094,2025-06-04 01:15:43,0.78,1.97000002861023,38.8300018310547,-122.816833496094,Low
2025-06-04 01:10:45_44.3471666666667_-115.035,2025-06-04 01:10:45,2.39,5.01,44.3471666666667,-115.035,Low
2025-06-04 01:07:29_38.8344993591309_-122.818664550781,2025-06-04 01:07:29,1.04,1.62999999523163,38.8344993591309,-122.818664550781,Low
2025-06-04 01:06:59_38.8531684875488_-122.383331298828,2025-06-04 01:06:59,2.1,-0.400000005960464,38.8531684875488,-122.383331298828,Low
2025-06-04 01:06:05_32.9113333_-116.9356667,2025-06-04 01:06:05,1.22,-0.18,32.9113333,-116.9356667,Low
2025-06-04 00:53:18_38.7771682739258_-122.764503479004,2025-06-04 00:53:18,0.74,0.46000000834465,38.7771682739258,-122.764503479004,Low
2025-06-04 00:50:26_44.3594_-115.0124,2025-06-04 00:50:26,2.8,15.195,44.3594,-115.0124,High
2025-06-04 00:38:06_45.083666666666666_-121.29816666666666,2025-06-04 00:38:06,1.04,-1.22,45.083666666666666,-121.29816666666666,Low
2025-06-04 00:14:37_44.3413333333333_-115.019,2025-06-04 00:14:37,2.24,7.25,44.3413333333333,-115.019,Low
2025-06-04 00:10:39_38.7976666666667_-122.7775,2025-06-04 00:10:39,0.31,3.86,38.7976666666667,-122.7775,Low
2025-06-04 00:07:11_36.5478324890137_-121.151664733887,2025-06-04 00:07:11,1.41,6.73999977111816,36.5478324890137,-121.151664733887,Low
2025-06-04 00:06:08_41.8908333333333_-112.505666666667,2025-06-04 00:06:08,0.85,11.95,41.8908333333333,-112.505666666667,Low
2025-06-04 00:04:04_38.8349990844727_-122.785499572754,2025-06-04 00:04:04,0.78,1.9099999666214,38.8349990844727,-122.785499572754,Low
2025-06-03 23:59:41_34.2053333_-117.5475,2025-06-03 23:59:41,1.63,6.04,34.2053333,-117.5475,Low
2025-06-03 23:26:08_44.3313333333333_-115.006166666667,2025-06-03 23:26:08,2.03,7.55,44.3313333333333,-115.006166666667,Low
2025-06-03 23:19:04_38.836498260498_-122.811836242676,2025-06-03 23:19:04,0.58,1.73000001907349,38.836498260498,-122.811836242676,Low
2025-06-03 23:16:22_38.8368339538574_-122.811668395996,2025-06-03 23:16:22,0.93,1.71000003814697,38.8368339538574,-122.811668395996,Low
2025-06-03 23:12:06_38.8368339538574_-122.811332702637,2025-06-03 23:12:06,1.54,1.99000000953674,38.8368339538574,-122.811332702637,Low
2025-06-03 23:05:11_44.3468333333333_-115.030833333333,2025-06-03 23:05:11,1.79,7.94,44.3468333333333,-115.030833333333,Low
2025-06-03 22:53:14_44.3098_-115.0176,2025-06-03 22:53:14,2.5,12.913,44.3098,-115.0176,High
2025-06-03 22:46:16_37.023998260498_-121.486503601074,2025-06-03 22:46:16,1.5,1.23000001907349,37.023998260498,-121.486503601074,Low
2025-06-03 22:36:55_44.3495_-115.0113,2025-06-03 22:36:55,3.5,13.274,44.3495,-115.0113,High
2025-06-03 22:32:57_36.8023_-116.0775,2025-06-03 22:32:57,0,5.4,36.8023,-116.0775,Low
2025-06-03 22:28:06_38.8021659851074_-122.782836914062,2025-06-03 22:28:06,0.26,3.09999990463257,38.8021659851074,-122.782836914062,Low
2025-06-03 22:18:08_44.3463333333333_-115.022333333333,2025-06-03 22:18:08,2.73,4.69,44.3463333333333,-115.022333333333,High
2025-06-03 21:59:40_33.893_-117.8473333,2025-06-03 21:59:40,1.13,12.03,33.893,-117.8473333,Low
2025-06-03 21:02:46_44.3385_-115.0325,2025-06-03 21:02:46,2.51,10.37,44.3385,-115.0325,High
2025-06-03 20:33:43_44.3445_-115.028,2025-06-03 20:33:43,2.39,5.43,44.3445,-115.028,Low
2025-06-03 20:27:34_38.8093338012695_-122.836669921875,2025-06-03 20:27:34,0.51,1.60000002384186,38.8093338012695,-122.836669921875,Low
2025-06-03 20:27:33_44.3445_-115.0329,2025-06-03 20:27:33,2.8,16.243,44.3445,-115.0329,High
2025-06-03 19:38:41_39.0493_-119.0142,2025-06-03 19:38:41,1.6,7.4,39.0493,-119.0142,Low
2025-06-03 19:35:38_44.3353333333333_-115.0095,2025-06-03 19:35:38,2.2,8.64,44.3353333333333,-115.0095,Low
2025-06-03 19:30:14_38.7696647644043_-122.737998962402,2025-06-03 19:30:14,0.44,0.980000019073486,38.7696647644043,-122.737998962402,Low
2025-06-03 19:28:40_44.3283333333333_-115.001833333333,2025-06-03 19:28:40,2.49,5.84,44.3283333333333,-115.001833333333,Low
2025-06-03 19:24:48_38.8224983215332_-122.842498779297,2025-06-03 19:24:48,0.7,2.26999998092651,38.8224983215332,-122.842498779297,Low
2025-06-03 19:09:56_38.8378333333333_-122.8095,2025-06-03 19:09:56,0.39,2.03,38.8378333333333,-122.8095,Low
2025-06-03 19:07:15_44.3436666666667_-115.021,2025-06-03 19:07:15,1.96,5.62,44.3436666666667,-115.021,Low
2025-06-03 19:05:21_38.8273315429688_-122.802169799805,2025-06-03 19:05:21,1.22,1.60000002384186,38.8273315429688,-122.802169799805,Low
2025-06-03 18:57:13_38.8341674804688_-122.811500549316,2025-06-03 18:57:13,0.76,1.83000004291534,38.8341674804688,-122.811500549316,Low
2025-06-03 18:44:36_44.3365_-115.026666666667,2025-06-03 18:44:36,1.91,4.99,44.3365,-115.026666666667,Low
2025-06-03 18:36:34_38.8356666564941_-122.811500549316,2025-06-03 18:36:34,0.68,1.70000004768372,38.8356666564941,-122.811500549316,Low
2025-06-03 18:36:11_44.338_-115.0134,2025-06-03 18:36:11,3.9,12.787,44.338,-115.0134,High
2025-06-03 18:32:48_38.8344993591309_-122.811332702637,2025-06-03 18:32:48,1.09,2.04999995231628,38.8344993591309,-122.811332702637,Low
2025-06-03 18:22:09_44.3391666666667_-115.017,2025-06-03 18:22:09,2.13,5.79,44.3391666666667,-115.017,Low
2025-06-03 18:18:08_37.7586666666667_-122.559,2025-06-03 18:18:08,1.26,12.2,37.7586666666667,-122.559,Low
2025-06-03 18:12:00_44.3461_-115.0261,2025-06-03 18:12:00,2.9,15.301,44.3461,-115.0261,High
2025-06-03 18:10:02_44.3373333333333_-115.018333333333,2025-06-03 18:10:02,2.22,1.23,44.3373333333333,-115.018333333333,Low
2025-06-03 17:48:59_44.3386_-115.0251,2025-06-03 17:48:59,2.9,12.246,44.3386,-115.0251,High
2025-06-03 17:29:34_44.3427_-115.0139,2025-06-03 17:29:34,3.9,12.354,44.3427,-115.0139,High
2025-06-03 17:28:49_39.0133333333333_-111.397166666667,2025-06-03 17:28:49,0.9,-1.29,39.0133333333333,-111.397166666667,Low
2025-06-03 17:27:52_44.3502_-115.0143,2025-06-03 17:27:52,3.5,15.416,44.3502,-115.0143,High
2025-06-03 17:05:07_39.003_-111.405666666667,2025-06-03 17:05:07,1.38,-0.69,39.003,-111.405666666667,Low
2025-06-03 16:35:51_33.6808333_-117.3973333,2025-06-03 16:35:51,1.67,8.75,33.6808333,-117.3973333,Low
2025-06-03 16:18:53_40.7188333333333_-122.322,2025-06-03 16:18:53,2.12,15.66,40.7188333333333,-122.322,Low
2025-06-03 16:18:07_38.8030014038086_-122.778503417969,2025-06-03 16:18:07,0.44,2.41000008583069,38.8030014038086,-122.778503417969,Low
2025-06-03 16:17:23_38.836498260498_-122.803665161133,2025-06-03 16:17:23,0.73,2.26999998092651,38.836498260498,-122.803665161133,Low
2025-06-03 15:28:12_35.6803333_-117.5515,2025-06-03 15:28:12,1.1,8.04,35.6803333,-117.5515,Low
2025-06-03 15:02:42_37.3926666666667_-118.900166666667,2025-06-03 15:02:42,1.14,15.57,37.3926666666667,-118.900166666667,Low
2025-06-03 14:49:03_44.344_-115.012833333333,2025-06-03 14:49:03,1.81,11.13,44.344,-115.012833333333,Low
2025-06-03 14:10:00_34.4218333_-118.9081667,2025-06-03 14:10:00,1.58,6.34,34.4218333,-118.9081667,Low
2025-06-03 14:02:51_38.7881660461426_-122.765998840332,2025-06-03 14:02:51,1.39,1.26999998092651,38.7881660461426,-122.765998840332,Low
2025-06-03 13:55:03_39.5301666666667_-111.101666666667,2025-06-03 13:55:03,1.4,1.34,39.5301666666667,-111.101666666667,Low
2025-06-03 13:50:49_37.1079_-115.8448,2025-06-03 13:50:49,1,10.2,37.1079,-115.8448,Low
2025-06-03 13:39:28_38.2331666666667_-110.530666666667,2025-06-03 13:39:28,1.58,5.87,38.2331666666667,-110.530666666667,Low
2025-06-03 13:20:17_38.0453338623047_-122.262001037598,2025-06-03 13:20:17,1.85,4.96999979019165,38.0453338623047,-122.262001037598,Low
2025-06-03 13:14:13_38.7953338623047_-122.781829833984,2025-06-03 13:14:13,0.53,3.66000008583069,38.7953338623047,-122.781829833984,Low
2025-06-03 13:04:42_44.3519_-114.9943,2025-06-03 13:04:42,4,16.107,44.3519,-114.9943,High
2025-06-03 12:37:22_36.1668333_-118.0586667,2025-06-03 12:37:22,1.11,1.31,36.1668333,-118.0586667,Low
2025-06-03 12:23:54_38.7965_-122.783166666667,2025-06-03 12:23:54,0.26,3.4,38.7965,-122.783166666667,Low
2025-06-03 11:42:18_38.2656666666667_-112.604166666667,2025-06-03 11:42:18,1.16,11.03,38.2656666666667,-112.604166666667,Low
2025-06-03 11:39:58_33.1628333_-116.3936667,2025-06-03 11:39:58,1.53,6.23,33.1628333,-116.3936667,Low
2025-06-03 11:39:35_35.3245_-117.81,2025-06-03 11:39:35,1.23,7.24,35.3245,-117.81,Low
2025-06-03 11:39:13_35.4568328857422_-120.732498168945,2025-06-03 11:39:13,1.59,4.19999980926514,35.4568328857422,-120.732498168945,Low
2025-06-03 11:35:46_37.5868_-119.4345,2025-06-03 11:35:46,1.9,2.8,37.5868,-119.4345,Low
2025-06-03 11:35:32_38.836_-122.817333333333,2025-06-03 11:35:32,0.41,2.07,38.836,-122.817333333333,Low
2025-06-03 11:11:01_38.7738342285156_-122.73983001709,2025-06-03 11:11:01,0.78,1.91999995708466,38.7738342285156,-122.73983001709,Low
2025-06-03 11:10:35_44.3361_-115.0075,2025-06-03 11:10:35,3.3,14.592,44.3361,-115.0075,High
2025-06-03 11:00:29_38.8250007629395_-122.809997558594,2025-06-03 11:00:29,0.56,3.65000009536743,38.8250007629395,-122.809997558594,Low
2025-06-03 10:48:06_38.8316650390625_-122.814498901367,2025-06-03 10:48:06,0.88,1.52999997138977,38.8316650390625,-122.814498901367,Low
2025-06-03 10:42:26_44.3432_-115.0141,2025-06-03 10:42:26,3.5,12.821,44.3432,-115.0141,High
2025-06-03 10:38:25_38.8318328857422_-122.853668212891,2025-06-03 10:38:25,0.87,1.79999995231628,38.8318328857422,-122.853668212891,Low
2025-06-03 10:36:42_44.3398_-114.987,2025-06-03 10:36:42,3,13.544,44.3398,-114.987,High
2025-06-03 10:23:56_44.3447_-115.016,2025-06-03 10:23:56,2.7,10.836,44.3447,-115.016,High
2025-06-03 10:08:59_44.3394_-114.9879,2025-06-03 10:08:59,3.8,13.808,44.3394,-114.9879,High
2025-06-03 09:52:53_44.3307_-115.012,2025-06-03 09:52:53,2.7,2.367,44.3307,-115.012,High
2025-06-03 09:38:56_44.3456_-115.0487,2025-06-03 09:38:56,3.1,14.449,44.3456,-115.0487,High
2025-06-03 09:31:50_38.8019981384277_-122.77466583252,2025-06-03 09:31:50,0.75,3.23000001907349,38.8019981384277,-122.77466583252,Low
2025-06-03 09:25:28_44.3358_-115.0106,2025-06-03 09:25:28,2.6,6.281,44.3358,-115.0106,High
2025-06-03 09:18:26_36.7236671447754_-121.377166748047,2025-06-03 09:18:26,1.54,2.65000009536743,36.7236671447754,-121.377166748047,Low
2025-06-03 09:11:34_38.7869987487793_-122.745162963867,2025-06-03 09:11:34,0.81,1.75,38.7869987487793,-122.745162963867,Low
2025-06-03 08:30:26_38.8406677246094_-122.875999450684,2025-06-03 08:30:26,0.64,2.41000008583069,38.8406677246094,-122.875999450684,Low
2025-06-03 08:29:58_36.6541_-116.2717,2025-06-03 08:29:58,0,6.7,36.6541,-116.2717,Low
2025-06-03 08:26:22_38.8158340454102_-122.824668884277,2025-06-03 08:26:22,0.44,2.09999990463257,38.8158340454102,-122.824668884277,Low
2025-06-03 08:14:52_36.6561_-116.2683,2025-06-03 08:14:52,-0.1,6.5,36.6561,-116.2683,Low
2025-06-03 07:56:38_44.3365_-115.0355,2025-06-03 07:56:38,3.6,9.065,44.3365,-115.0355,High
2025-06-03 07:53:47_44.3392_-115.0117,2025-06-03 07:53:47,3.6,15.529,44.3392,-115.0117,High
2025-06-03 07:38:18_38.8055000305176_-122.771499633789,2025-06-03 07:38:18,1.09,1.87000000476837,38.8055000305176,-122.771499633789,Low
2025-06-03 07:36:14_35.4571647644043_-120.724166870117,2025-06-03 07:36:14,1.39,4.73000001907349,35.4571647644043,-120.724166870117,Low
2025-06-03 07:28:07_33.7191667_-116.8438333,2025-06-03 07:28:07,0.83,14.34,33.7191667,-116.8438333,Low
2025-06-03 07:27:24_33.7221667_-116.8441667,2025-06-03 07:27:24,0.93,14.69,33.7221667,-116.8441667,Low
2025-06-03 06:27:47_38.8108333333333_-122.8265,2025-06-03 06:27:47,0.05,2.11,38.8108333333333,-122.8265,Low
2025-06-03 06:04:54_38.8211669921875_-122.811332702637,2025-06-03 06:04:54,1.08,1.75,38.8211669921875,-122.811332702637,Low
2025-06-03 06:00:06_38.8226661682129_-122.84400177002,2025-06-03 06:00:06,0.62,2.20000004768372,38.8226661682129,-122.84400177002,Low
2025-06-03 05:19:17_38.8305_-122.876166666667,2025-06-03 05:19:17,0.32,2.87,38.8305,-122.876166666667,Low
2025-06-03 05:11:13_36.0111656188965_-120.575836181641,2025-06-03 05:11:13,1.88,1.63999998569489,36.0111656188965,-120.575836181641,Low
2025-06-03 05:08:10_35.4536666666667_-120.7375,2025-06-03 05:08:10,2.98,6.86,35.4536666666667,-120.7375,High
2025-06-03 04:46:47_44.3186_-115.0082,2025-06-03 04:46:47,2.6,14.516,44.3186,-115.0082,High
2025-06-03 04:18:04_38.7755_-122.724,2025-06-03 04:18:04,0.21,1.86,38.7755,-122.724,Low
2025-06-03 04:08:23_36.9736671447754_-121.629333496094,2025-06-03 04:08:23,1.93,4.42999982833862,36.9736671447754,-121.629333496094,Low
2025-06-03 04:05:59_33.5331667_-116.7185,2025-06-03 04:05:59,0.79,5.04,33.5331667,-116.7185,Low
2025-06-03 04:00:18_44.3398333333333_-115.011,2025-06-03 04:00:18,2.28,2.8,44.3398333333333,-115.011,Low
2025-06-03 03:55:02_44.3316666666667_-115.014166666667,2025-06-03 03:55:02,1.96,5.21,44.3316666666667,-115.014166666667,Low
2025-06-03 03:45:01_37.752498626709_-122.221496582031,2025-06-03 03:45:01,1.64,25.0100002288818,37.752498626709,-122.221496582031,Low
2025-06-03 03:30:00_44.3441666666667_-115.015833333333,2025-06-03 03:30:00,1.89,4.15,44.3441666666667,-115.015833333333,Low
2025-06-03 03:26:46_37.3596666666667_-121.7315,2025-06-03 03:26:46,0.93,3.47,37.3596666666667,-121.7315,Low
2025-06-03 03:18:03_38.7726669311523_-122.735496520996,2025-06-03 03:18:03,0.9,1.02999997138977,38.7726669311523,-122.735496520996,Low
2025-06-03 02:59:59_44.3331666666667_-115.006833333333,2025-06-03 02:59:59,2.17,3.46,44.3331666666667,-115.006833333333,Low
2025-06-03 02:52:24_44.3308333333333_-115.006333333333,2025-06-03 02:52:24,2.05,3.07,44.3308333333333,-115.006333333333,Low
2025-06-03 02:50:55_44.3311666666667_-115.002666666667,2025-06-03 02:50:55,2.18,2.36,44.3311666666667,-115.002666666667,Low
2025-06-03 02:41:39_36.73_-121.375166666667,2025-06-03 02:41:39,1.38,3.56,36.73,-121.375166666667,Low
2025-06-03 02:31:51_36.0511665344238_-120.610496520996,2025-06-03 02:31:51,1.14,5.53000020980835,36.0511665344238,-120.610496520996,Low
2025-06-03 02:20:07_38.8230018615723_-122.761497497559,2025-06-03 02:20:07,1.17,1.83000004291534,38.8230018615723,-122.761497497559,Low
2025-06-03 02:19:38_36.050666809082_-120.614669799805,2025-06-03 02:19:38,1.45,5.38000011444092,36.050666809082,-120.614669799805,Low
2025-06-03 02:19:37_44.2969_-115.1287,2025-06-03 02:19:37,2.9,13.307,44.2969,-115.1287,High
2025-06-03 02:00:24_33.1931667_-116.0423333,2025-06-03 02:00:24,1.19,3.85,33.1931667,-116.0423333,Low
2025-06-03 02:00:18_33.2331667_-116.7326667,2025-06-03 02:00:18,0.7,11.03,33.2331667,-116.7326667,Low
2025-06-03 01:58:59_36.7295_-121.374666666667,2025-06-03 01:58:59,1.72,3.85,36.7295,-121.374666666667,Low
2025-06-03 01:51:13_44.3251666666667_-115.005,2025-06-03 01:51:13,2.29,6.13,44.3251666666667,-115.005,Low
2025-06-03 01:48:10_34.1581667_-116.8246667,2025-06-03 01:48:10,1.18,9.67,34.1581667,-116.8246667,Low
2025-06-03 01:45:56_44.3393333333333_-115.015166666667,2025-06-03 01:45:56,1.62,5.42,44.3393333333333,-115.015166666667,Low
2025-06-03 01:42:43_44.342_-115.010333333333,2025-06-03 01:42:43,2.53,4.1,44.342,-115.010333333333,High
2025-06-03 01:17:05_44.3466666666667_-115.023166666667,2025-06-03 01:17:05,1.68,5.19,44.3466666666667,-115.023166666667,Low
2025-06-03 01:04:21_32.7238333_-115.9635,2025-06-03 01:04:21,1.17,10.92,32.7238333,-115.9635,Low
2025-06-03 00:58:23_32.6061667_-116.9928333,2025-06-03 00:58:23,1.26,-0.43,32.6061667,-116.9928333,Low
2025-06-03 00:56:00_38.7929992675781_-122.727500915527,2025-06-03 00:56:00,0.73,2.14000010490417,38.7929992675781,-122.727500915527,Low
2025-06-03 00:44:40_38.8283348083496_-122.802001953125,2025-06-03 00:44:40,0.28,1.77999997138977,38.8283348083496,-122.802001953125,Low
2025-06-03 00:30:24_44.3308333333333_-115.008666666667,2025-06-03 00:30:24,2.12,6.42,44.3308333333333,-115.008666666667,Low
2025-06-03 00:29:01_38.8141670227051_-122.823501586914,2025-06-03 00:29:01,1.08,2.3199999332428,38.8141670227051,-122.823501586914,Low
2025-06-03 00:23:32_34.8541667_-118.7808333,2025-06-03 00:23:32,1.19,-1.16,34.8541667,-118.7808333,Low
2025-06-03 00:22:14_44.3306666666667_-115.011166666667,2025-06-03 00:22:14,1.86,2.52,44.3306666666667,-115.011166666667,Low
2025-06-03 00:17:44_38.836498260498_-122.790000915527,2025-06-03 00:17:44,0.93,1.77999997138977,38.836498260498,-122.790000915527,Low
2025-06-03 00:17:21_44.3236_-114.9778,2025-06-03 00:17:21,2.5,10.413,44.3236,-114.9778,High
2025-06-03 00:04:21_39.3527_-119.9657,2025-06-03 00:04:21,0.8,5.3,39.3527,-119.9657,Low
2025-06-02 23:57:20_36.7095_-121.358166666667,2025-06-02 23:57:20,2.01,0.71,36.7095,-121.358166666667,Low
2025-06-02 23:53:01_35.7723333_-117.598,2025-06-02 23:53:01,0.93,7.61,35.7723333,-117.598,Low
2025-06-02 23:47:39_44.332_-115.0245,2025-06-02 23:47:39,2.6,10.161,44.332,-115.0245,High
2025-06-02 23:43:48_44.3296_-115.0173,2025-06-02 23:43:48,2.6,13.53,44.3296,-115.0173,High
2025-06-02 23:17:53_35.5638333_-118.4456667,2025-06-02 23:17:53,1.21,9.07,35.5638333,-118.4456667,Low
2025-06-02 23:17:48_33.7198333_-117.3313333,2025-06-02 23:17:48,1.09,-0.53,33.7198333,-117.3313333,Low
2025-06-02 22:38:38_38.263_-122.242333333333,2025-06-02 22:38:38,1.7,-0.16,38.263,-122.242333333333,Low
2025-06-02 22:36:39_35.3296667_-117.8138333,2025-06-02 22:36:39,1.7,8.59,35.3296667,-117.8138333,Low
2025-06-02 22:31:35_38.8055000305176_-122.811668395996,2025-06-02 22:31:35,1.06,2.52999997138977,38.8055000305176,-122.811668395996,Low
2025-06-02 22:25:55_36.4478333333333_-121.026166666667,2025-06-02 22:25:55,1,7.79,36.4478333333333,-121.026166666667,Low
2025-06-02 22:22:17_33.4448333_-116.453,2025-06-02 22:22:17,0.82,10.72,33.4448333,-116.453,Low
2025-06-02 22:02:10_38.8401679992676_-122.800003051758,2025-06-02 22:02:10,0.46,3.64000010490417,38.8401679992676,-122.800003051758,Low
2025-06-02 21:53:33_38.8334999084473_-122.803001403809,2025-06-02 21:53:33,0.4,2.76999998092651,38.8334999084473,-122.803001403809,Low
2025-06-02 21:43:57_38.1597_-117.8802,2025-06-02 21:43:57,1.6,10.9,38.1597,-117.8802,Low
2025-06-02 21:29:59_33.916_-116.2873333,2025-06-02 21:29:59,1.39,9.39,33.916,-116.2873333,Low
2025-06-02 21:17:13_34.2783333_-118.4478333,2025-06-02 21:17:13,0.72,11.78,34.2783333,-118.4478333,Low
2025-06-02 21:16:23_34.2706667_-118.4288333,2025-06-02 21:16:23,1.67,11.26,34.2706667,-118.4288333,Low
2025-06-02 21:12:03_34.2718333_-117.565,2025-06-02 21:12:03,0.78,1.87,34.2718333,-117.565,Low
2025-06-02 21:10:20_38.8293342590332_-122.818664550781,2025-06-02 21:10:20,0.84,2.39000010490417,38.8293342590332,-122.818664550781,Low
2025-06-02 21:04:41_34.7066667_-118.5311667,2025-06-02 21:04:41,1.4,9.23,34.7066667,-118.5311667,Low
2025-06-02 20:31:29_36.8016_-116.0697,2025-06-02 20:31:29,0.1,5.1,36.8016,-116.0697,Low
2025-06-02 20:24:46_34.042_-117.0205,2025-06-02 20:24:46,1.19,13.06,34.042,-117.0205,Low
2025-06-02 19:43:54_38.8115005493164_-122.849502563477,2025-06-02 19:43:54,0.92,-0.730000019073486,38.8115005493164,-122.849502563477,Low
2025-06-02 19:28:07_36.7974_-116.0755,2025-06-02 19:28:07,-0.4,5.5,36.7974,-116.0755,Low
2025-06-02 19:13:30_33.4906667_-116.76,2025-06-02 19:13:30,0.38,6.55,33.4906667,-116.76,Low
2025-06-02 19:01:19_35.4541664123535_-120.737998962402,2025-06-02 19:01:19,2.44,6.30000019073486,35.4541664123535,-120.737998962402,Low
2025-06-02 19:00:38_34.0588333_-117.2613333,2025-06-02 19:00:38,1.06,14.95,34.0588333,-117.2613333,Low
2025-06-02 18:59:29_33.9523333_-117.9985,2025-06-02 18:59:29,1.28,8.31,33.9523333,-117.9985,Low
2025-06-02 18:27:40_38.8404998779297_-122.810668945312,2025-06-02 18:27:40,0.93,2.19000005722046,38.8404998779297,-122.810668945312,Low
2025-06-02 18:25:26_36.4829_-116.2164,2025-06-02 18:25:26,0.2,5.6,36.4829,-116.2164,Low
2025-06-02 18:24:56_36.7966_-116.0732,2025-06-02 18:24:56,0,6.2,36.7966,-116.0732,Low
2025-06-02 18:15:27_34.1333333_-116.9501667,2025-06-02 18:15:27,0.8,6.18,34.1333333,-116.9501667,Low
2025-06-02 18:13:59_44.3346666666667_-115.011666666667,2025-06-02 18:13:59,2.62,7.8,44.3346666666667,-115.011666666667,High
2025-06-02 17:49:50_39.3643_-119.7502,2025-06-02 17:49:50,1.1,5.1,39.3643,-119.7502,Low
2025-06-02 17:42:42_34.2133333_-117.5808333,2025-06-02 17:42:42,1.39,6.46,34.2133333,-117.5808333,Low
2025-06-02 17:42:15_44.3444_-114.9868,2025-06-02 17:42:15,3.2,6.71,44.3444,-114.9868,High
2025-06-02 17:39:17_36.9151649475098_-121.512832641602,2025-06-02 17:39:17,1.46,9.17000007629395,36.9151649475098,-121.512832641602,Low
2025-06-02 17:34:43_36.6996_-116.3116,2025-06-02 17:34:43,-0.3,9.8,36.6996,-116.3116,Low
2025-06-02 17:26:22_44.3463_-114.9922,2025-06-02 17:26:22,3.2,5.971,44.3463,-114.9922,High
2025-06-02 17:01:06_33.2821667_-116.2676667,2025-06-02 17:01:06,0.94,10.12,33.2821667,-116.2676667,Low
2025-06-02 16:57:15_37.5911666666667_-118.822,2025-06-02 16:57:15,0.9,9.6,37.5911666666667,-118.822,Low
2025-06-02 15:43:29_38.7538333333333_-122.431333333333,2025-06-02 15:43:29,1.42,5.01,38.7538333333333,-122.431333333333,Low
2025-06-02 15:33:43_44.3562_-115.0283,2025-06-02 15:33:43,2.5,5,44.3562,-115.0283,High
2025-06-02 15:25:26_33.9585_-116.7031667,2025-06-02 15:25:26,0.73,15.35,33.9585,-116.7031667,Low
2025-06-02 15:15:11_38.2721_-118.6583,2025-06-02 15:15:11,1.4,8,38.2721,-118.6583,Low
2025-06-02 15:14:44_32.7885_-115.4341667,2025-06-02 15:14:44,1.62,11.81,32.7885,-115.4341667,Low
2025-06-02 15:14:03_32.7835_-115.4316667,2025-06-02 15:14:03,1.26,10.12,32.7835,-115.4316667,Low
2025-06-02 14:53:19_36.7972_-116.07,2025-06-02 14:53:19,-0.3,5.8,36.7972,-116.07,Low
2025-06-02 14:39:46_44.3252_-115.0563,2025-06-02 14:39:46,2.6,5,44.3252,-115.0563,High
2025-06-02 14:22:42_44.876_-117.63066666666667,2025-06-02 14:22:42,2.15,7.07,44.876,-117.63066666666667,Low
2025-06-02 14:05:18_35.3531667_-117.8091667,2025-06-02 14:05:18,1.07,7.91,35.3531667,-117.8091667,Low
2025-06-02 13:47:36_40.9468333333333_-111.677666666667,2025-06-02 13:47:36,1.5,5.36,40.9468333333333,-111.677666666667,Low
2025-06-02 13:47:27_40.954_-111.6925,2025-06-02 13:47:27,1.62,7.77,40.954,-111.6925,Low
2025-06-02 13:29:25_38.8183326721191_-122.814834594727,2025-06-02 13:29:25,0.82,2.9300000667572,38.8183326721191,-122.814834594727,Low
2025-06-02 13:15:53_38.8400001525879_-122.838836669922,2025-06-02 13:15:53,1.04,1.46000003814697,38.8400001525879,-122.838836669922,Low
2025-06-02 12:55:06_33.3288333_-116.8876667,2025-06-02 12:55:06,0.64,11.96,33.3288333,-116.8876667,Low
2025-06-02 12:44:48_38.5916666666667_-112.621166666667,2025-06-02 12:44:48,1.11,11.33,38.5916666666667,-112.621166666667,Low
2025-06-02 12:42:34_38.6013333333333_-112.583,2025-06-02 12:42:34,0.82,6.39,38.6013333333333,-112.583,Low
2025-06-02 12:36:26_33.8721667_-116.8356667,2025-06-02 12:36:26,0.94,16.84,33.8721667,-116.8356667,Low
2025-06-02 12:31:42_38.7942_-118.8249,2025-06-02 12:31:42,1.8,12.1,38.7942,-118.8249,Low
2025-06-02 12:30:25_40.7085_-112.057166666667,2025-06-02 12:30:25,0.23,9.38,40.7085,-112.057166666667,Low
2025-06-02 12:25:39_38.8440017700195_-122.838333129883,2025-06-02 12:25:39,1.39,1.95000004768372,38.8440017700195,-122.838333129883,Low
2025-06-02 12:16:57_38.8445014953613_-122.838333129883,2025-06-02 12:16:57,0.7,2.17000007629395,38.8445014953613,-122.838333129883,Low
2025-06-02 12:11:25_36.8015_-116.0772,2025-06-02 12:11:25,-0.1,6.9,36.8015,-116.0772,Low
2025-06-02 12:04:02_33.7511667_-118.2166667,2025-06-02 12:04:02,2.35,12.16,33.7511667,-118.2166667,Low
2025-06-02 11:59:08_38.7924995422363_-122.767333984375,2025-06-02 11:59:08,0.75,2.35999989509583,38.7924995422363,-122.767333984375,Low
2025-06-02 11:58:41_38.7935_-122.769333333333,2025-06-02 11:58:41,0.52,2.38,38.7935,-122.769333333333,Low
2025-06-02 11:58:12_38.836498260498_-122.76000213623,2025-06-02 11:58:12,1,-0.509999990463257,38.836498260498,-122.76000213623,Low
2025-06-02 11:40:11_39.4118333333333_-111.908,2025-06-02 11:40:11,0.94,14.2,39.4118333333333,-111.908,Low
2025-06-02 11:34:24_37.4160003662109_-121.767501831055,2025-06-02 11:34:24,1.86,5.3600001335144,37.4160003662109,-121.767501831055,Low
2025-06-02 11:19:40_38.8223342895508_-122.851997375488,2025-06-02 11:19:40,0.76,2.11999988555908,38.8223342895508,-122.851997375488,Low
2025-06-02 11:16:49_39.3846666666667_-111.8805,2025-06-02 11:16:49,1.53,10.26,39.3846666666667,-111.8805,Low
2025-06-02 11:11:09_40.7133333333333_-112.0555,2025-06-02 11:11:09,0.49,9.45,40.7133333333333,-112.0555,Low
2025-06-02 11:04:53_40.716_-112.053666666667,2025-06-02 11:04:53,0.4,8.6,40.716,-112.053666666667,Low
2025-06-02 10:35:41_41.8885_-112.485166666667,2025-06-02 10:35:41,2.04,4.85,41.8885,-112.485166666667,Low
2025-06-02 10:22:13_36.7979_-116.0714,2025-06-02 10:22:13,-0.4,5.7,36.7979,-116.0714,Low
2025-06-02 10:15:15_32.0671667_-115.4516667,2025-06-02 10:15:15,2.02,9.6,32.0671667,-115.4516667,Low
2025-06-02 10:06:54_44.3627_-115.0494,2025-06-02 10:06:54,2.6,12.484,44.3627,-115.0494,High
2025-06-02 10:00:11_41.5836666666667_-112.416166666667,2025-06-02 10:00:11,0.67,1.52,41.5836666666667,-112.416166666667,Low
2025-06-02 09:57:36_34.025_-117.2531667,2025-06-02 09:57:36,0.67,16.3,34.025,-117.2531667,Low
2025-06-02 09:47:30_38.8146667480469_-122.778503417969,2025-06-02 09:47:30,0.81,1.98000001907349,38.8146667480469,-122.778503417969,Low
2025-06-02 09:44:12_38.8154983520508_-122.772331237793,2025-06-02 09:44:12,1.09,0.469999998807907,38.8154983520508,-122.772331237793,Low
2025-06-02 09:43:18_35.8616667_-117.6726667,2025-06-02 09:43:18,1.04,5.66,35.8616667,-117.6726667,Low
2025-06-02 09:30:41_37.5136666666667_-118.782666666667,2025-06-02 09:30:41,1.01,5.97,37.5136666666667,-118.782666666667,Low
2025-06-02 09:20:51_37.8503341674805_-122.237998962402,2025-06-02 09:20:51,2.54,6.23000001907349,37.8503341674805,-122.237998962402,High
2025-06-02 09:18:03_41.5785_-112.404333333333,2025-06-02 09:18:03,0.21,5.93,41.5785,-112.404333333333,Low
2025-06-02 09:10:32_40.4241666666667_-124.209333333333,2025-06-02 09:10:32,2.06,26.2,40.4241666666667,-124.209333333333,Low
2025-06-02 09:10:18_38.8261680603027_-122.814498901367,2025-06-02 09:10:18,0.76,1.19000005722046,38.8261680603027,-122.814498901367,Low
2025-06-02 09:08:37_38.8263320922852_-122.814331054688,2025-06-02 09:08:37,1.28,1.33000004291534,38.8263320922852,-122.814331054688,Low
2025-06-02 09:02:04_38.8281666666667_-122.813666666667,2025-06-02 09:02:04,1.18,1.27,38.8281666666667,-122.813666666667,Low
2025-06-02 08:54:30_38.8261680603027_-122.814002990723,2025-06-02 08:54:30,1.1,1.29999995231628,38.8261680603027,-122.814002990723,Low
2025-06-02 08:45:39_38.8136672973633_-122.817665100098,2025-06-02 08:45:39,1.34,2.59999990463257,38.8136672973633,-122.817665100098,Low
2025-06-02 08:44:02_38.7939987182617_-122.779663085938,2025-06-02 08:44:02,1.04,3.3199999332428,38.7939987182617,-122.779663085938,Low
2025-06-02 08:43:52_33.2871667_-116.2533333,2025-06-02 08:43:52,1.07,7.43,33.2871667,-116.2533333,Low
2025-06-02 08:41:34_38.8139991760254_-122.821830749512,2025-06-02 08:41:34,1.08,2.23000001907349,38.8139991760254,-122.821830749512,Low
2025-06-02 08:35:00_38.813835144043_-122.819000244141,2025-06-02 08:35:00,0.74,2.47000002861023,38.813835144043,-122.819000244141,Low
2025-06-02 08:27:25_33.4708333_-116.478,2025-06-02 08:27:25,0.55,15.37,33.4708333,-116.478,Low
2025-06-02 08:25:27_33.0256667_-116.5438333,2025-06-02 08:25:27,0.98,15.56,33.0256667,-116.5438333,Low
2025-06-02 08:24:29_38.8358345031738_-122.782165527344,2025-06-02 08:24:29,0.45,2.02999997138977,38.8358345031738,-122.782165527344,Low
2025-06-02 08:16:08_38.787166595459_-122.737663269043,2025-06-02 08:16:08,1.08,1.55999994277954,38.787166595459,-122.737663269043,Low
2025-06-02 08:03:36_38.7868347167969_-122.770835876465,2025-06-02 08:03:36,1.1,3.45000004768372,38.7868347167969,-122.770835876465,Low
2025-06-02 08:03:06_37.4568333333333_-118.829333333333,2025-06-02 08:03:06,0.6,6.31,37.4568333333333,-118.829333333333,Low
2025-06-02 08:01:07_38.8269996643066_-122.815170288086,2025-06-02 08:01:07,0.71,2.40000009536743,38.8269996643066,-122.815170288086,Low
2025-06-02 07:50:19_36.0050010681152_-120.564498901367,2025-06-02 07:50:19,1,2.1800000667572,36.0050010681152,-120.564498901367,Low
2025-06-02 07:49:47_38.8145_-122.817666666667,2025-06-02 07:49:47,0.26,2.95,38.8145,-122.817666666667,Low
2025-06-02 07:48:10_38.8380012512207_-122.803833007812,2025-06-02 07:48:10,0.22,2,38.8380012512207,-122.803833007812,Low
2025-06-02 07:27:26_38.8418350219727_-122.839668273926,2025-06-02 07:27:26,0.23,2.0699999332428,38.8418350219727,-122.839668273926,Low
2025-06-02 07:23:37_36.4611_-116.5655,2025-06-02 07:23:37,0.7,3.3,36.4611,-116.5655,Low
2025-06-02 07:16:03_38.8370018005371_-122.824165344238,2025-06-02 07:16:03,0.72,1.5900000333786,38.8370018005371,-122.824165344238,Low
2025-06-02 07:07:06_37.8541679382324_-122.234832763672,2025-06-02 07:07:06,1.37,6.26000022888184,37.8541679382324,-122.234832763672,Low
2025-06-02 07:06:27_37.8530006408691_-122.239334106445,2025-06-02 07:06:27,2.4,6.15999984741211,37.8530006408691,-122.239334106445,Low
2025-06-02 06:46:20_39.206_-120.3868,2025-06-02 06:46:20,0.9,3.6,39.206,-120.3868,Low
2025-06-02 06:43:50_38.8170013427734_-122.81916809082,2025-06-02 06:43:50,0.76,2.26999998092651,38.8170013427734,-122.81916809082,Low
2025-06-02 06:38:42_34.4923333_-118.1076667,2025-06-02 06:38:42,0.93,13.78,34.4923333,-118.1076667,Low
2025-06-02 06:36:39_38.7835_-122.764166666667,2025-06-02 06:36:39,0.34,4.22,38.7835,-122.764166666667,Low
2025-06-02 06:28:38_44.3492_-115.0258,2025-06-02 06:28:38,3.1,16.74,44.3492,-115.0258,Medium
2025-06-02 06:16:12_33.7885_-116.443,2025-06-02 06:16:12,0.82,10.5,33.7885,-116.443,Low
2025-06-02 06:15:53_38.8223333333333_-122.809833333333,2025-06-02 06:15:53,0.28,3.06,38.8223333333333,-122.809833333333,Low
2025-06-02 06:11:51_34.1466667_-117.7446667,2025-06-02 06:11:51,1.17,8.02,34.1466667,-117.7446667,Low
2025-06-02 06:09:29_38.8105_-122.801166666667,2025-06-02 06:09:29,0.03,3.11,38.8105,-122.801166666667,Low
2025-06-02 05:54:40_32.9433333_-115.5373333,2025-06-02 05:54:40,1.81,9.68,32.9433333,-115.5373333,Low
2025-06-02 05:47:12_38.8146667480469_-122.809501647949,2025-06-02 05:47:12,0.76,2.45000004768372,38.8146667480469,-122.809501647949,Low
2025-06-02 05:46:56_44.3488_-115.0109,2025-06-02 05:46:56,2.6,3.341,44.3488,-115.0109,Medium
2025-06-02 05:30:30_33.0495_-116.604,2025-06-02 05:30:30,0.44,13.23,33.0495,-116.604,Low
2025-06-02 05:27:23_34.645_-119.0565,2025-06-02 05:27:23,1.28,2.5,34.645,-119.0565,Low
2025-06-02 05:22:30_38.8338317871094_-122.783668518066,2025-06-02 05:22:30,0.77,2.10999989509583,38.8338317871094,-122.783668518066,Low
2025-06-02 04:50:02_44.3433333333333_-115.024833333333,2025-06-02 04:50:02,1.84,5.01,44.3433333333333,-115.024833333333,Low
2025-06-02 04:45:30_44.3451666666667_-115.026166666667,2025-06-02 04:45:30,2.09,7.12,44.3451666666667,-115.026166666667,Low
2025-06-02 04:09:30_44.3094_-115.0435,2025-06-02 04:09:30,2.6,15.697,44.3094,-115.0435,Medium
2025-06-02 03:34:38_44.3373_-115.0254,2025-06-02 03:34:38,2.6,4.768,44.3373,-115.0254,Medium
2025-06-02 03:33:19_37.3973333333333_-118.6745,2025-06-02 03:33:19,1.23,12.33,37.3973333333333,-118.6745,Low
2025-06-02 03:27:04_44.3509_-115.0214,2025-06-02 03:27:04,3.1,14.64,44.3509,-115.0214,Medium
2025-06-02 03:19:14_44.341_-115.024166666667,2025-06-02 03:19:14,2.12,4.34,44.341,-115.024166666667,Low
2025-06-02 02:56:32_38.8326666666667_-122.795666666667,2025-06-02 02:56:32,0.25,2.9,38.8326666666667,-122.795666666667,Low
2025-06-02 02:47:39_33.703_-117.4463333,2025-06-02 02:47:39,1.05,9.61,33.703,-117.4463333,Low
2025-06-02 02:40:37_38.8373336791992_-122.829330444336,2025-06-02 02:40:37,0.72,2.04999995231628,38.8373336791992,-122.829330444336,Low
2025-06-02 02:33:45_44.327_-115.0511,2025-06-02 02:33:45,2.9,5.744,44.327,-115.0511,Medium
2025-06-02 02:18:58_44.3423_-115.0233,2025-06-02 02:18:58,3,13.345,44.3423,-115.0233,Medium
2025-06-02 02:15:44_33.2523333_-116.2985,2025-06-02 02:15:44,0.81,10.35,33.2523333,-116.2985,Low
2025-06-02 02:09:20_44.3581_-115.0302,2025-06-02 02:09:20,3.4,12.277,44.3581,-115.0302,Medium
2025-06-02 01:58:23_38.8025016784668_-122.778999328613,2025-06-02 01:58:23,0.75,3.02999997138977,38.8025016784668,-122.778999328613,Low
2025-06-02 01:49:11_38.837833404541_-122.823165893555,2025-06-02 01:49:11,0.66,1.86000001430511,38.837833404541,-122.823165893555,Low
2025-06-02 00:44:02_33.4111667_-116.8523333,2025-06-02 00:44:02,0.57,9.63,33.4111667,-116.8523333,Low
2025-06-02 00:32:24_38.8208333333333_-122.845666666667,2025-06-02 00:32:24,0.24,2.06,38.8208333333333,-122.845666666667,Low
2025-06-02 00:29:44_34.0856667_-117.3111667,2025-06-02 00:29:44,0.84,16.21,34.0856667,-117.3111667,Low
2025-06-02 00:26:23_38.7788314819336_-122.72566986084,2025-06-02 00:26:23,1.6,1.03999996185303,38.7788314819336,-122.72566986084,Low
2025-06-02 00:26:17_38.7789993286133_-122.72550201416,2025-06-02 00:26:17,1.9,1.57000005245209,38.7789993286133,-122.72550201416,Low
2025-06-02 00:13:35_39.3398333333333_-111.899166666667,2025-06-02 00:13:35,0.52,8.19,39.3398333333333,-111.899166666667,Low
2025-06-01 23:56:32_38.7966651916504_-122.77783203125,2025-06-01 23:56:32,1,3.21000003814697,38.7966651916504,-122.77783203125,Low
2025-06-01 23:40:06_35.3478333_-117.7933333,2025-06-01 23:40:06,1.04,6.83,35.3478333,-117.7933333,Low
2025-06-01 23:00:37_33.9378333_-117.9996667,2025-06-01 23:00:37,1.95,9.6,33.9378333,-117.9996667,Low
2025-06-01 22:38:59_38.7458333333333_-122.966666666667,2025-06-01 22:38:59,1.55,3.67,38.7458333333333,-122.966666666667,Low
2025-06-01 22:25:34_35.3306667_-117.8151667,2025-06-01 22:25:34,1.84,8.7,35.3306667,-117.8151667,Low
2025-06-01 22:24:45_33.7253333_-116.826,2025-06-01 22:24:45,0.65,16.52,33.7253333,-116.826,Low
2025-06-01 22:24:21_33.8346667_-116.783,2025-06-01 22:24:21,0.71,15.2,33.8346667,-116.783,Low
2025-06-01 22:17:27_34.017_-117.0148333,2025-06-01 22:17:27,0.85,18.4,34.017,-117.0148333,Low
2025-06-01 22:14:21_36.4041666666667_-120.979,2025-06-01 22:14:21,1.19,10.55,36.4041666666667,-120.979,Low
2025-06-01 22:02:10_38.8306666666667_-122.8145,2025-06-01 22:02:10,0.41,2,38.8306666666667,-122.8145,Low
2025-06-01 22:00:14_38.8211669921875_-122.801330566406,2025-06-01 22:00:14,0.29,2.73000001907349,38.8211669921875,-122.801330566406,Low
2025-06-01 21:50:38_33.8885_-116.8926667,2025-06-01 21:50:38,0.77,11.68,33.8885,-116.8926667,Low
2025-06-01 21:49:11_36.7962_-116.0751,2025-06-01 21:49:11,-0.4,5.4,36.7962,-116.0751,Low
2025-06-01 21:27:20_36.8014_-116.0691,2025-06-01 21:27:20,-0.4,6.2,36.8014,-116.0691,Low
2025-06-01 21:25:43_36.7983_-116.0717,2025-06-01 21:25:43,-0.3,6.2,36.7983,-116.0717,Low
2025-06-01 21:25:08_36.7955_-116.0732,2025-06-01 21:25:08,-0.4,5.5,36.7955,-116.0732,Low
2025-06-01 21:22:28_33.5301667_-116.7273333,2025-06-01 21:22:28,0.36,5.81,33.5301667,-116.7273333,Low
2025-06-01 21:04:55_38.8310012817383_-122.814163208008,2025-06-01 21:04:55,0.76,2.15000009536743,38.8310012817383,-122.814163208008,Low
2025-06-01 20:58:31_36.7968_-116.0694,2025-06-01 20:58:31,-0.5,5.4,36.7968,-116.0694,Low
2025-06-01 20:54:45_35.7446667_-117.5588333,2025-06-01 20:54:45,0.77,4.04,35.7446667,-117.5588333,Low
2025-06-01 20:52:10_38.8173332214355_-122.787170410156,2025-06-01 20:52:10,0.72,1.60000002384186,38.8173332214355,-122.787170410156,Low
2025-06-01 20:43:19_36.4625_-116.5689,2025-06-01 20:43:19,0,4.8,36.4625,-116.5689,Low
2025-06-01 20:42:31_38.8211666666667_-122.799333333333,2025-06-01 20:42:31,0.25,2.91,38.8211666666667,-122.799333333333,Low
2025-06-01 20:33:15_33.7033333_-116.8181667,2025-06-01 20:33:15,0.77,14.12,33.7033333,-116.8181667,Low
2025-06-01 20:30:13_36.5416666666667_-121.141333333333,2025-06-01 20:30:13,1.13,7.48,36.5416666666667,-121.141333333333,Low
2025-06-01 20:25:10_33.484_-116.4721667,2025-06-01 20:25:10,0.92,14.23,33.484,-116.4721667,Low
2025-06-01 20:25:00_38.8341674804688_-122.873336791992,2025-06-01 20:25:00,0.68,3.01999998092651,38.8341674804688,-122.873336791992,Low
2025-06-01 20:22:01_36.8004_-116.0739,2025-06-01 20:22:01,-0.3,7.1,36.8004,-116.0739,Low
2025-06-01 20:18:01_36.7976_-116.0726,2025-06-01 20:18:01,-0.4,5.2,36.7976,-116.0726,Low
2025-06-01 20:02:04_38.8025016784668_-122.778663635254,2025-06-01 20:02:04,0.55,3.11999988555908,38.8025016784668,-122.778663635254,Low
2025-06-01 19:33:22_33.2918333_-116.7406667,2025-06-01 19:33:22,0.79,13.58,33.2918333,-116.7406667,Low
2025-06-01 19:06:15_39.1052_-119.0377,2025-06-01 19:06:15,1.2,9.6,39.1052,-119.0377,Low
2025-06-01 19:04:35_38.7946662902832_-122.726165771484,2025-06-01 19:04:35,0.99,2.24000000953674,38.7946662902832,-122.726165771484,Low
2025-06-01 18:52:31_39.1049_-119.035,2025-06-01 18:52:31,1.2,9.3,39.1049,-119.035,Low
2025-06-01 18:34:56_36.799_-116.0729,2025-06-01 18:34:56,-0.2,6,36.799,-116.0729,Low
2025-06-01 18:33:14_36.7966_-116.0738,2025-06-01 18:33:14,0.3,5.7,36.7966,-116.0738,Low
2025-06-01 18:11:40_38.8211669921875_-122.798164367676,2025-06-01 18:11:40,0.76,3.28999996185303,38.8211669921875,-122.798164367676,Low
2025-06-01 17:56:05_33.4178333_-116.6085,2025-06-01 17:56:05,0.58,10.44,33.4178333,-116.6085,Low
2025-06-01 17:39:40_38.8219985961914_-122.807662963867,2025-06-01 17:39:40,1.41,2.70000004768372,38.8219985961914,-122.807662963867,Low
2025-06-01 17:36:45_33.48_-116.7545,2025-06-01 17:36:45,1.15,9.46,33.48,-116.7545,Low
2025-06-01 17:35:44_33.31_-116.151,2025-06-01 17:35:44,1.44,10.56,33.31,-116.151,Low
2025-06-01 17:14:32_44.341_-115.031,2025-06-01 17:14:32,2.45,8.04,44.341,-115.031,Low
2025-06-01 17:07:13_33.381_-116.3188333,2025-06-01 17:07:13,2.04,11.46,33.381,-116.3188333,Low
2025-06-01 16:32:52_38.7738342285156_-122.740165710449,2025-06-01 16:32:52,1.46,0.400000005960464,38.7738342285156,-122.740165710449,Low
2025-06-01 16:21:48_38.8190002441406_-122.825668334961,2025-06-01 16:21:48,0.95,2.21000003814697,38.8190002441406,-122.825668334961,Low
2025-06-01 16:10:05_38.8339996337891_-122.801666259766,2025-06-01 16:10:05,0.75,2.58999991416931,38.8339996337891,-122.801666259766,Low
2025-06-01 15:37:38_38.8318328857422_-122.814331054688,2025-06-01 15:37:38,0.69,2.41000008583069,38.8318328857422,-122.814331054688,Low
2025-06-01 15:33:20_39.1518_-119.0715,2025-06-01 15:33:20,0.8,8.2,39.1518,-119.0715,Low
2025-06-01 15:32:21_39.1577_-119.076,2025-06-01 15:32:21,1.3,8.3,39.1577,-119.076,Low
2025-06-01 15:29:52_38.7994995117188_-122.799163818359,2025-06-01 15:29:52,1.05,1.16999995708466,38.7994995117188,-122.799163818359,Low
2025-06-01 15:14:18_38.8188333333333_-122.8415,2025-06-01 15:14:18,0.27,2.13,38.8188333333333,-122.8415,Low
2025-06-01 15:13:25_38.8318333333333_-122.8175,2025-06-01 15:13:25,0.41,1.61,38.8318333333333,-122.8175,Low
2025-06-01 15:08:27_33.531_-116.728,2025-06-01 15:08:27,0.4,5.74,33.531,-116.728,Low
2025-06-01 15:05:33_38.8294982910156_-122.817001342773,2025-06-01 15:05:33,0.76,1.9099999666214,38.8294982910156,-122.817001342773,Low
2025-06-01 14:55:21_38.767_-122.734833333333,2025-06-01 14:55:21,0.71,0.75,38.767,-122.734833333333,Low
2025-06-01 14:49:15_38.8311653137207_-122.817001342773,2025-06-01 14:49:15,0.88,1.49000000953674,38.8311653137207,-122.817001342773,Low
2025-06-01 14:46:46_33.4213333_-116.4043333,2025-06-01 14:46:46,0.86,5.76,33.4213333,-116.4043333,Low
2025-06-01 14:37:17_33.8841667_-118.1768333,2025-06-01 14:37:17,1.5,9.02,33.8841667,-118.1768333,Low
2025-06-01 14:26:47_38.8294982910156_-122.81616973877,2025-06-01 14:26:47,1.78,1.76999998092651,38.8294982910156,-122.81616973877,Low
2025-06-01 14:16:24_37.9325_-118.565,2025-06-01 14:16:24,1.63,4.31,37.9325,-118.565,Low
2025-06-01 13:58:32_34.046_-117.25,2025-06-01 13:58:32,1.09,15.59,34.046,-117.25,Low
2025-06-01 13:28:02_33.4153333_-116.6101667,2025-06-01 13:28:02,0.81,11.02,33.4153333,-116.6101667,Low
2025-06-01 13:07:57_38.836498260498_-122.789001464844,2025-06-01 13:07:57,0.77,1.66999995708466,38.836498260498,-122.789001464844,Low
2025-06-01 13:05:18_32.8985_-115.9491667,2025-06-01 13:05:18,1.71,7.81,32.8985,-115.9491667,Low
2025-06-01 13:01:50_38.8193333333333_-122.7615,2025-06-01 13:01:50,0.41,2.24,38.8193333333333,-122.7615,Low
2025-06-01 12:50:45_33.3213333_-116.3498333,2025-06-01 12:50:45,0.9,10.05,33.3213333,-116.3498333,Low
2025-06-01 12:33:16_32.9_-115.9546667,2025-06-01 12:33:16,2.03,7.01,32.9,-115.9546667,Low
2025-06-01 12:21:40_35.0823333_-119.0755,2025-06-01 12:21:40,2.24,12.23,35.0823333,-119.0755,Low
2025-06-01 12:19:48_36.1815_-118.2685,2025-06-01 12:19:48,1.31,6.93,36.1815,-118.2685,Low
2025-06-01 12:19:28_35.0908333_-119.0868333,2025-06-01 12:19:28,1.7,2.15,35.0908333,-119.0868333,Low
2025-06-01 12:08:08_35.3238333_-117.8078333,2025-06-01 12:08:08,1.04,7.26,35.3238333,-117.8078333,Low
2025-06-01 11:56:00_36.7772_-116.0937,2025-06-01 11:56:00,-0.4,5.4,36.7772,-116.0937,Low
2025-06-01 11:53:17_36.7765_-116.0968,2025-06-01 11:53:17,-0.4,4.7,36.7765,-116.0968,Low
2025-06-01 11:41:40_38.8296661376953_-122.817169189453,2025-06-01 11:41:40,0.79,1.73000001907349,38.8296661376953,-122.817169189453,Low
2025-06-01 11:30:34_34.1265_-116.9218333,2025-06-01 11:30:34,0.63,5.68,34.1265,-116.9218333,Low
2025-06-01 11:28:19_35.3216667_-117.8078333,2025-06-01 11:28:19,1.46,6.93,35.3216667,-117.8078333,Low
2025-06-01 11:09:01_36.5425_-113.9175,2025-06-01 11:09:01,1.5,8.2,36.5425,-113.9175,Low
2025-06-01 10:50:10_37.0639_-117.1216,2025-06-01 10:50:10,1.4,5.8,37.0639,-117.1216,Low
2025-06-01 10:43:41_38.53_-116.46,2025-06-01 10:43:41,1.5,5.1,38.53,-116.46,Low
2025-06-01 10:39:56_38.3595_-115.8328,2025-06-01 10:39:56,1.5,0,38.3595,-115.8328,Low
2025-06-01 10:10:54_38.8243333333333_-122.8105,2025-06-01 10:10:54,-0.24,1.65,38.8243333333333,-122.8105,Low
2025-06-01 09:32:40_35.0106667_-118.8701667,2025-06-01 09:32:40,1.24,11.74,35.0106667,-118.8701667,Low
2025-06-01 09:27:02_33.283_-116.2648333,2025-06-01 09:27:02,1.06,10.57,33.283,-116.2648333,Low
2025-06-01 09:14:47_33.5395_-116.7263333,2025-06-01 09:14:47,0.91,4.21,33.5395,-116.7263333,Low
2025-06-01 09:12:14_39.6776657104492_-123.772666931152,2025-06-01 09:12:14,2.1,-0.189999997615814,39.6776657104492,-123.772666931152,Low
2025-06-01 09:07:40_33.5305_-116.7291667,2025-06-01 09:07:40,0.73,5.75,33.5305,-116.7291667,Low
2025-06-01 08:58:52_38.8203333333333_-122.784166666667,2025-06-01 08:58:52,0.46,2.32,38.8203333333333,-122.784166666667,Low
2025-06-01 08:57:24_44.3346666666667_-115.0125,2025-06-01 08:57:24,1.13,7.56,44.3346666666667,-115.0125,Low
2025-06-01 08:48:49_38.8079986572266_-122.773666381836,2025-06-01 08:48:49,1.05,1.89999997615814,38.8079986572266,-122.773666381836,Low
2025-06-01 08:42:32_36.6143333333333_-121.233333333333,2025-06-01 08:42:32,0.94,5.6,36.6143333333333,-121.233333333333,Low
2025-06-01 08:39:15_32.7031667_-115.8911667,2025-06-01 08:39:15,1.72,8.44,32.7031667,-115.8911667,Low
2025-06-01 08:12:30_33.5311667_-116.7308333,2025-06-01 08:12:30,0.62,5.6,33.5311667,-116.7308333,Low
2025-06-01 08:02:22_33.5341667_-116.7276667,2025-06-01 08:02:22,0.21,6.29,33.5341667,-116.7276667,Low
2025-06-01 07:29:39_33.2815_-116.2658333,2025-06-01 07:29:39,1.44,10.47,33.2815,-116.2658333,Low
2025-06-01 07:19:44_38.818000793457_-122.822166442871,2025-06-01 07:19:44,0.37,2.53999996185303,38.818000793457,-122.822166442871,Low
2025-06-01 07:07:34_40.7141666666667_-112.047333333333,2025-06-01 07:07:34,1.36,8.68,40.7141666666667,-112.047333333333,Low
2025-06-01 07:07:30_40.7146666666667_-112.053166666667,2025-06-01 07:07:30,1.22,9.08,40.7146666666667,-112.053166666667,Low
2025-06-01 07:03:23_38.7696_-119.2624,2025-06-01 07:03:23,1.2,8.9,38.7696,-119.2624,Low
2025-06-01 06:58:21_38.771167755127_-122.736000061035,2025-06-01 06:58:21,1.21,0.850000023841858,38.771167755127,-122.736000061035,Low
2025-06-01 06:55:58_38.7943344116211_-122.724166870117,2025-06-01 06:55:58,1.45,1.20000004768372,38.7943344116211,-122.724166870117,Low
2025-06-01 06:55:33_33.2533333_-116.3756667,2025-06-01 06:55:33,0.67,3.94,33.2533333,-116.3756667,Low
2025-06-01 06:43:01_35.7905_-118.4741667,2025-06-01 06:43:01,1.03,3.43,35.7905,-118.4741667,Low
2025-06-01 06:26:16_33.3791667_-116.8936667,2025-06-01 06:26:16,0.79,5.09,33.3791667,-116.8936667,Low
2025-06-01 06:05:22_38.8071670532227_-122.77466583252,2025-06-01 06:05:22,1.25,1.9099999666214,38.8071670532227,-122.77466583252,Low
2025-06-01 05:44:03_38.8354988098145_-122.789001464844,2025-06-01 05:44:03,0.78,1.74000000953674,38.8354988098145,-122.789001464844,Low
2025-06-01 05:42:50_38.6562_-119.7986,2025-06-01 05:42:50,1.5,10,38.6562,-119.7986,Low
2025-06-01 05:24:37_40.7105_-112.055166666667,2025-06-01 05:24:37,0.99,9.38,40.7105,-112.055166666667,Low
2025-06-01 05:18:22_38.8264999389648_-122.813163757324,2025-06-01 05:18:22,1.33,2.03999996185303,38.8264999389648,-122.813163757324,Low
2025-06-01 05:15:51_33.3556667_-116.9185,2025-06-01 05:15:51,0.6,9.42,33.3556667,-116.9185,Low
2025-06-01 04:20:59_33.9586667_-117.0751667,2025-06-01 04:20:59,1.74,11.03,33.9586667,-117.0751667,Low
2025-06-01 04:19:20_33.6916667_-117.3936667,2025-06-01 04:19:20,0.81,8.34,33.6916667,-117.3936667,Low
2025-06-01 03:51:30_38.8201666666667_-122.764333333333,2025-06-01 03:51:30,-0.22,2.15,38.8201666666667,-122.764333333333,Low
2025-06-01 03:40:09_36.7497_-116.1524,2025-06-01 03:40:09,-0.2,3.9,36.7497,-116.1524,Low
2025-06-01 03:38:30_33.643_-116.8986667,2025-06-01 03:38:30,2.02,16.7,33.643,-116.8986667,Low
2025-06-01 03:36:10_35.7446667_-117.5663333,2025-06-01 03:36:10,0.85,6.2,35.7446667,-117.5663333,Low
2025-06-01 03:23:06_34.2045_-117.0446667,2025-06-01 03:23:06,0.94,3.19,34.2045,-117.0446667,Low
2025-06-01 03:16:50_38.8245010375977_-122.801498413086,2025-06-01 03:16:50,0.76,2.60999989509583,38.8245010375977,-122.801498413086,Low
2025-06-01 03:16:37_39.3552_-119.9664,2025-06-01 03:16:37,0.4,5,39.3552,-119.9664,Low
2025-06-01 02:58:56_38.7943333333333_-122.725666666667,2025-06-01 02:58:56,0.48,1.96,38.7943333333333,-122.725666666667,Low
2025-06-01 02:51:59_33.4918333_-116.7845,2025-06-01 02:51:59,0.81,7.92,33.4918333,-116.7845,Low
2025-06-01 02:47:46_33.9513333_-116.629,2025-06-01 02:47:46,1.02,13.93,33.9513333,-116.629,Low
2025-06-01 02:32:43_38.7878341674805_-122.767669677734,2025-06-01 02:32:43,0.75,2.86999988555908,38.7878341674805,-122.767669677734,Low
2025-06-01 02:23:43_37.5613327026367_-121.751502990723,2025-06-01 02:23:43,1.38,1.03999996185303,37.5613327026367,-121.751502990723,Low
2025-06-01 02:18:30_38.816_-122.8195,2025-06-01 02:18:30,0.07,1.28,38.816,-122.8195,Low
2025-06-01 02:18:13_38.79_-122.735,2025-06-01 02:18:13,-0.09,1.6,38.79,-122.735,Low
2025-06-01 02:17:58_38.8253333333333_-122.760666666667,2025-06-01 02:17:58,-0.01,2.08,38.8253333333333,-122.760666666667,Low
2025-06-01 02:15:23_38.8153343200684_-122.816329956055,2025-06-01 02:15:23,1.27,1.01999998092651,38.8153343200684,-122.816329956055,Low
2025-06-01 01:58:07_34.0286667_-117.1483333,2025-06-01 01:58:07,0.79,4.6,34.0286667,-117.1483333,Low
2025-06-01 01:42:40_39.2693333333333_-122.7695,2025-06-01 01:42:40,1.64,4.84,39.2693333333333,-122.7695,Low
2025-06-01 01:35:33_37.5113333333333_-118.7855,2025-06-01 01:35:33,0.91,5.66,37.5113333333333,-118.7855,Low
2025-06-01 01:25:13_39.5349998474121_-123.355003356934,2025-06-01 01:25:13,1.72,7.94000005722046,39.5349998474121,-123.355003356934,Low
2025-06-01 01:22:16_37.433_-121.672,2025-06-01 01:22:16,0.63,9,37.433,-121.672,Low
2025-06-01 01:16:58_38.814998626709_-122.816497802734,2025-06-01 01:16:58,1,1.96000003814697,38.814998626709,-122.816497802734,Low
2025-06-01 01:07:32_37.5141666666667_-118.789166666667,2025-06-01 01:07:32,1.07,5.52,37.5141666666667,-118.789166666667,Low
2025-06-01 00:57:32_38.8321647644043_-122.800003051758,2025-06-01 00:57:32,0.77,2.07999992370605,38.8321647644043,-122.800003051758,Low
2025-06-01 00:42:59_38.6597_-119.7834,2025-06-01 00:42:59,1.2,8.1,38.6597,-119.7834,Low
2025-06-01 00:37:21_36.3035011291504_-120.884162902832,2025-06-01 00:37:21,2.04,5.92000007629395,36.3035011291504,-120.884162902832,Low
2025-06-01 00:35:08_38.8148345947266_-122.819999694824,2025-06-01 00:35:08,0.8,1.52999997138977,38.8148345947266,-122.819999694824,Low
2025-06-01 00:34:40_38.8208351135254_-122.763000488281,2025-06-01 00:34:40,0.78,2.09999990463257,38.8208351135254,-122.763000488281,Low
2025-06-01 00:03:30_38.8415_-122.839333333333,2025-06-01 00:03:30,0.19,1.2,38.8415,-122.839333333333,Low
2025-05-31 23:42:55_38.8321647644043_-122.817001342773,2025-05-31 23:42:55,0.66,1.66999995708466,38.8321647644043,-122.817001342773,Low
2025-05-31 23:28:43_37.2795_-122.097333333333,2025-05-31 23:28:43,0.63,5.63,37.2795,-122.097333333333,Low
2025-05-31 23:20:46_38.7949981689453_-122.811836242676,2025-05-31 23:20:46,0.72,3.34999990463257,38.7949981689453,-122.811836242676,Low
2025-05-31 23:11:45_38.7849998474121_-122.760665893555,2025-05-31 23:11:45,0.76,3.76999998092651,38.7849998474121,-122.760665893555,Low
2025-05-31 23:10:33_38.7818333333333_-122.7635,2025-05-31 23:10:33,3.4,3.22,38.7818333333333,-122.7635,Medium
2025-05-31 22:54:28_33.2353333_-116.0946667,2025-05-31 22:54:28,0.94,9.11,33.2353333,-116.0946667,Low
2025-05-31 22:42:56_32.8651667_-116.0636667,2025-05-31 22:42:56,1.25,8.18,32.8651667,-116.0636667,Low
2025-05-31 22:35:46_38.8296661376953_-122.799163818359,2025-05-31 22:35:46,0.23,1.70000004768372,38.8296661376953,-122.799163818359,Low
2025-05-31 22:33:22_38.4501_-116.4881,2025-05-31 22:33:22,1.3,7.9,38.4501,-116.4881,Low
2025-05-31 22:14:43_38.8370018005371_-122.784332275391,2025-05-31 22:14:43,0.79,1.60000002384186,38.8370018005371,-122.784332275391,Low
2025-05-31 22:00:36_38.7943344116211_-122.778663635254,2025-05-31 22:00:36,0.73,3.33999991416931,38.7943344116211,-122.778663635254,Low
2025-05-31 21:53:41_35.3378333_-117.8033333,2025-05-31 21:53:41,0.8,6.23,35.3378333,-117.8033333,Low
2025-05-31 21:37:22_38.839168548584_-122.838333129883,2025-05-31 21:37:22,1.67,1.54999995231628,38.839168548584,-122.838333129883,Low
2025-05-31 21:37:12_38.8395004272461_-122.838333129883,2025-05-31 21:37:12,0.45,1.49000000953674,38.8395004272461,-122.838333129883,Low
2025-05-31 21:30:21_38.8376655578613_-122.838500976562,2025-05-31 21:30:21,0.35,1.22000002861023,38.8376655578613,-122.838500976562,Low
2025-05-31 21:28:34_38.8398323059082_-122.839836120605,2025-05-31 21:28:34,0.74,1.17999994754791,38.8398323059082,-122.839836120605,Low
2025-05-31 21:27:59_38.844165802002_-122.84700012207,2025-05-31 21:27:59,1.31,0.730000019073486,38.844165802002,-122.84700012207,Low
2025-05-31 21:16:48_38.843334197998_-122.840835571289,2025-05-31 21:16:48,1.37,1.98000001907349,38.843334197998,-122.840835571289,Low
2025-05-31 20:22:16_39.6686_-121.1098,2025-05-31 20:22:16,1.1,4.5,39.6686,-121.1098,Low
2025-05-31 20:18:10_38.8323333333333_-122.800333333333,2025-05-31 20:18:10,0.35,2.28,38.8323333333333,-122.800333333333,Low
2025-05-31 20:16:13_38.8101654052734_-122.737998962402,2025-05-31 20:16:13,1.35,0.699999988079071,38.8101654052734,-122.737998962402,Low
2025-05-31 20:09:41_38.8110008239746_-122.737998962402,2025-05-31 20:09:41,0.76,1,38.8110008239746,-122.737998962402,Low
2025-05-31 20:03:11_38.811_-122.737,2025-05-31 20:03:11,0.34,1.21,38.811,-122.737,Low
2025-05-31 20:00:18_39.1514_-119.0861,2025-05-31 20:00:18,1.2,7.3,39.1514,-119.0861,Low
2025-05-31 19:57:10_38.8136672973633_-122.788330078125,2025-05-31 19:57:10,0.28,3.59999990463257,38.8136672973633,-122.788330078125,Low
2025-05-31 19:54:44_38.8206672668457_-122.841667175293,2025-05-31 19:54:44,0.72,2.13000011444092,38.8206672668457,-122.841667175293,Low
2025-05-31 19:48:20_38.793_-122.756666666667,2025-05-31 19:48:20,0.48,0.62,38.793,-122.756666666667,Low
2025-05-31 19:47:50_38.79_-122.795833333333,2025-05-31 19:47:50,0.23,0.49,38.79,-122.795833333333,Low
2025-05-31 19:46:10_38.8370018005371_-122.804496765137,2025-05-31 19:46:10,1.11,2.75,38.8370018005371,-122.804496765137,Low
2025-05-31 19:25:14_38.1626_-117.8852,2025-05-31 19:25:14,2,8.1,38.1626,-117.8852,Low
2025-05-31 19:18:30_36.7296_-116.2471,2025-05-31 19:18:30,-0.3,7.8,36.7296,-116.2471,Low
2025-05-31 19:14:20_33.3833333_-116.3055,2025-05-31 19:14:20,0.56,11.71,33.3833333,-116.3055,Low
2025-05-31 18:47:48_33.1136667_-116.6228333,2025-05-31 18:47:48,1.62,12.34,33.1136667,-116.6228333,Low
2025-05-31 18:43:26_38.8385009765625_-122.803001403809,2025-05-31 18:43:26,0.21,2.15000009536743,38.8385009765625,-122.803001403809,Low
2025-05-31 18:23:27_38.7888336181641_-122.783668518066,2025-05-31 18:23:27,0.76,3.21000003814697,38.7888336181641,-122.783668518066,Low
2025-05-31 18:13:35_38.3342_-115.8184,2025-05-31 18:13:35,1.6,0,38.3342,-115.8184,Low
2025-05-31 18:11:03_35.306_-118.6,2025-05-31 18:11:03,1.36,5.08,35.306,-118.6,Low
2025-05-31 18:08:09_38.8238334655762_-122.843330383301,2025-05-31 18:08:09,0.75,2.16000008583069,38.8238334655762,-122.843330383301,Low
2025-05-31 18:04:44_36.2291679382324_-120.793334960938,2025-05-31 18:04:44,1.12,7.59000015258789,36.2291679382324,-120.793334960938,Low
2025-05-31 17:24:17_38.7866668701172_-122.772331237793,2025-05-31 17:24:17,1.06,0.740000009536743,38.7866668701172,-122.772331237793,Low
2025-05-31 17:09:33_38.0965003967285_-121.905830383301,2025-05-31 17:09:33,1.95,20.0900001525879,38.0965003967285,-121.905830383301,Low
2025-05-31 17:08:51_38.8266677856445_-122.798164367676,2025-05-31 17:08:51,0.76,2.59999990463257,38.8266677856445,-122.798164367676,Low
2025-05-31 16:53:51_36.7767_-116.0969,2025-05-31 16:53:51,-0.4,5,36.7767,-116.0969,Low
2025-05-31 16:45:29_34.2398333_-117.4506667,2025-05-31 16:45:29,0.75,14.08,34.2398333,-117.4506667,Low
2025-05-31 16:38:36_33.1828333_-116.1471667,2025-05-31 16:38:36,0.64,11.29,33.1828333,-116.1471667,Low
2025-05-31 16:31:54_38.7939987182617_-122.765830993652,2025-05-31 16:31:54,0.95,3.5,38.7939987182617,-122.765830993652,Low
2025-05-31 16:18:26_36.6678_-116.1223,2025-05-31 16:18:26,-0.1,1.4,36.6678,-116.1223,Low
2025-05-31 16:14:18_39.1721_-119.0377,2025-05-31 16:14:18,1,4.7,39.1721,-119.0377,Low
2025-05-31 15:29:21_35.9923324584961_-120.550163269043,2025-05-31 15:29:21,0.7,2.84999990463257,35.9923324584961,-120.550163269043,Low
2025-05-31 15:24:53_33.2521667_-116.4193333,2025-05-31 15:24:53,0.36,2.34,33.2521667,-116.4193333,Low
2025-05-31 15:01:05_32.805_-115.46,2025-05-31 15:01:05,1.83,12.51,32.805,-115.46,Low
2025-05-31 14:48:48_39.1683_-119.0377,2025-05-31 14:48:48,0.9,7.6,39.1683,-119.0377,Low
2025-05-31 14:42:27_37.9099998474121_-122.080497741699,2025-05-31 14:42:27,2.11,9.3100004196167,37.9099998474121,-122.080497741699,Low
2025-05-31 14:40:38_33.8648333_-117.685,2025-05-31 14:40:38,1.37,11.18,33.8648333,-117.685,Low
2025-05-31 14:33:19_38.7910003662109_-122.776168823242,2025-05-31 14:33:19,1.11,0.46000000834465,38.7910003662109,-122.776168823242,Low
2025-05-31 14:31:32_32.7258333_-115.327,2025-05-31 14:31:32,1.26,18.71,32.7258333,-115.327,Low
2025-05-31 14:31:26_32.8111667_-115.4643333,2025-05-31 14:31:26,1.3,11.63,32.8111667,-115.4643333,Low
2025-05-31 14:21:49_33.3166667_-116.1961667,2025-05-31 14:21:49,0.5,11.39,33.3166667,-116.1961667,Low
2025-05-31 14:07:45_33.156_-116.6615,2025-05-31 14:07:45,0.68,18.19,33.156,-116.6615,Low
2025-05-31 14:07:38_33.1451667_-116.679,2025-05-31 14:07:38,1.02,17.01,33.1451667,-116.679,Low
2025-05-31 13:59:19_38.6766_-119.4582,2025-05-31 13:59:19,1,12.8,38.6766,-119.4582,Low
2025-05-31 13:50:20_37.6245_-119.024166666667,2025-05-31 13:50:20,0.4,1.75,37.6245,-119.024166666667,Low
2025-05-31 13:49:52_37.6296666666667_-119.026166666667,2025-05-31 13:49:52,0.43,0.23,37.6296666666667,-119.026166666667,Low
2025-05-31 13:49:47_37.6215_-119.022666666667,2025-05-31 13:49:47,0.32,2.35,37.6215,-119.022666666667,Low
2025-05-31 13:41:41_36.9934_-115.9872,2025-05-31 13:41:41,0.4,7.5,36.9934,-115.9872,Low
2025-05-31 13:27:01_36.7774_-116.0967,2025-05-31 13:27:01,-0.4,5.2,36.7774,-116.0967,Low
2025-05-31 13:13:12_38.8156666666667_-122.7625,2025-05-31 13:13:12,0.4,2.02,38.8156666666667,-122.7625,Low
2025-05-31 12:52:13_33.9673333_-117.4628333,2025-05-31 12:52:13,0.79,2.79,33.9673333,-117.4628333,Low
2025-05-31 12:33:29_38.1667_-117.8966,2025-05-31 12:33:29,1.2,13.2,38.1667,-117.8966,Low
2025-05-31 12:20:13_37.2821666666667_-121.652333333333,2025-05-31 12:20:13,1.43,6.64,37.2821666666667,-121.652333333333,Low
2025-05-31 12:15:19_37.5796666666667_-118.477166666667,2025-05-31 12:15:19,2.08,11.83,37.5796666666667,-118.477166666667,Low
2025-05-31 12:10:59_36.6365_-115.9871,2025-05-31 12:10:59,0.1,0,36.6365,-115.9871,Low
2025-05-31 12:09:22_38.7606666666667_-122.729,2025-05-31 12:09:22,0.25,1.43,38.7606666666667,-122.729,Low
2025-05-31 12:05:29_38.7961666666667_-122.795666666667,2025-05-31 12:05:29,0.28,0.33,38.7961666666667,-122.795666666667,Low
2025-05-31 12:05:26_34.2876667_-118.3128333,2025-05-31 12:05:26,0.93,13.91,34.2876667,-118.3128333,Low
2025-05-31 11:53:19_33.885_-116.2448333,2025-05-31 11:53:19,1.52,5.36,33.885,-116.2448333,Low
2025-05-31 11:51:45_38.8143333333333_-122.820166666667,2025-05-31 11:51:45,-0.1,2.56,38.8143333333333,-122.820166666667,Low
2025-05-31 11:40:45_38.814_-122.817666666667,2025-05-31 11:40:45,0.38,1.58,38.814,-122.817666666667,Low
2025-05-31 11:24:41_35.3341667_-117.8011667,2025-05-31 11:24:41,0.85,11.24,35.3341667,-117.8011667,Low
2025-05-31 11:19:59_33.3746667_-116.8608333,2025-05-31 11:19:59,0.74,9.85,33.3746667,-116.8608333,Low
2025-05-31 10:37:14_35.3223333_-117.8026667,2025-05-31 10:37:14,1.13,6.81,35.3223333,-117.8026667,Low
2025-05-31 10:24:45_33.532_-116.7283333,2025-05-31 10:24:45,0.37,5.52,33.532,-116.7283333,Low
2025-05-31 10:24:06_38.814998626709_-122.793998718262,2025-05-31 10:24:06,1.09,1.9099999666214,38.814998626709,-122.793998718262,Low
2025-05-31 10:01:12_36.7779_-116.0937,2025-05-31 10:01:12,-0.5,5.3,36.7779,-116.0937,Low
2025-05-31 09:51:29_38.7511672973633_-122.694000244141,2025-05-31 09:51:29,1.19,0.389999985694885,38.7511672973633,-122.694000244141,Low
2025-05-31 09:51:23_37.4635_-118.762666666667,2025-05-31 09:51:23,0.77,11.35,37.4635,-118.762666666667,Low
2025-05-31 09:45:30_33.2296667_-116.7366667,2025-05-31 09:45:30,0.88,11.23,33.2296667,-116.7366667,Low
2025-05-31 09:35:28_37.4663333333333_-118.776666666667,2025-05-31 09:35:28,0.89,9.59,37.4663333333333,-118.776666666667,Low
2025-05-31 09:23:18_33.9323333_-117.0625,2025-05-31 09:23:18,0.52,7.5,33.9323333,-117.0625,Low
2025-05-31 09:07:19_38.8178329467773_-122.766334533691,2025-05-31 09:07:19,1.04,1.87000000476837,38.8178329467773,-122.766334533691,Low
2025-05-31 09:05:51_39.6768333333333_-123.757666666667,2025-05-31 09:05:51,1.87,-0.22,39.6768333333333,-123.757666666667,Low
2025-05-31 09:05:37_34.414_-119.3963333,2025-05-31 09:05:37,1.15,-0.35,34.414,-119.3963333,Low
2025-05-31 08:59:23_36.0698333_-117.878,2025-05-31 08:59:23,0.79,2.32,36.0698333,-117.878,Low
2025-05-31 08:38:08_38.8411674499512_-122.824165344238,2025-05-31 08:38:08,1.14,1.64999997615814,38.8411674499512,-122.824165344238,Low
2025-05-31 08:19:28_37.875_-122.217833333333,2025-05-31 08:19:28,2.26,6.94,37.875,-122.217833333333,Low
2025-05-31 08:07:39_33.1666667_-116.5273333,2025-05-31 08:07:39,0.8,16.22,33.1666667,-116.5273333,Low
2025-05-31 08:03:54_33.9193333_-116.7153333,2025-05-31 08:03:54,1.22,16.21,33.9193333,-116.7153333,Low
2025-05-31 07:50:44_36.726_-116.2949,2025-05-31 07:50:44,-0.4,8.3,36.726,-116.2949,Low
2025-05-31 07:48:05_38.829833984375_-122.812835693359,2025-05-31 07:48:05,0.76,1.72000002861023,38.829833984375,-122.812835693359,Low
2025-05-31 07:40:18_38.8228333333333_-122.842333333333,2025-05-31 07:40:18,-0.13,2.06,38.8228333333333,-122.842333333333,Low
2025-05-31 07:39:04_36.7769_-116.0944,2025-05-31 07:39:04,-0.3,5.1,36.7769,-116.0944,Low
2025-05-31 07:38:16_33.2015_-115.5891667,2025-05-31 07:38:16,0.82,2.91,33.2015,-115.5891667,Low
2025-05-31 07:37:13_38.8363342285156_-122.803497314453,2025-05-31 07:37:13,1.08,2.26999998092651,38.8363342285156,-122.803497314453,Low
2025-05-31 07:35:30_33.473_-116.5046667,2025-05-31 07:35:30,0.82,8.08,33.473,-116.5046667,Low
2025-05-31 07:16:19_37.2579_-118.2015,2025-05-31 07:16:19,1.4,7.6,37.2579,-118.2015,Low
2025-05-31 07:11:37_38.8326683044434_-122.791000366211,2025-05-31 07:11:37,1.56,1.74000000953674,38.8326683044434,-122.791000366211,Low
2025-05-31 07:10:09_38.8310012817383_-122.791000366211,2025-05-31 07:10:09,2.32,1.5900000333786,38.8310012817383,-122.791000366211,Low
2025-05-31 07:04:15_38.8411674499512_-122.823165893555,2025-05-31 07:04:15,0.75,1.70000004768372,38.8411674499512,-122.823165893555,Low
2025-05-31 06:44:38_38.8311653137207_-122.815330505371,2025-05-31 06:44:38,0.77,2.28999996185303,38.8311653137207,-122.815330505371,Low
2025-05-31 06:34:02_38.7994995117188_-122.763664245605,2025-05-31 06:34:02,0.78,3.75,38.7994995117188,-122.763664245605,Low
2025-05-31 06:21:00_34.5618333_-119.0315,2025-05-31 06:21:00,1.24,18.32,34.5618333,-119.0315,Low
2025-05-31 06:18:31_34.5556667_-119.0235,2025-05-31 06:18:31,0.95,22.46,34.5556667,-119.0235,Low
2025-05-31 06:18:00_34.5623333_-119.0283333,2025-05-31 06:18:00,1.26,19.27,34.5623333,-119.0283333,Low
2025-05-31 06:17:05_33.1988333_-116.341,2025-05-31 06:17:05,0.67,11.92,33.1988333,-116.341,Low
2025-05-31 06:01:00_38.8228340148926_-122.853668212891,2025-05-31 06:01:00,0.94,2.42000007629395,38.8228340148926,-122.853668212891,Low
2025-05-31 05:29:51_38.8221664428711_-122.80549621582,2025-05-31 05:29:51,0.76,2.54999995231628,38.8221664428711,-122.80549621582,Low
2025-05-31 05:25:31_45.351_-121.754,2025-05-31 05:25:31,0.41000000000000003,4.58,45.351,-121.754,Low
2025-05-31 05:23:23_36.7273_-115.9197,2025-05-31 05:23:23,0.3,4.2,36.7273,-115.9197,Low
2025-05-31 05:20:15_38.817_-122.825166666667,2025-05-31 05:20:15,-0.11,2.24,38.817,-122.825166666667,Low
2025-05-31 04:55:35_35.7871666666667_-120.344333333333,2025-05-31 04:55:35,0.73,8.47,35.7871666666667,-120.344333333333,Low
2025-05-31 04:52:02_38.8225_-122.852,2025-05-31 04:52:02,0.26,2.44,38.8225,-122.852,Low
2025-05-31 04:48:19_33.537_-116.7193333,2025-05-31 04:48:19,0.55,6.49,33.537,-116.7193333,Low
2025-05-31 04:47:38_38.7918333333333_-122.761333333333,2025-05-31 04:47:38,0.21,1.23,38.7918333333333,-122.761333333333,Low
2025-05-31 04:42:59_38.8253326416016_-122.809501647949,2025-05-31 04:42:59,0.78,3.77999997138977,38.8253326416016,-122.809501647949,Low
2025-05-31 04:39:53_38.8175010681152_-122.823997497559,2025-05-31 04:39:53,0.72,3.97000002861023,38.8175010681152,-122.823997497559,Low
2025-05-31 04:38:13_37.4876666666667_-121.492833333333,2025-05-31 04:38:13,0.95,6.36,37.4876666666667,-121.492833333333,Low
2025-05-31 04:02:55_37.495_-113.358333333333,2025-05-31 04:02:55,0.79,4.94,37.495,-113.358333333333,Low
2025-05-31 03:37:53_32.0355_-116.5395,2025-05-31 03:37:53,1.85,6.15,32.0355,-116.5395,Low
2025-05-31 03:20:36_38.7918333333333_-122.758833333333,2025-05-31 03:20:36,0.19,0.63,38.7918333333333,-122.758833333333,Low
2025-05-31 03:18:47_38.8258323669434_-122.853668212891,2025-05-31 03:18:47,0.77,2.02999997138977,38.8258323669434,-122.853668212891,Low
2025-05-31 03:16:13_38.7926666666667_-122.757333333333,2025-05-31 03:16:13,0.72,0.04,38.7926666666667,-122.757333333333,Low
2025-05-31 03:09:04_38.8139991760254_-122.81916809082,2025-05-31 03:09:04,0.27,2.61999988555908,38.8139991760254,-122.81916809082,Low
2025-05-31 02:58:37_38.8346672058105_-122.813163757324,2025-05-31 02:58:37,0.79,1.98000001907349,38.8346672058105,-122.813163757324,Low
2025-05-31 02:31:56_40.0393333333333_-123.773,2025-05-31 02:31:56,1.68,19.82,40.0393333333333,-123.773,Low
2025-05-31 02:16:31_38.8393325805664_-122.791831970215,2025-05-31 02:16:31,0.68,2.15000009536743,38.8393325805664,-122.791831970215,Low
2025-05-31 02:15:39_33.4768333_-116.4513333,2025-05-31 02:15:39,1.27,12.54,33.4768333,-116.4513333,Low
2025-05-31 02:05:17_38.8366661071777_-122.78450012207,2025-05-31 02:05:17,1.05,2.15000009536743,38.8366661071777,-122.78450012207,Low
2025-05-31 01:56:17_36.4518333333333_-121.025,2025-05-31 01:56:17,1.01,2.26,36.4518333333333,-121.025,Low
2025-05-31 01:52:36_38.7611656188965_-122.730667114258,2025-05-31 01:52:36,1.3,2.58999991416931,38.7611656188965,-122.730667114258,Low
2025-05-31 01:22:43_38.8266677856445_-122.765335083008,2025-05-31 01:22:43,0.71,1.98000001907349,38.8266677856445,-122.765335083008,Low
2025-05-31 01:19:14_38.826831817627_-122.853164672852,2025-05-31 01:19:14,0.65,2.34999990463257,38.826831817627,-122.853164672852,Low
2025-05-31 01:13:01_33.189_-116.04,2025-05-31 01:13:01,1.58,5.36,33.189,-116.04,Low
2025-05-31 01:04:04_37.0203_-116.1279,2025-05-31 01:04:04,0.5,3.2,37.0203,-116.1279,Low
2025-05-31 00:41:42_37.9493333333333_-122.030833333333,2025-05-31 00:41:42,3.06,14.81,37.9493333333333,-122.030833333333,Medium
2025-05-31 00:35:51_38.7854995727539_-122.744499206543,2025-05-31 00:35:51,0.47,1.08000004291534,38.7854995727539,-122.744499206543,Low
2025-05-31 00:35:36_33.8253333_-117.4841667,2025-05-31 00:35:36,1.5,-0.51,33.8253333,-117.4841667,Low
2025-05-31 00:31:56_34.9933333_-118.1998333,2025-05-31 00:31:56,1.28,-0.94,34.9933333,-118.1998333,Low
2025-05-31 00:31:49_38.8431663513184_-122.876167297363,2025-05-31 00:31:49,1.12,2.02999997138977,38.8431663513184,-122.876167297363,Low
2025-05-31 00:31:42_38.8409996032715_-122.877334594727,2025-05-31 00:31:42,0.48,2.45000004768372,38.8409996032715,-122.877334594727,Low
2025-05-31 00:10:16_37.0955_-118.228666666667,2025-05-31 00:10:16,1.82,12.69,37.0955,-118.228666666667,Low
2025-05-31 00:10:11_38.8183326721191_-122.801498413086,2025-05-31 00:10:11,0.98,2.33999991416931,38.8183326721191,-122.801498413086,Low
2025-05-31 00:03:23_33.2283333_-117.1765,2025-05-31 00:03:23,0.74,-0.26,33.2283333,-117.1765,Low
2025-05-30 23:59:50_33.5651667_-117.4978333,2025-05-30 23:59:50,1.09,-0.53,33.5651667,-117.4978333,Low
2025-05-30 23:47:11_36.0036667_-117.7998333,2025-05-30 23:47:11,0.04,1.88,36.0036667,-117.7998333,Low
2025-05-30 23:46:47_33.373_-116.9465,2025-05-30 23:46:47,1.01,10.76,33.373,-116.9465,Low
2025-05-30 23:39:40_35.0988333_-118.2663333,2025-05-30 23:39:40,1.48,2.57,35.0988333,-118.2663333,Low
2025-05-30 23:25:12_33.0555_-115.0075,2025-05-30 23:25:12,1.42,-0.2,33.0555,-115.0075,Low
2025-05-30 23:02:33_33.4098333_-116.6408333,2025-05-30 23:02:33,0.74,6.92,33.4098333,-116.6408333,Low
2025-05-30 22:58:30_33.1643333_-116.4376667,2025-05-30 22:58:30,0.35,5.74,33.1643333,-116.4376667,Low
2025-05-30 22:26:09_36.9943_-115.223,2025-05-30 22:26:09,0.9,6,36.9943,-115.223,Low
2025-05-30 21:13:13_38.8230018615723_-122.802833557129,2025-05-30 21:13:13,0.92,3.04999995231628,38.8230018615723,-122.802833557129,Low
2025-05-30 21:10:15_38.8413333333333_-122.8795,2025-05-30 21:10:15,0.18,2.37,38.8413333333333,-122.8795,Low
2025-05-30 21:09:45_38.8406677246094_-122.879837036133,2025-05-30 21:09:45,0.63,2.49000000953674,38.8406677246094,-122.879837036133,Low
2025-05-30 21:05:37_36.7102_-116.2757,2025-05-30 21:05:37,-0.4,6.1,36.7102,-116.2757,Low
2025-05-30 20:58:33_33.5376667_-116.7198333,2025-05-30 20:58:33,0.68,5.71,33.5376667,-116.7198333,Low
2025-05-30 20:49:07_35.0985_-118.272,2025-05-30 20:49:07,0.98,2.81,35.0985,-118.272,Low
2025-05-30 20:30:28_44.4241666666667_-114.068833333333,2025-05-30 20:30:28,1.68,1.8,44.4241666666667,-114.068833333333,Low
2025-05-30 20:16:18_38.8004989624023_-122.78133392334,2025-05-30 20:16:18,0.53,2.8199999332428,38.8004989624023,-122.78133392334,Low
2025-05-30 19:59:04_38.8358333333333_-122.781833333333,2025-05-30 19:59:04,0.23,2.57,38.8358333333333,-122.781833333333,Low
2025-05-30 19:58:57_36.6132_-116.465,2025-05-30 19:58:57,0.3,3.6,36.6132,-116.465,Low
2025-05-30 19:53:43_38.833667755127_-122.880165100098,2025-05-30 19:53:43,2.01,2.27999997138977,38.833667755127,-122.880165100098,Low
2025-05-30 19:39:32_33.4216667_-116.4431667,2025-05-30 19:39:32,0.97,12.58,33.4216667,-116.4431667,Low
2025-05-30 19:38:37_33.2795_-116.2331667,2025-05-30 19:38:37,0.48,11.11,33.2795,-116.2331667,Low
2025-05-30 19:38:18_33.535_-116.7183333,2025-05-30 19:38:18,0.09,5.35,33.535,-116.7183333,Low
2025-05-30 19:37:44_38.8381652832031_-122.838333129883,2025-05-30 19:37:44,1.07,0.670000016689301,38.8381652832031,-122.838333129883,Low
2025-05-30 19:24:27_39.0166666666667_-111.393,2025-05-30 19:24:27,1.18,-0.72,39.0166666666667,-111.393,Low
2025-05-30 19:20:08_37.3023333333333_-114.193666666667,2025-05-30 19:20:08,1.89,10.13,37.3023333333333,-114.193666666667,Low
2025-05-30 18:59:39_35.3231667_-117.808,2025-05-30 18:59:39,1.03,7.91,35.3231667,-117.808,Low
2025-05-30 18:44:10_35.3223333_-117.8063333,2025-05-30 18:44:10,0.96,8.24,35.3223333,-117.8063333,Low
2025-05-30 18:32:23_38.7626647949219_-122.731163024902,2025-05-30 18:32:23,0.78,1.4099999666214,38.7626647949219,-122.731163024902,Low
2025-05-30 18:07:17_40.3215_-124.681,2025-05-30 18:07:17,2.64,18.6,40.3215,-124.681,Medium
2025-05-30 18:06:54_35.3248333_-117.8098333,2025-05-30 18:06:54,1,8.9,35.3248333,-117.8098333,Low
2025-05-30 17:50:15_36.9862_-116.3501,2025-05-30 17:50:15,0.2,5.2,36.9862,-116.3501,Low
2025-05-30 17:11:57_39.7917_-120.6228,2025-05-30 17:11:57,0.9,9.8,39.7917,-120.6228,Low
2025-05-30 16:59:33_37.8028333333333_-118.985333333333,2025-05-30 16:59:33,0.6,3.79,37.8028333333333,-118.985333333333,Low
2025-05-30 16:49:21_37.3686666666667_-118.4165,2025-05-30 16:49:21,1.63,11.51,37.3686666666667,-118.4165,Low
2025-05-30 16:47:00_36.7994_-116.0729,2025-05-30 16:47:00,-0.5,5.7,36.7994,-116.0729,Low
2025-05-30 16:42:25_35.341_-117.8036667,2025-05-30 16:42:25,0.81,7.86,35.341,-117.8036667,Low
2025-05-30 16:42:00_35.3456667_-117.7955,2025-05-30 16:42:00,0.85,7.51,35.3456667,-117.7955,Low
2025-05-30 16:29:49_33.5095_-116.451,2025-05-30 16:29:49,0.39,8.47,33.5095,-116.451,Low
2025-05-30 16:25:24_39.0083333333333_-111.402833333333,2025-05-30 16:25:24,0.91,-1.33,39.0083333333333,-111.402833333333,Low
2025-05-30 16:22:26_38.816333770752_-122.744163513184,2025-05-30 16:22:26,1.14,1.19000005722046,38.816333770752,-122.744163513184,Low
2025-05-30 16:14:40_38.6582_-119.7869,2025-05-30 16:14:40,1.3,9.2,38.6582,-119.7869,Low
2025-05-30 16:11:31_36.7499_-116.2235,2025-05-30 16:11:31,-0.4,6.1,36.7499,-116.2235,Low
2025-05-30 15:49:43_32.759_-118.0845,2025-05-30 15:49:43,2.63,5.84,32.759,-118.0845,Medium
2025-05-30 15:44:15_34.0921667_-117.8051667,2025-05-30 15:44:15,1.18,14.83,34.0921667,-117.8051667,Low
2025-05-30 15:39:08_33.4291667_-116.4121667,2025-05-30 15:39:08,0.64,10.78,33.4291667,-116.4121667,Low
2025-05-30 15:26:24_38.794_-122.7795,2025-05-30 15:26:24,0.34,3.56,38.794,-122.7795,Low
2025-05-30 15:26:07_38.8381652832031_-122.837501525879,2025-05-30 15:26:07,1.01,1.41999995708466,38.8381652832031,-122.837501525879,Low
2025-05-30 15:25:16_38.7924995422363_-122.779167175293,2025-05-30 15:25:16,0.35,1.52999997138977,38.7924995422363,-122.779167175293,Low
2025-05-30 15:19:53_33.4716667_-116.5078333,2025-05-30 15:19:53,0.44,14.3,33.4716667,-116.5078333,Low
2025-05-30 15:15:16_36.8036_-116.0728,2025-05-30 15:15:16,-0.5,6.1,36.8036,-116.0728,Low
2025-05-30 15:14:25_38.8209991455078_-122.822998046875,2025-05-30 15:14:25,0.89,2.11999988555908,38.8209991455078,-122.822998046875,Low
2025-05-30 15:06:52_38.7926666666667_-122.7475,2025-05-30 15:06:52,0.2,2.38,38.7926666666667,-122.7475,Low
2025-05-30 14:58:25_33.1591667_-116.5723333,2025-05-30 14:58:25,0.62,8.31,33.1591667,-116.5723333,Low
2025-05-30 14:47:56_33.7035_-116.7255,2025-05-30 14:47:56,1.04,17.47,33.7035,-116.7255,Low
2025-05-30 14:32:26_33.9878333_-117.186,2025-05-30 14:32:26,1.3,16.47,33.9878333,-117.186,Low
2025-05-30 14:27:16_37.082_-116.2311,2025-05-30 14:27:16,0.1,4.6,37.082,-116.2311,Low
2025-05-30 14:19:47_35.3233333_-117.8073333,2025-05-30 14:19:47,1.39,6.69,35.3233333,-117.8073333,Low
2025-05-30 14:17:02_38.8371666666667_-122.804,2025-05-30 14:17:02,0.38,1.99,38.8371666666667,-122.804,Low
2025-05-30 14:13:30_33.044_-115.897,2025-05-30 14:13:30,1.29,4.96,33.044,-115.897,Low
2025-05-30 13:53:15_39.0015_-111.404,2025-05-30 13:53:15,0.84,-0.84,39.0015,-111.404,Low
2025-05-30 13:34:56_38.8330001831055_-122.813499450684,2025-05-30 13:34:56,0.98,1.85000002384186,38.8330001831055,-122.813499450684,Low
2025-05-30 13:32:54_34.2696667_-118.4263333,2025-05-30 13:32:54,1.38,11.22,34.2696667,-118.4263333,Low
2025-05-30 13:32:14_38.6619_-119.7855,2025-05-30 13:32:14,1.3,7.8,38.6619,-119.7855,Low
2025-05-30 13:24:54_35.705_-117.5648333,2025-05-30 13:24:54,0.55,1.93,35.705,-117.5648333,Low
2025-05-30 13:22:45_35.319_-117.8055,2025-05-30 13:22:45,1.03,8.12,35.319,-117.8055,Low
2025-05-30 13:10:39_34.0825_-117.8176667,2025-05-30 13:10:39,1.2,14.85,34.0825,-117.8176667,Low
2025-05-30 12:48:37_34.3585_-117.0943333,2025-05-30 12:48:37,1.19,6.69,34.3585,-117.0943333,Low
2025-05-30 12:46:02_44.3473333333333_-115.0325,2025-05-30 12:46:02,1.43,4.76,44.3473333333333,-115.0325,Low
2025-05-30 12:38:52_38.7938333333333_-122.749333333333,2025-05-30 12:38:52,0.01,2.75,38.7938333333333,-122.749333333333,Low
2025-05-30 12:32:10_35.9565_-117.3685,2025-05-30 12:32:10,1.44,2.2,35.9565,-117.3685,Low
2025-05-30 11:55:36_41.9098333333333_-112.567833333333,2025-05-30 11:55:36,0.85,1.09,41.9098333333333,-112.567833333333,Low
2025-05-30 11:28:07_33.4988333_-116.7848333,2025-05-30 11:28:07,0.66,6.92,33.4988333,-116.7848333,Low
2025-05-30 11:11:57_40.0356666666667_-123.775166666667,2025-05-30 11:11:57,1.69,18.17,40.0356666666667,-123.775166666667,Low
2025-05-30 11:07:46_33.9826667_-116.707,2025-05-30 11:07:46,0.69,9.31,33.9826667,-116.707,Low
2025-05-30 11:02:43_33.5238333_-116.7488333,2025-05-30 11:02:43,0.45,3.98,33.5238333,-116.7488333,Low
2025-05-30 10:39:42_38.7873344421387_-122.76782989502,2025-05-30 10:39:42,0.54,3.04999995231628,38.7873344421387,-122.76782989502,Low
2025-05-30 10:32:57_37.1725_-121.5475,2025-05-30 10:32:57,1.03,8.1,37.1725,-121.5475,Low
2025-05-30 10:32:29_38.8168334960938_-122.822334289551,2025-05-30 10:32:29,1.43,2.29999995231628,38.8168334960938,-122.822334289551,Low
2025-05-30 10:30:26_35.7375_-117.5396667,2025-05-30 10:30:26,0.51,8.03,35.7375,-117.5396667,Low
2025-05-30 10:29:26_33.4761667_-116.5023333,2025-05-30 10:29:26,0.38,7.23,33.4761667,-116.5023333,Low
2025-05-30 10:29:11_33.4768333_-116.5071667,2025-05-30 10:29:11,0.66,8.13,33.4768333,-116.5071667,Low
2025-05-30 10:18:05_35.6328333_-117.4203333,2025-05-30 10:18:05,1.37,6.95,35.6328333,-117.4203333,Low
2025-05-30 10:00:14_35.3268333_-117.7995,2025-05-30 10:00:14,0.75,7.99,35.3268333,-117.7995,Low
2025-05-30 09:57:09_38.8255004882812_-122.844497680664,2025-05-30 09:57:09,0.76,1.88999998569489,38.8255004882812,-122.844497680664,Low
2025-05-30 09:44:48_38.8370018005371_-122.836669921875,2025-05-30 09:44:48,0.73,1.33000004291534,38.8370018005371,-122.836669921875,Low
2025-05-30 09:25:17_39.5466666666667_-111.3725,2025-05-30 09:25:17,0.81,1.47,39.5466666666667,-111.3725,Low
2025-05-30 09:15:37_33.9818333_-116.993,2025-05-30 09:15:37,0.75,10.88,33.9818333,-116.993,Low
2025-05-30 09:11:51_37.3003333333333_-121.615166666667,2025-05-30 09:11:51,0.97,6.22,37.3003333333333,-121.615166666667,Low
2025-05-30 09:07:25_38.2521666666667_-112.636333333333,2025-05-30 09:07:25,0.96,2.33,38.2521666666667,-112.636333333333,Low
2025-05-30 08:54:16_33.4721667_-116.5061667,2025-05-30 08:54:16,0.55,14.77,33.4721667,-116.5061667,Low
2025-05-30 08:53:23_34.1476667_-116.4528333,2025-05-30 08:53:23,0.68,8.72,34.1476667,-116.4528333,Low
2025-05-30 08:45:54_35.5968333_-117.6006667,2025-05-30 08:45:54,1.57,6.9,35.5968333,-117.6006667,Low
2025-05-30 08:45:25_38.8401679992676_-122.810333251953,2025-05-30 08:45:25,1.05,1.77999997138977,38.8401679992676,-122.810333251953,Low
2025-05-30 08:37:48_38.7924995422363_-122.760498046875,2025-05-30 08:37:48,0.69,4.48000001907349,38.7924995422363,-122.760498046875,Low
2025-05-30 08:29:55_40.7311666666667_-124.241833333333,2025-05-30 08:29:55,2.09,10.47,40.7311666666667,-124.241833333333,Low
2025-05-30 08:21:02_33.7473333_-117.5428333,2025-05-30 08:21:02,0.76,11.61,33.7473333,-117.5428333,Low
2025-05-30 08:15:32_38.9928333333333_-111.403666666667,2025-05-30 08:15:32,1,-1.46,38.9928333333333,-111.403666666667,Low
2025-05-30 08:01:51_40.2896666666667_-124.366,2025-05-30 08:01:51,1.6,8.2,40.2896666666667,-124.366,Low
2025-05-30 07:50:41_39.1663333333333_-123.168333333333,2025-05-30 07:50:41,1.6,6.63,39.1663333333333,-123.168333333333,Low
2025-05-30 07:32:58_38.8283333333333_-122.794666666667,2025-05-30 07:32:58,0.19,1.95,38.8283333333333,-122.794666666667,Low
2025-05-30 07:28:23_34.106_-117.3216667,2025-05-30 07:28:23,1.8,18.27,34.106,-117.3216667,Low
2025-05-30 07:13:43_38.8236656188965_-122.798500061035,2025-05-30 07:13:43,0.76,2.91000008583069,38.8236656188965,-122.798500061035,Low
2025-05-30 07:03:37_38.8103333333333_-122.785333333333,2025-05-30 07:03:37,0.27,1.11,38.8103333333333,-122.785333333333,Low
2025-05-30 06:55:04_38.8291664123535_-122.816665649414,2025-05-30 06:55:04,0.66,1.6599999666214,38.8291664123535,-122.816665649414,Low
2025-05-30 06:45:32_37.1838333333333_-121.576166666667,2025-05-30 06:45:32,0.42,3.34,37.1838333333333,-121.576166666667,Low
2025-05-30 06:34:34_38.8361663818359_-122.799331665039,2025-05-30 06:34:34,1.07,2.28999996185303,38.8361663818359,-122.799331665039,Low
2025-05-30 06:08:38_38.6545_-119.800166666667,2025-05-30 06:08:38,2.26,4.93,38.6545,-119.800166666667,Low
2025-05-30 05:37:56_38.8395004272461_-122.807998657227,2025-05-30 05:37:56,0.75,1.99000000953674,38.8395004272461,-122.807998657227,Low
2025-05-30 05:00:06_38.2983333333333_-122.753666666667,2025-05-30 05:00:06,0.88,-0.13,38.2983333333333,-122.753666666667,Low
2025-05-30 04:46:44_38.8306655883789_-122.814834594727,2025-05-30 04:46:44,0.76,1.57000005245209,38.8306655883789,-122.814834594727,Low
2025-05-30 04:30:26_41.376_-122.126,2025-05-30 04:30:26,1.79,4.83,41.376,-122.126,Low
2025-05-30 04:17:01_38.8366666666667_-122.807833333333,2025-05-30 04:17:01,0.31,2.34,38.8366666666667,-122.807833333333,Low
2025-05-30 04:04:07_38.8121681213379_-122.823829650879,2025-05-30 04:04:07,0.76,3.25,38.8121681213379,-122.823829650879,Low
2025-05-30 04:01:55_38.8193321228027_-122.826499938965,2025-05-30 04:01:55,0.76,3.92000007629395,38.8193321228027,-122.826499938965,Low
2025-05-30 03:12:56_36.4085_-117.8551667,2025-05-30 03:12:56,1.61,0.58,36.4085,-117.8551667,Low
2025-05-30 02:24:04_38.8178329467773_-122.762168884277,2025-05-30 02:24:04,0.95,2.16000008583069,38.8178329467773,-122.762168884277,Low
2025-05-30 02:06:07_33.6608333_-116.7163333,2025-05-30 02:06:07,0.93,14.76,33.6608333,-116.7163333,Low
2025-05-30 01:59:04_38.3574_-118.9039,2025-05-30 01:59:04,1.7,7.5,38.3574,-118.9039,Low
2025-05-30 01:57:08_33.7846667_-116.0645,2025-05-30 01:57:08,1.04,5.25,33.7846667,-116.0645,Low
2025-05-30 01:56:31_40.2266666666667_-121.185666666667,2025-05-30 01:56:31,1.93,6.57,40.2266666666667,-121.185666666667,Low
2025-05-30 01:56:14_33.6701667_-116.714,2025-05-30 01:56:14,0.22,15.45,33.6701667,-116.714,Low
2025-05-30 01:55:59_33.6681667_-116.7156667,2025-05-30 01:55:59,0.72,14.95,33.6681667,-116.7156667,Low
2025-05-30 01:53:51_44.3356666666667_-115.025,2025-05-30 01:53:51,1.76,4.5,44.3356666666667,-115.025,Low
2025-05-30 01:53:01_33.6653333_-116.7126667,2025-05-30 01:53:01,0.67,14.84,33.6653333,-116.7126667,Low
2025-05-30 01:51:01_35.6186667_-117.7993333,2025-05-30 01:51:01,1.22,6.95,35.6186667,-117.7993333,Low
2025-05-30 01:48:00_35.261_-118.5583333,2025-05-30 01:48:00,0.6,10.15,35.261,-118.5583333,Low
2025-05-30 01:47:24_35.0126667_-118.4798333,2025-05-30 01:47:24,1.53,8.09,35.0126667,-118.4798333,Low
2025-05-30 01:41:01_40.4728_-125.9911,2025-05-30 01:41:01,3.2,10,40.4728,-125.9911,Medium
2025-05-30 01:35:09_39.249_-123.216833333333,2025-05-30 01:35:09,1.1,4.7,39.249,-123.216833333333,Low
2025-05-30 01:34:10_35.6426667_-117.4498333,2025-05-30 01:34:10,1.01,5.37,35.6426667,-117.4498333,Low
2025-05-30 01:32:35_33.9415_-115.9201667,2025-05-30 01:32:35,1.54,2.18,33.9415,-115.9201667,Low
2025-05-30 01:27:34_38.8213348388672_-122.8056640625,2025-05-30 01:27:34,0.28,3.21000003814697,38.8213348388672,-122.8056640625,Low
2025-05-30 01:20:48_40.334_-124.671333333333,2025-05-30 01:20:48,2.31,22.01,40.334,-124.671333333333,Low
2025-05-30 01:15:23_33.8633333_-117.5033333,2025-05-30 01:15:23,1.31,-0.51,33.8633333,-117.5033333,Low
2025-05-30 01:15:10_33.842_-117.4926667,2025-05-30 01:15:10,1.71,-0.51,33.842,-117.4926667,Low
2025-05-30 01:09:46_33.666_-116.7155,2025-05-30 01:09:46,0.68,15.11,33.666,-116.7155,Low
2025-05-30 01:06:09_32.3735_-115.937,2025-05-30 01:06:09,0.96,-0.32,32.3735,-115.937,Low
2025-05-30 00:59:07_35.322_-117.8048333,2025-05-30 00:59:07,1.47,6.52,35.322,-117.8048333,Low
2025-05-30 00:56:48_38.8250007629395_-122.766334533691,2025-05-30 00:56:48,0.73,2.21000003814697,38.8250007629395,-122.766334533691,Low
2025-05-30 00:08:39_38.8370018005371_-122.785835266113,2025-05-30 00:08:39,0.67,2.01999998092651,38.8370018005371,-122.785835266113,Low
2025-05-29 23:42:05_38.8218333333333_-122.842833333333,2025-05-29 23:42:05,0.49,2.55,38.8218333333333,-122.842833333333,Low
2025-05-29 23:14:27_36.8923333333333_-121.6195,2025-05-29 23:14:27,1.85,-0.12,36.8923333333333,-121.6195,Low
2025-05-29 22:44:11_34.2618333_-118.4766667,2025-05-29 22:44:11,1.11,13.09,34.2618333,-118.4766667,Low
2025-05-29 22:26:29_38.8424987792969_-122.785003662109,2025-05-29 22:26:29,0.2,3.67000007629395,38.8424987792969,-122.785003662109,Low
2025-05-29 22:23:08_36.6308333333333_-121.248166666667,2025-05-29 22:23:08,1.63,7.88,36.6308333333333,-121.248166666667,Low
2025-05-29 22:11:01_38.829833984375_-122.804336547852,2025-05-29 22:11:01,0.78,1.46000003814697,38.829833984375,-122.804336547852,Low
2025-05-29 22:00:54_38.8043327331543_-122.783668518066,2025-05-29 22:00:54,1.07,3.24000000953674,38.8043327331543,-122.783668518066,Low
2025-05-29 21:53:14_38.8294982910156_-122.803665161133,2025-05-29 21:53:14,1.1,1.42999994754791,38.8294982910156,-122.803665161133,Low
2025-05-29 21:51:29_36.0476666666667_-120.616166666667,2025-05-29 21:51:29,0.61,3.64,36.0476666666667,-120.616166666667,Low
2025-05-29 21:35:06_44.3356666666667_-115.021833333333,2025-05-29 21:35:06,1.47,3,44.3356666666667,-115.021833333333,Low
2025-05-29 21:32:49_38.787166595459_-122.747169494629,2025-05-29 21:32:49,0.76,1.89999997615814,38.787166595459,-122.747169494629,Low
2025-05-29 21:21:03_36.1536667_-117.8436667,2025-05-29 21:21:03,0.03,2.73,36.1536667,-117.8436667,Low
2025-05-29 20:50:57_33.0431667_-116.4176667,2025-05-29 20:50:57,0.99,10.15,33.0431667,-116.4176667,Low
2025-05-29 20:38:53_33.1971667_-116.0045,2025-05-29 20:38:53,1.53,7.99,33.1971667,-116.0045,Low
2025-05-29 20:35:45_38.3582_-115.8058,2025-05-29 20:35:45,1.8,3.1,38.3582,-115.8058,Low
2025-05-29 20:33:37_33.6988333_-117.4375,2025-05-29 20:33:37,1.8,9.58,33.6988333,-117.4375,Low
2025-05-29 20:08:52_32.9828333_-116.3895,2025-05-29 20:08:52,0.94,4.99,32.9828333,-116.3895,Low
2025-05-29 20:01:31_38.7586666666667_-122.737,2025-05-29 20:01:31,0.61,1.66,38.7586666666667,-122.737,Low
2025-05-29 19:56:03_38.6742_-119.4642,2025-05-29 19:56:03,1.2,3.1,38.6742,-119.4642,Low
2025-05-29 19:52:32_32.986_-116.3918333,2025-05-29 19:52:32,0.71,4.55,32.986,-116.3918333,Low
2025-05-29 19:52:31_38.821834564209_-122.763999938965,2025-05-29 19:52:31,0.74,2.40000009536743,38.821834564209,-122.763999938965,Low
2025-05-29 19:47:04_38.7931671142578_-122.755836486816,2025-05-29 19:47:04,0.74,1.1599999666214,38.7931671142578,-122.755836486816,Low
2025-05-29 19:40:59_39.1787_-119.0268,2025-05-29 19:40:59,0.8,0.8,39.1787,-119.0268,Low
2025-05-29 19:35:25_33.1745_-115.9323333,2025-05-29 19:35:25,0.67,6.43,33.1745,-115.9323333,Low
2025-05-29 19:34:51_33.1806667_-116.2521667,2025-05-29 19:34:51,0.53,10.49,33.1806667,-116.2521667,Low
2025-05-29 19:08:17_38.7649993896484_-122.73999786377,2025-05-29 19:08:17,0.83,0.25,38.7649993896484,-122.73999786377,Low
2025-05-29 18:57:29_38.7863349914551_-122.771835327148,2025-05-29 18:57:29,0.76,1.62000000476837,38.7863349914551,-122.771835327148,Low
2025-05-29 18:46:11_38.2558333333333_-112.64,2025-05-29 18:46:11,1.55,9.18,38.2558333333333,-112.64,Low
2025-05-29 18:44:32_39.8166_-120.2749,2025-05-29 18:44:32,1.2,12.7,39.8166,-120.2749,Low
2025-05-29 18:25:54_40.7773333333333_-112.146166666667,2025-05-29 18:25:54,0.9,3.45,40.7773333333333,-112.146166666667,Low
2025-05-29 18:12:04_38.8418333333333_-122.839333333333,2025-05-29 18:12:04,0.37,1.85,38.8418333333333,-122.839333333333,Low
2025-05-29 18:11:12_34.0398333_-117.121,2025-05-29 18:11:12,1.45,9.47,34.0398333,-117.121,Low
2025-05-29 18:07:49_39.1706_-119.0404,2025-05-29 18:07:49,1.2,3.8,39.1706,-119.0404,Low
2025-05-29 17:52:28_36.9241666666667_-121.399166666667,2025-05-29 17:52:28,1.67,5.47,36.9241666666667,-121.399166666667,Low
2025-05-29 17:43:02_33.4961667_-116.7813333,2025-05-29 17:43:02,0.59,7.28,33.4961667,-116.7813333,Low
2025-05-29 17:42:26_38.8235015869141_-122.797996520996,2025-05-29 17:42:26,0.49,1.27999997138977,38.8235015869141,-122.797996520996,Low
2025-05-29 17:08:39_38.8224983215332_-122.797996520996,2025-05-29 17:08:39,0.45,1.17999994754791,38.8224983215332,-122.797996520996,Low
2025-05-29 17:02:20_33.4838333_-116.4963333,2025-05-29 17:02:20,0.63,15.59,33.4838333,-116.4963333,Low
2025-05-29 17:02:08_38.8393325805664_-122.823997497559,2025-05-29 17:02:08,0.24,1.62000000476837,38.8393325805664,-122.823997497559,Low
2025-05-29 16:28:29_38.7606666666667_-122.728166666667,2025-05-29 16:28:29,0.33,2.08,38.7606666666667,-122.728166666667,Low
2025-05-29 16:24:50_38.4863_-116.4965,2025-05-29 16:24:50,1.4,4.8,38.4863,-116.4965,Low
2025-05-29 16:23:05_33.5315_-116.7283333,2025-05-29 16:23:05,0.34,4.66,33.5315,-116.7283333,Low
2025-05-29 16:16:19_37.1261666666667_-110.674333333333,2025-05-29 16:16:19,2.11,4.29,37.1261666666667,-110.674333333333,Low
2025-05-29 16:13:36_36.0523338317871_-120.211166381836,2025-05-29 16:13:36,2.23,8.28999996185303,36.0523338317871,-120.211166381836,Low
2025-05-29 16:12:31_36.0538333333333_-120.216166666667,2025-05-29 16:12:31,1.15,7.41,36.0538333333333,-120.216166666667,Low
2025-05-29 16:08:14_37.0448333333333_-112.9,2025-05-29 16:08:14,1.33,14.42,37.0448333333333,-112.9,Low
2025-05-29 15:59:23_39.0065_-111.41,2025-05-29 15:59:23,0.95,-1.31,39.0065,-111.41,Low
2025-05-29 15:46:32_35.3193333_-117.8096667,2025-05-29 15:46:32,0.95,7.47,35.3193333,-117.8096667,Low
2025-05-29 15:45:10_38.8251647949219_-122.844497680664,2025-05-29 15:45:10,0.65,1.67999994754791,38.8251647949219,-122.844497680664,Low
2025-05-29 15:39:22_36.0498333333333_-120.613166666667,2025-05-29 15:39:22,2.57,4.3,36.0498333333333,-120.613166666667,Medium
2025-05-29 15:36:30_38.8055000305176_-122.791999816895,2025-05-29 15:36:30,0.88,0.790000021457672,38.8055000305176,-122.791999816895,Low
2025-05-29 15:00:50_38.8231658935547_-122.756332397461,2025-05-29 15:00:50,0.27,3.1800000667572,38.8231658935547,-122.756332397461,Low
2025-05-29 14:53:05_33.714_-116.7693333,2025-05-29 14:53:05,0.48,16.42,33.714,-116.7693333,Low
2025-05-29 14:51:12_38.7611666666667_-122.727666666667,2025-05-29 14:51:12,0.3,2.21,38.7611666666667,-122.727666666667,Low
2025-05-29 14:32:12_35.8726667_-117.6326667,2025-05-29 14:32:12,0.67,7.68,35.8726667,-117.6326667,Low
2025-05-29 14:30:58_38.8134994506836_-122.764503479004,2025-05-29 14:30:58,1.47,1.57000005245209,38.8134994506836,-122.764503479004,Low
2025-05-29 14:29:49_44.7095_-114.8135,2025-05-29 14:29:49,1.86,8.64,44.7095,-114.8135,Low
2025-05-29 13:45:16_33.9328333_-117.0855,2025-05-29 13:45:16,0.78,13.22,33.9328333,-117.0855,Low
2025-05-29 13:12:49_40.7243333333333_-112.067666666667,2025-05-29 13:12:49,-0.33,7.56,40.7243333333333,-112.067666666667,Low
2025-05-29 13:12:25_34.1681667_-116.9056667,2025-05-29 13:12:25,0.84,3.64,34.1681667,-116.9056667,Low
2025-05-29 13:05:24_38.8321666666667_-122.808833333333,2025-05-29 13:05:24,0.29,2.32,38.8321666666667,-122.808833333333,Low
2025-05-29 12:59:40_33.4815_-116.4335,2025-05-29 12:59:40,0.48,13.5,33.4815,-116.4335,Low
2025-05-29 12:41:49_36.9113333333333_-112.859333333333,2025-05-29 12:41:49,1.25,26.17,36.9113333333333,-112.859333333333,Low
2025-05-29 12:29:45_38.8198318481445_-122.843330383301,2025-05-29 12:29:45,0.76,2.14000010490417,38.8198318481445,-122.843330383301,Low
2025-05-29 12:19:04_37.5435_-118.821833333333,2025-05-29 12:19:04,0.42,3.45,37.5435,-118.821833333333,Low
2025-05-29 12:18:41_38.8331680297852_-122.824668884277,2025-05-29 12:18:41,0.81,5.01000022888184,38.8331680297852,-122.824668884277,Low
2025-05-29 12:14:10_38.8313331604004_-122.800498962402,2025-05-29 12:14:10,0.57,1.54999995231628,38.8313331604004,-122.800498962402,Low
2025-05-29 12:01:22_31.5021667_-115.6206667,2025-05-29 12:01:22,2.54,9.81,31.5021667,-115.6206667,Medium
2025-05-29 11:55:19_37.0476666666667_-112.901666666667,2025-05-29 11:55:19,1.2,13.56,37.0476666666667,-112.901666666667,Low
2025-05-29 11:54:57_38.83_-122.812666666667,2025-05-29 11:54:57,0.15,2.38,38.83,-122.812666666667,Low
2025-05-29 11:41:02_38.8224983215332_-122.799331665039,2025-05-29 11:41:02,0.72,3.00999999046326,38.8224983215332,-122.799331665039,Low
2025-05-29 11:33:20_34.0173333_-117.1461667,2025-05-29 11:33:20,0.81,4.88,34.0173333,-117.1461667,Low
2025-05-29 11:32:34_38.7655_-122.724333333333,2025-05-29 11:32:34,-0.45,1.84,38.7655,-122.724333333333,Low
2025-05-29 11:27:00_33.9325_-117.0908333,2025-05-29 11:27:00,2.56,14.56,33.9325,-117.0908333,Medium
2025-05-29 11:03:35_41.427_-112.279,2025-05-29 11:03:35,0.69,0.08,41.427,-112.279,Low
2025-05-29 10:03:28_33.5311667_-116.7293333,2025-05-29 10:03:28,0.28,4.75,33.5311667,-116.7293333,Low
2025-05-29 10:01:49_33.1656667_-115.9455,2025-05-29 10:01:49,1.36,7.77,33.1656667,-115.9455,Low
2025-05-29 09:58:42_38.8385009765625_-122.806999206543,2025-05-29 09:58:42,0.76,1.78999996185303,38.8385009765625,-122.806999206543,Low
2025-05-29 09:45:51_38.7988319396973_-122.811332702637,2025-05-29 09:45:51,0.76,3.30999994277954,38.7988319396973,-122.811332702637,Low
2025-05-29 09:40:16_39.0271666666667_-111.392833333333,2025-05-29 09:40:16,0.85,-2.46,39.0271666666667,-111.392833333333,Low
2025-05-29 09:37:21_40.3336666666667_-111.323,2025-05-29 09:37:21,1.35,5.86,40.3336666666667,-111.323,Low
2025-05-29 09:15:53_38.8209991455078_-122.787666320801,2025-05-29 09:15:53,1.26,1.92999994754791,38.8209991455078,-122.787666320801,Low
2025-05-29 09:12:49_33.1426667_-116.0676667,2025-05-29 09:12:49,1.21,11.64,33.1426667,-116.0676667,Low
2025-05-29 09:07:01_38.7921666666667_-122.749833333333,2025-05-29 09:07:01,0.21,0.76,38.7921666666667,-122.749833333333,Low
2025-05-29 08:47:01_38.8411666666667_-122.825166666667,2025-05-29 08:47:01,-0.12,1.99,38.8411666666667,-122.825166666667,Low
2025-05-29 08:46:59_38.2548333333333_-112.638666666667,2025-05-29 08:46:59,2.92,8.74,38.2548333333333,-112.638666666667,Medium
2025-05-29 08:43:59_38.8209991455078_-122.78800201416,2025-05-29 08:43:59,1.1,1.3400000333786,38.8209991455078,-122.78800201416,Low
2025-05-29 08:40:49_38.8160018920898_-122.814834594727,2025-05-29 08:40:49,1,2.89000010490417,38.8160018920898,-122.814834594727,Low
2025-05-29 08:16:20_33.5408333_-116.798,2025-05-29 08:16:20,0.54,5.44,33.5408333,-116.798,Low
2025-05-29 08:09:34_33.9668333_-116.8501667,2025-05-29 08:09:34,2.72,18.35,33.9668333,-116.8501667,Medium
2025-05-29 07:51:38_38.8226661682129_-122.855163574219,2025-05-29 07:51:38,0.71,2.32999992370605,38.8226661682129,-122.855163574219,Low
2025-05-29 07:38:35_33.4643333_-116.4231667,2025-05-29 07:38:35,0.72,11.38,33.4643333,-116.4231667,Low
2025-05-29 07:28:43_33.5351667_-116.7246667,2025-05-29 07:28:43,0.27,5.39,33.5351667,-116.7246667,Low
2025-05-29 07:23:45_38.7610015869141_-122.729499816895,2025-05-29 07:23:45,1,1.86000001430511,38.7610015869141,-122.729499816895,Low
2025-05-29 07:00:53_32.9743333_-116.2781667,2025-05-29 07:00:53,1.57,9.46,32.9743333,-116.2781667,Low
2025-05-29 06:53:54_34.0156667_-117.145,2025-05-29 06:53:54,2.66,4.98,34.0156667,-117.145,Medium
2025-05-29 06:52:00_39.0065_-111.419166666667,2025-05-29 06:52:00,1.94,-0.87,39.0065,-111.419166666667,Low
2025-05-29 06:44:52_38.8050003051758_-122.790168762207,2025-05-29 06:44:52,0.45,-0.230000004172325,38.8050003051758,-122.790168762207,Low
2025-05-29 06:41:42_38.9155_-123.018,2025-05-29 06:41:42,1.38,5.99,38.9155,-123.018,Low
2025-05-29 06:39:53_35.6383333_-117.458,2025-05-29 06:39:53,0.57,8.7,35.6383333,-117.458,Low
2025-05-29 06:05:14_38.4665_-116.4746,2025-05-29 06:05:14,1.6,6.2,38.4665,-116.4746,Low
2025-05-29 05:37:23_34.0223333_-117.1448333,2025-05-29 05:37:23,0.92,4.91,34.0223333,-117.1448333,Low
2025-05-29 05:34:19_34.0185_-117.1448333,2025-05-29 05:34:19,1.3,4.82,34.0185,-117.1448333,Low
2025-05-29 05:23:24_38.7691650390625_-122.726829528809,2025-05-29 05:23:24,0.74,0.730000019073486,38.7691650390625,-122.726829528809,Low
2025-05-29 05:19:40_38.8263320922852_-122.789169311523,2025-05-29 05:19:40,0.88,1.33000004291534,38.8263320922852,-122.789169311523,Low
2025-05-29 05:04:02_33.2625_-116.4323333,2025-05-29 05:04:02,0.83,3.11,33.2625,-116.4323333,Low
2025-05-29 04:36:09_33.5946667_-116.7175,2025-05-29 04:36:09,0.71,12.12,33.5946667,-116.7175,Low
2025-05-29 04:33:07_33.9666667_-116.8713333,2025-05-29 04:33:07,0.66,14.06,33.9666667,-116.8713333,Low
2025-05-29 04:22:13_38.8026657104492_-122.777168273926,2025-05-29 04:22:13,0.82,3.57999992370605,38.8026657104492,-122.777168273926,Low
2025-05-29 03:34:54_38.8216667175293_-122.79133605957,2025-05-29 03:34:54,0.66,0.680000007152557,38.8216667175293,-122.79133605957,Low
2025-05-29 03:27:39_33.8743333_-116.5445,2025-05-29 03:27:39,1.2,11.97,33.8743333,-116.5445,Low
2025-05-29 03:00:08_35.3451667_-117.8178333,2025-05-29 03:00:08,0.53,6.39,35.3451667,-117.8178333,Low
2025-05-29 02:57:06_35.3421667_-117.8053333,2025-05-29 02:57:06,1.28,7.07,35.3421667,-117.8053333,Low
2025-05-29 02:54:14_38.8335_-122.811,2025-05-29 02:54:14,-0.07,2.23,38.8335,-122.811,Low
2025-05-29 02:26:36_38.7943333333333_-122.806333333333,2025-05-29 02:26:36,0.36,3.6,38.7943333333333,-122.806333333333,Low
2025-05-29 01:43:38_35.345_-117.8053333,2025-05-29 01:43:38,1.68,8,35.345,-117.8053333,Low
2025-05-29 01:41:26_35.3391667_-117.8086667,2025-05-29 01:41:26,0.32,4.99,35.3391667,-117.8086667,Low
2025-05-29 01:39:07_38.7849998474121_-122.770164489746,2025-05-29 01:39:07,1.29,2.20000004768372,38.7849998474121,-122.770164489746,Low
2025-05-29 01:36:52_33.564_-116.3738333,2025-05-29 01:36:52,0.68,12.35,33.564,-116.3738333,Low
2025-05-29 01:24:22_37.3278333333333_-122.254833333333,2025-05-29 01:24:22,0.75,7.32,37.3278333333333,-122.254833333333,Low
2025-05-29 01:12:48_40.3442_-126.0797,2025-05-29 01:12:48,2.7,10,40.3442,-126.0797,Medium
2025-05-29 01:05:35_35.3471667_-117.8095,2025-05-29 01:05:35,1.26,7.73,35.3471667,-117.8095,Low
2025-05-29 01:04:00_38.7911682128906_-122.806503295898,2025-05-29 01:04:00,1.08,3.02999997138977,38.7911682128906,-122.806503295898,Low
2025-05-29 01:03:13_38.7911682128906_-122.805335998535,2025-05-29 01:03:13,1.29,2.78999996185303,38.7911682128906,-122.805335998535,Low
2025-05-29 01:01:26_36.8971666666667_-121.502666666667,2025-05-29 01:01:26,1.28,5.52,36.8971666666667,-121.502666666667,Low
2025-05-29 01:00:19_41.3735_-122.0675,2025-05-29 01:00:19,1.25,7.85,41.3735,-122.0675,Low
2025-05-29 00:56:55_37.3096666666667_-114.195333333333,2025-05-29 00:56:55,1.24,8.04,37.3096666666667,-114.195333333333,Low
2025-05-29 00:54:51_38.6578333333333_-119.797833333333,2025-05-29 00:54:51,2.45,5.84,38.6578333333333,-119.797833333333,Low
2025-05-29 00:44:04_38.7490005493164_-122.706001281738,2025-05-29 00:44:04,1.03,0.509999990463257,38.7490005493164,-122.706001281738,Low
2025-05-29 00:41:23_35.3045_-118.6048333,2025-05-29 00:41:23,1.04,7.1,35.3045,-118.6048333,Low
2025-05-29 00:35:12_38.7939987182617_-122.804664611816,2025-05-29 00:35:12,0.77,3.16000008583069,38.7939987182617,-122.804664611816,Low
2025-05-29 00:26:00_38.8351669311523_-122.881332397461,2025-05-29 00:26:00,0.61,2.14000010490417,38.8351669311523,-122.881332397461,Low
2025-05-29 00:24:52_38.8344993591309_-122.881164550781,2025-05-29 00:24:52,0.73,2.04999995231628,38.8344993591309,-122.881164550781,Low
2025-05-29 00:24:33_38.7938346862793_-122.806999206543,2025-05-29 00:24:33,0.75,3.13000011444092,38.7938346862793,-122.806999206543,Low
2025-05-29 00:12:45_38.7941665649414_-122.805335998535,2025-05-29 00:12:45,0.76,3.4300000667572,38.7941665649414,-122.805335998535,Low
2025-05-29 00:12:30_38.7918319702148_-122.807167053223,2025-05-29 00:12:30,1.09,2.96000003814697,38.7918319702148,-122.807167053223,Low
2025-05-29 00:06:21_38.7905006408691_-122.806335449219,2025-05-29 00:06:21,2.39,3.17000007629395,38.7905006408691,-122.806335449219,Low
2025-05-29 00:04:43_38.1175_-122.175333333333,2025-05-29 00:04:43,1.17,-0.11,38.1175,-122.175333333333,Low
2025-05-28 23:59:52_33.5336667_-116.7266667,2025-05-28 23:59:52,0.35,4.63,33.5336667,-116.7266667,Low
2025-05-28 23:58:10_38.7973333333333_-122.778833333333,2025-05-28 23:58:10,0.36,3.51,38.7973333333333,-122.778833333333,Low
2025-05-28 23:51:56_38.8166656494141_-122.819831848145,2025-05-28 23:51:56,0.7,2.67000007629395,38.8166656494141,-122.819831848145,Low
2025-05-28 23:50:25_40.3523333333333_-124.844833333333,2025-05-28 23:50:25,2.69,24.13,40.3523333333333,-124.844833333333,Medium
2025-05-28 23:47:45_40.2653333333333_-124.463166666667,2025-05-28 23:47:45,1.89,20.15,40.2653333333333,-124.463166666667,Low
2025-05-28 23:12:50_33.048_-115.0015,2025-05-28 23:12:50,1.16,-0.2,33.048,-115.0015,Low
2025-05-28 23:00:56_38.8058333333333_-122.769666666667,2025-05-28 23:00:56,0.33,1.96,38.8058333333333,-122.769666666667,Low
2025-05-28 22:59:08_38.7938333333333_-122.756333333333,2025-05-28 22:59:08,0.34,0.93,38.7938333333333,-122.756333333333,Low
2025-05-28 22:37:30_33.1781667_-116.3908333,2025-05-28 22:37:30,0.25,7.85,33.1781667,-116.3908333,Low
2025-05-28 22:32:02_38.7581666666667_-122.730833333333,2025-05-28 22:32:02,0.54,0.86,38.7581666666667,-122.730833333333,Low
2025-05-28 22:24:27_36.1141667_-117.8515,2025-05-28 22:24:27,1.03,2.87,36.1141667,-117.8515,Low
2025-05-28 22:22:18_35.9013333_-117.6863333,2025-05-28 22:22:18,0.58,4.63,35.9013333,-117.6863333,Low
2025-05-28 22:07:09_33.3933333_-116.3998333,2025-05-28 22:07:09,0.71,12.04,33.3933333,-116.3998333,Low
2025-05-28 22:04:42_38.8103333333333_-122.895333333333,2025-05-28 22:04:42,0.42,5.53,38.8103333333333,-122.895333333333,Low
2025-05-28 22:01:24_33.1616667_-116.398,2025-05-28 22:01:24,3.25,6.36,33.1616667,-116.398,Medium
2025-05-28 21:44:10_43.729_-122.784,2025-05-28 21:44:10,1.47,1.77,43.729,-122.784,Low
2025-05-28 21:11:51_35.7081667_-117.5091667,2025-05-28 21:11:51,0.82,4.31,35.7081667,-117.5091667,Low
2025-05-28 21:08:14_35.6255_-117.4746667,2025-05-28 21:08:14,1.3,6.68,35.6255,-117.4746667,Low
2025-05-28 20:33:15_39.1541666666667_-123.596,2025-05-28 20:33:15,1.38,2.97,39.1541666666667,-123.596,Low
2025-05-28 20:31:27_38.8246666666667_-122.790166666667,2025-05-28 20:31:27,0.36,1.43,38.8246666666667,-122.790166666667,Low
2025-05-28 20:19:04_35.2551667_-117.7031667,2025-05-28 20:19:04,0.41,8.98,35.2551667,-117.7031667,Low
2025-05-28 20:06:15_34.2186667_-118.6848333,2025-05-28 20:06:15,1.06,5.73,34.2186667,-118.6848333,Low
2025-05-28 19:57:16_38.7941665649414_-122.780166625977,2025-05-28 19:57:16,1.83,3.64000010490417,38.7941665649414,-122.780166625977,Low
2025-05-28 19:57:08_37.2753_-117.7569,2025-05-28 19:57:08,1.2,8.6,37.2753,-117.7569,Low
2025-05-28 19:56:58_40.7363333333333_-124.263666666667,2025-05-28 19:56:58,2.26,11.09,40.7363333333333,-124.263666666667,Low
2025-05-28 19:56:35_38.8279991149902_-122.814834594727,2025-05-28 19:56:35,0.75,1.71000003814697,38.8279991149902,-122.814834594727,Low
2025-05-28 19:43:21_38.7949981689453_-122.78116607666,2025-05-28 19:43:21,0.72,3.28999996185303,38.7949981689453,-122.78116607666,Low
2025-05-28 19:32:10_38.7555_-119.6733,2025-05-28 19:32:10,1,8.4,38.7555,-119.6733,Low
2025-05-28 19:22:17_38.7726669311523_-122.743835449219,2025-05-28 19:22:17,1.11,1.76999998092651,38.7726669311523,-122.743835449219,Low
2025-05-28 19:22:13_44.3433333333333_-115.029,2025-05-28 19:22:13,1.62,5.81,44.3433333333333,-115.029,Low
2025-05-28 19:08:41_35.7633333_-117.5903333,2025-05-28 19:08:41,1.16,7.16,35.7633333,-117.5903333,Low
2025-05-28 19:08:28_35.9666667_-117.3161667,2025-05-28 19:08:28,0.52,5.57,35.9666667,-117.3161667,Low
2025-05-28 18:56:12_38.8173332214355_-122.822166442871,2025-05-28 18:56:12,1.32,2.53999996185303,38.8173332214355,-122.822166442871,Low
2025-05-28 18:49:08_37.6315_-122.4825,2025-05-28 18:49:08,0.96,7.69,37.6315,-122.4825,Low
2025-05-28 18:47:32_34.2205_-117.506,2025-05-28 18:47:32,0.52,7.25,34.2205,-117.506,Low
2025-05-28 18:42:15_38.8011666666667_-122.776166666667,2025-05-28 18:42:15,0.29,3.91,38.8011666666667,-122.776166666667,Low
2025-05-28 18:34:14_38.783_-122.7455,2025-05-28 18:34:14,0.59,0.83,38.783,-122.7455,Low
2025-05-28 18:13:50_37.536_-118.809,2025-05-28 18:13:50,0.65,7.59,37.536,-118.809,Low
2025-05-28 18:05:10_38.7936668395996_-122.748336791992,2025-05-28 18:05:10,0.5,2.5,38.7936668395996,-122.748336791992,Low
2025-05-28 17:57:34_44.335_-115.026,2025-05-28 17:57:34,1.86,3.25,44.335,-115.026,Low
2025-05-28 17:54:32_34.0255_-117.1936667,2025-05-28 17:54:32,0.82,15.97,34.0255,-117.1936667,Low
2025-05-28 17:51:58_38.7936668395996_-122.74983215332,2025-05-28 17:51:58,0.76,2.5,38.7936668395996,-122.74983215332,Low
2025-05-28 17:51:33_39.0428333333333_-111.3875,2025-05-28 17:51:33,0.79,-3.36,39.0428333333333,-111.3875,Low
2025-05-28 17:49:43_37.5658333333333_-112.871666666667,2025-05-28 17:49:43,1.26,16.98,37.5658333333333,-112.871666666667,Low
2025-05-28 17:27:56_35.7341667_-118.014,2025-05-28 17:27:56,0.68,11.6,35.7341667,-118.014,Low
2025-05-28 17:19:13_38.8151664733887_-122.818168640137,2025-05-28 17:19:13,0.76,0.759999990463257,38.8151664733887,-122.818168640137,Low
2025-05-28 17:12:29_33.4733333_-116.5153333,2025-05-28 17:12:29,1.24,8.51,33.4733333,-116.5153333,Low
2025-05-28 16:48:38_39.0056666666667_-111.404333333333,2025-05-28 16:48:38,0.89,-0.69,39.0056666666667,-111.404333333333,Low
2025-05-28 16:38:17_35.7771667_-117.594,2025-05-28 16:38:17,0.62,9.29,35.7771667,-117.594,Low
2025-05-28 16:28:54_34.033_-117.1698333,2025-05-28 16:28:54,0.63,15.9,34.033,-117.1698333,Low
2025-05-28 16:22:53_38.7721672058105_-122.745330810547,2025-05-28 16:22:53,0.91,1.74000000953674,38.7721672058105,-122.745330810547,Low
2025-05-28 16:00:20_37.3703333333333_-118.435166666667,2025-05-28 16:00:20,1.55,4.06,37.3703333333333,-118.435166666667,Low
2025-05-28 15:55:48_33.6723333_-116.7296667,2025-05-28 15:55:48,0.88,15.69,33.6723333,-116.7296667,Low
2025-05-28 15:49:46_34.0436667_-118.0946667,2025-05-28 15:49:46,1.12,14.45,34.0436667,-118.0946667,Low
2025-05-28 15:34:22_33.5331667_-116.7258333,2025-05-28 15:34:22,0.41,5.05,33.5331667,-116.7258333,Low
2025-05-28 15:23:43_33.167_-116.3853333,2025-05-28 15:23:43,0.44,5.21,33.167,-116.3853333,Low
2025-05-28 15:15:31_33.5358333_-116.7226667,2025-05-28 15:15:31,0.53,4.46,33.5358333,-116.7226667,Low
2025-05-28 15:13:51_39.694_-111.189833333333,2025-05-28 15:13:51,0.93,3.84,39.694,-111.189833333333,Low
2025-05-28 15:09:59_38.8368339538574_-122.790000915527,2025-05-28 15:09:59,0.98,3.65000009536743,38.8368339538574,-122.790000915527,Low
2025-05-28 15:04:30_36.2973333333333_-120.885,2025-05-28 15:04:30,1.2,6.28,36.2973333333333,-120.885,Low
2025-05-28 14:44:30_34.22_-118.6756667,2025-05-28 14:44:30,1.25,5.81,34.22,-118.6756667,Low
2025-05-28 14:22:59_35.708_-117.5076667,2025-05-28 14:22:59,1.29,6.51,35.708,-117.5076667,Low
2025-05-28 14:18:35_35.9085_-117.7438333,2025-05-28 14:18:35,0.69,8.18,35.9085,-117.7438333,Low
2025-05-28 14:18:04_40.2775_-124.400666666667,2025-05-28 14:18:04,2.33,15.17,40.2775,-124.400666666667,Low
2025-05-28 14:00:51_33.529_-116.7335,2025-05-28 14:00:51,0.44,4.74,33.529,-116.7335,Low
2025-05-28 13:50:29_39.415_-111.138,2025-05-28 13:50:29,1.12,-0.68,39.415,-111.138,Low
2025-05-28 13:48:10_38.7603333333333_-122.737,2025-05-28 13:48:10,0.34,1.26,38.7603333333333,-122.737,Low
2025-05-28 13:31:58_39.0045_-111.395,2025-05-28 13:31:58,0.98,0.1,39.0045,-111.395,Low
2025-05-28 13:19:17_40.3953333333333_-125.017166666667,2025-05-28 13:19:17,2.7,10,40.3953333333333,-125.017166666667,Medium
2025-05-28 13:18:53_33.0308333_-115.9988333,2025-05-28 13:18:53,0.71,8.18,33.0308333,-115.9988333,Low
2025-05-28 13:17:57_39.7051666666667_-110.817333333333,2025-05-28 13:17:57,1.16,1.77,39.7051666666667,-110.817333333333,Low
2025-05-28 13:14:35_38.7591667175293_-122.738670349121,2025-05-28 13:14:35,1.13,1.72000002861023,38.7591667175293,-122.738670349121,Low
2025-05-28 12:41:05_38.8308334350586_-122.816833496094,2025-05-28 12:41:05,0.5,1.62999999523163,38.8308334350586,-122.816833496094,Low
2025-05-28 12:22:13_38.9993333333333_-111.414833333333,2025-05-28 12:22:13,1.04,-1.05,38.9993333333333,-111.414833333333,Low
2025-05-28 12:04:17_33.4803333_-116.4368333,2025-05-28 12:04:17,0.71,12.83,33.4803333,-116.4368333,Low
2025-05-28 11:22:53_33.5258333_-116.7445,2025-05-28 11:22:53,0.36,2.42,33.5258333,-116.7445,Low
2025-05-28 11:15:08_38.8376666666667_-122.807666666667,2025-05-28 11:15:08,0.43,3.03,38.8376666666667,-122.807666666667,Low
2025-05-28 10:47:25_40.4859_-126.1763,2025-05-28 10:47:25,2.8,21.102,40.4859,-126.1763,Medium
2025-05-28 10:42:27_35.8723333_-117.6386667,2025-05-28 10:42:27,0.36,9.54,35.8723333,-117.6386667,Low
2025-05-28 10:42:05_35.8683333_-117.6528333,2025-05-28 10:42:05,0.9,5.61,35.8683333,-117.6528333,Low
2025-05-28 10:37:34_37.5005_-121.599833333333,2025-05-28 10:37:34,1,7.53,37.5005,-121.599833333333,Low
2025-05-28 10:37:07_37.5008333333333_-121.6,2025-05-28 10:37:07,1.04,6.59,37.5008333333333,-121.6,Low
2025-05-28 10:15:40_39.1646_-119.0253,2025-05-28 10:15:40,0.9,6.3,39.1646,-119.0253,Low
2025-05-28 10:10:15_38.7996666666667_-122.781,2025-05-28 10:10:15,0.31,3.99,38.7996666666667,-122.781,Low
2025-05-28 09:56:49_35.6596667_-117.4713333,2025-05-28 09:56:49,0.97,6.89,35.6596667,-117.4713333,Low
2025-05-28 09:48:53_37.2803333333333_-122.162166666667,2025-05-28 09:48:53,0.7,7.88,37.2803333333333,-122.162166666667,Low
2025-05-28 09:42:16_38.7456665039062_-122.703330993652,2025-05-28 09:42:16,1.56,1.92999994754791,38.7456665039062,-122.703330993652,Low
2025-05-28 09:26:53_38.7826652526855_-122.730667114258,2025-05-28 09:26:53,0.74,1.26999998092651,38.7826652526855,-122.730667114258,Low
2025-05-28 09:02:47_33.4165_-116.6146667,2025-05-28 09:02:47,0.91,9.58,33.4165,-116.6146667,Low
2025-05-28 08:51:43_37.3695_-118.456666666667,2025-05-28 08:51:43,2.89,2.62,37.3695,-118.456666666667,Medium
2025-05-28 08:19:23_39.2273_-120.0832,2025-05-28 08:19:23,0,6.9,39.2273,-120.0832,Low
2025-05-28 08:18:43_44.3681666666667_-115.185166666667,2025-05-28 08:18:43,1.98,4.62,44.3681666666667,-115.185166666667,Low
2025-05-28 08:06:56_37.407_-121.737166666667,2025-05-28 08:06:56,1.26,3.52,37.407,-121.737166666667,Low
2025-05-28 08:04:34_38.7911682128906_-122.749168395996,2025-05-28 08:04:34,0.29,3.67000007629395,38.7911682128906,-122.749168395996,Low
2025-05-28 07:41:42_38.785_-122.744166666667,2025-05-28 07:41:42,0.27,2.53,38.785,-122.744166666667,Low
2025-05-28 07:34:42_35.9331667_-117.6868333,2025-05-28 07:34:42,1.31,2,35.9331667,-117.6868333,Low
2025-05-28 07:26:53_35.7031667_-117.5141667,2025-05-28 07:26:53,1.24,10.04,35.7031667,-117.5141667,Low
2025-05-28 07:08:20_34.0066667_-116.3191667,2025-05-28 07:08:20,1.36,9.28,34.0066667,-116.3191667,Low
2025-05-28 06:39:37_36.1401667_-117.8601667,2025-05-28 06:39:37,1.34,2.46,36.1401667,-117.8601667,Low
2025-05-28 06:32:04_35.484_-118.308,2025-05-28 06:32:04,0.97,2.9,35.484,-118.308,Low
2025-05-28 06:21:44_33.2461667_-116.3236667,2025-05-28 06:21:44,1.12,9.85,33.2461667,-116.3236667,Low
2025-05-28 06:19:31_35.2883333_-119.3365,2025-05-28 06:19:31,1.58,17.55,35.2883333,-119.3365,Low
2025-05-28 05:41:12_33.1476667_-116.6568333,2025-05-28 05:41:12,0.67,16.77,33.1476667,-116.6568333,Low
2025-05-28 05:37:47_33.302_-116.2565,2025-05-28 05:37:47,1.06,3.21,33.302,-116.2565,Low
2025-05-28 05:35:31_33.4088333_-116.4336667,2025-05-28 05:35:31,0.87,14.04,33.4088333,-116.4336667,Low
2025-05-28 05:35:22_33.304_-116.2506667,2025-05-28 05:35:22,0.85,3.35,33.304,-116.2506667,Low
2025-05-28 05:35:15_33.4071667_-116.4245,2025-05-28 05:35:15,0.48,16.1,33.4071667,-116.4245,Low
2025-05-28 05:32:57_38.791332244873_-122.776664733887,2025-05-28 05:32:57,1.65,0.930000007152557,38.791332244873,-122.776664733887,Low
2025-05-28 05:22:34_33.3003333_-116.2538333,2025-05-28 05:22:34,1.2,2.9,33.3003333,-116.2538333,Low
2025-05-28 05:11:09_33.864_-117.834,2025-05-28 05:11:09,1.65,5.16,33.864,-117.834,Low
2025-05-28 05:04:48_35.0335_-117.6866667,2025-05-28 05:04:48,1.6,-0.83,35.0335,-117.6866667,Low
2025-05-28 04:51:39_38.7986679077148_-122.815170288086,2025-05-28 04:51:39,0.79,3.48000001907349,38.7986679077148,-122.815170288086,Low
2025-05-28 04:06:38_36.0381666666667_-120.607,2025-05-28 04:06:38,0.79,2.29,36.0381666666667,-120.607,Low
2025-05-28 04:02:26_35.3525_-117.8051667,2025-05-28 04:02:26,1.27,7.72,35.3525,-117.8051667,Low
2025-05-28 03:36:31_38.8356666564941_-122.804168701172,2025-05-28 03:36:31,0.72,1.75999999046326,38.8356666564941,-122.804168701172,Low
2025-05-28 03:19:15_37.6063333333333_-118.998666666667,2025-05-28 03:19:15,0.22,1.21,37.6063333333333,-118.998666666667,Low
2025-05-28 03:18:50_38.8103333333333_-122.817166666667,2025-05-28 03:18:50,0.4,3.04,38.8103333333333,-122.817166666667,Low
2025-05-28 03:17:15_38.8083343505859_-122.817497253418,2025-05-28 03:17:15,1.1,2.47000002861023,38.8083343505859,-122.817497253418,Low
2025-05-28 03:16:25_40.4181666666667_-125.120833333333,2025-05-28 03:16:25,2.78,10,40.4181666666667,-125.120833333333,Low
2025-05-28 02:46:14_35.4866667_-118.3051667,2025-05-28 02:46:14,1.49,4.17,35.4866667,-118.3051667,Low
2025-05-28 02:23:54_33.1671667_-116.3896667,2025-05-28 02:23:54,0.74,3.99,33.1671667,-116.3896667,Low
2025-05-28 02:18:50_33.876_-117.0308333,2025-05-28 02:18:50,1,-0.8,33.876,-117.0308333,Low
2025-05-28 01:38:55_38.8330001831055_-122.790336608887,2025-05-28 01:38:55,1.09,1.87999999523163,38.8330001831055,-122.790336608887,Low
2025-05-28 01:11:18_40.988_-122.217333333333,2025-05-28 01:11:18,1.96,7.97,40.988,-122.217333333333,Low
2025-05-28 01:09:08_38.8370018005371_-122.836334228516,2025-05-28 01:09:08,0.78,1.60000002384186,38.8370018005371,-122.836334228516,Low
2025-05-28 01:03:46_43.6495_-121.19816666666667,2025-05-28 01:03:46,-0.11,3.11,43.6495,-121.19816666666667,Low
2025-05-28 00:51:40_38.8066673278809_-122.814163208008,2025-05-28 00:51:40,1.08,2.59999990463257,38.8066673278809,-122.814163208008,Low
2025-05-28 00:50:59_33.3095_-116.2423333,2025-05-28 00:50:59,1.04,5.05,33.3095,-116.2423333,Low
2025-05-28 00:49:40_44.3401666666667_-115.0345,2025-05-28 00:49:40,1.49,4.16,44.3401666666667,-115.0345,Low
2025-05-28 00:41:10_36.9951666666667_-119.807833333333,2025-05-28 00:41:10,2.05,-0.39,36.9951666666667,-119.807833333333,Low
2025-05-27 23:51:14_38.8375015258789_-122.810997009277,2025-05-27 23:51:14,0.77,1.87999999523163,38.8375015258789,-122.810997009277,Low
2025-05-27 23:48:46_44.14683333333333_-122.73683333333334,2025-05-27 23:48:46,1.61,-0.58,44.14683333333333,-122.73683333333334,Low
2025-05-27 23:21:43_36.0223333333333_-120.586166666667,2025-05-27 23:21:43,0.62,2.93,36.0223333333333,-120.586166666667,Low
2025-05-27 23:14:44_38.5012_-116.4407,2025-05-27 23:14:44,1.3,8.2,38.5012,-116.4407,Low
2025-05-27 23:10:46_38.8066673278809_-122.771835327148,2025-05-27 23:10:46,1.01,3.21000003814697,38.8066673278809,-122.771835327148,Low
2025-05-27 23:08:11_33.0595_-115.0051667,2025-05-27 23:08:11,1.29,-0.2,33.0595,-115.0051667,Low
2025-05-27 23:04:21_38.524_-116.4847,2025-05-27 23:04:21,1.5,5.9,38.524,-116.4847,Low
2025-05-27 22:51:08_38.7901649475098_-122.754501342773,2025-05-27 22:51:08,0.35,3.5699999332428,38.7901649475098,-122.754501342773,Low
2025-05-27 22:41:02_38.839168548584_-122.841835021973,2025-05-27 22:41:02,1.01,1.12000000476837,38.839168548584,-122.841835021973,Low
2025-05-27 22:35:39_38.7956666666667_-122.810166666667,2025-05-27 22:35:39,0.29,3.49,38.7956666666667,-122.810166666667,Low
2025-05-27 22:17:40_38.7906684875488_-122.754165649414,2025-05-27 22:17:40,1.04,0.0700000002980232,38.7906684875488,-122.754165649414,Low
2025-05-27 22:00:35_33.4576667_-116.4381667,2025-05-27 22:00:35,1.42,3.01,33.4576667,-116.4381667,Low
2025-05-27 21:59:01_38.8395004272461_-122.841163635254,2025-05-27 21:59:01,0.2,1.60000002384186,38.8395004272461,-122.841163635254,Low
2025-05-27 21:56:45_37.1933_-117.3894,2025-05-27 21:56:45,1.4,9.8,37.1933,-117.3894,Low
2025-05-27 21:56:41_33.6565_-116.737,2025-05-27 21:56:41,0.98,13.14,33.6565,-116.737,Low
2025-05-27 21:56:19_35.3525_-117.809,2025-05-27 21:56:19,1.22,6.77,35.3525,-117.809,Low
2025-05-27 21:55:40_35.6593333_-117.5405,2025-05-27 21:55:40,1.49,8.48,35.6593333,-117.5405,Low
2025-05-27 21:33:18_36.0826667_-117.5323333,2025-05-27 21:33:18,0.7,1.17,36.0826667,-117.5323333,Low
2025-05-27 21:11:46_35.3345_-117.8178333,2025-05-27 21:11:46,1.95,5.79,35.3345,-117.8178333,Low
2025-05-27 21:05:36_43.4705_-111.068,2025-05-27 21:05:36,0.74,5.29,43.4705,-111.068,Low
2025-05-27 20:59:18_38.8146667480469_-122.818664550781,2025-05-27 20:59:18,0.57,2.48000001907349,38.8146667480469,-122.818664550781,Low
2025-05-27 20:58:01_33.696_-117.0201667,2025-05-27 20:58:01,0.57,11.69,33.696,-117.0201667,Low
2025-05-27 20:41:14_38.8219985961914_-122.806999206543,2025-05-27 20:41:14,0.72,2.85999989509583,38.8219985961914,-122.806999206543,Low
2025-05-27 20:33:18_33.0496667_-116.5946667,2025-05-27 20:33:18,0.71,13.37,33.0496667,-116.5946667,Low
2025-05-27 20:25:14_38.7835006713867_-122.758331298828,2025-05-27 20:25:14,1.64,1.76999998092651,38.7835006713867,-122.758331298828,Low
2025-05-27 20:20:29_38.8409996032715_-122.877830505371,2025-05-27 20:20:29,1.04,2.42000007629395,38.8409996032715,-122.877830505371,Low
2025-05-27 20:19:36_33.477_-116.4938333,2025-05-27 20:19:36,0.1,7.78,33.477,-116.4938333,Low
2025-05-27 20:16:42_33.6685_-116.7148333,2025-05-27 20:16:42,0.58,15.01,33.6685,-116.7148333,Low
2025-05-27 20:07:55_33.4305_-116.379,2025-05-27 20:07:55,0.74,11,33.4305,-116.379,Low
2025-05-27 19:52:58_44.334_-115.020333333333,2025-05-27 19:52:58,1.56,6.11,44.334,-115.020333333333,Low
2025-05-27 19:48:02_43.3201666666667_-110.887333333333,2025-05-27 19:48:02,0.36,0.06,43.3201666666667,-110.887333333333,Low
2025-05-27 19:32:26_33.6605_-116.7235,2025-05-27 19:32:26,1.15,15.29,33.6605,-116.7235,Low
2025-05-27 19:31:42_33.6601667_-116.7231667,2025-05-27 19:31:42,1.01,15.14,33.6601667,-116.7231667,Low
2025-05-27 19:27:14_33.6743333_-116.7146667,2025-05-27 19:27:14,0.09,14.88,33.6743333,-116.7146667,Low
2025-05-27 19:27:13_33.6683333_-116.717,2025-05-27 19:27:13,0.11,14.35,33.6683333,-116.717,Low
2025-05-27 19:27:07_33.6668333_-116.7203333,2025-05-27 19:27:07,0.44,15.12,33.6668333,-116.7203333,Low
2025-05-27 19:26:32_33.6645_-116.719,2025-05-27 19:26:32,0.25,14.3,33.6645,-116.719,Low
2025-05-27 19:26:19_33.6655_-116.7193333,2025-05-27 19:26:19,0.57,14.64,33.6655,-116.7193333,Low
2025-05-27 19:23:28_39.3023333333333_-111.972666666667,2025-05-27 19:23:28,1.21,1.32,39.3023333333333,-111.972666666667,Low
2025-05-27 19:18:45_36.515_-113.9867,2025-05-27 19:18:45,2.3,5.7,36.515,-113.9867,Low
2025-05-27 19:14:07_36.6413333333333_-121.260666666667,2025-05-27 19:14:07,0.8,5.7,36.6413333333333,-121.260666666667,Low
2025-05-27 19:11:29_44.3371666666667_-115.024,2025-05-27 19:11:29,1.62,7.18,44.3371666666667,-115.024,Low
2025-05-27 18:46:09_33.3676667_-116.696,2025-05-27 18:46:09,0.8,10.3,33.3676667,-116.696,Low
2025-05-27 18:18:54_44.3321666666667_-115.019666666667,2025-05-27 18:18:54,1.7,1.77,44.3321666666667,-115.019666666667,Low
2025-05-27 18:17:49_38.7949981689453_-122.78150177002,2025-05-27 18:17:49,0.73,3.96000003814697,38.7949981689453,-122.78150177002,Low
2025-05-27 18:17:39_38.8221664428711_-122.786834716797,2025-05-27 18:17:39,1.09,1.85000002384186,38.8221664428711,-122.786834716797,Low
2025-05-27 18:14:59_38.823_-122.787666666667,2025-05-27 18:14:59,0.32,2.46,38.823,-122.787666666667,Low
2025-05-27 18:10:51_36.5083_-113.9909,2025-05-27 18:10:51,3.4,10.89,36.5083,-113.9909,Low
2025-05-27 18:06:46_33.5315_-116.7298333,2025-05-27 18:06:46,0.34,3.57,33.5315,-116.7298333,Low
2025-05-27 18:03:24_35.3316667_-117.8121667,2025-05-27 18:03:24,0.91,7.84,35.3316667,-117.8121667,Low
2025-05-27 17:54:30_38.841667175293_-122.818000793457,2025-05-27 17:54:30,0.78,1.17999994754791,38.841667175293,-122.818000793457,Low
2025-05-27 17:44:48_35.9806666666667_-120.546666666667,2025-05-27 17:44:48,1.75,3.35,35.9806666666667,-120.546666666667,Low
2025-05-27 17:41:30_40.282_-124.607,2025-05-27 17:41:30,2.22,6.82,40.282,-124.607,Low
2025-05-27 17:27:08_37.3903333333333_-118.505833333333,2025-05-27 17:27:08,1.2,9.93,37.3903333333333,-118.505833333333,Low
2025-05-27 17:16:36_38.7721672058105_-122.731834411621,2025-05-27 17:16:36,1.72,0.310000002384186,38.7721672058105,-122.731834411621,Low
2025-05-27 17:03:36_34.2535_-118.6698333,2025-05-27 17:03:36,1.89,6.68,34.2535,-118.6698333,Low
2025-05-27 16:25:34_37.366_-117.1867,2025-05-27 16:25:34,1.2,7.1,37.366,-117.1867,Low
2025-05-27 16:21:35_37.0449_-117.865,2025-05-27 16:21:35,1,7.7,37.0449,-117.865,Low
2025-05-27 16:06:42_39.0155_-123.3105,2025-05-27 16:06:42,1.27,5.75,39.0155,-123.3105,Low
2025-05-27 15:53:54_37.5608_-117.3032,2025-05-27 15:53:54,1.3,3.8,37.5608,-117.3032,Low
2025-05-27 15:51:43_37.3996_-117.183,2025-05-27 15:51:43,1,1.5,37.3996,-117.183,Low
2025-05-27 15:51:10_44.3451666666667_-115.0295,2025-05-27 15:51:10,1.83,-0.8,44.3451666666667,-115.0295,Low
2025-05-27 15:42:36_33.0538333_-116.4105,2025-05-27 15:42:36,0.76,7.63,33.0538333,-116.4105,Low
2025-05-27 15:37:40_37.5928333333333_-122.466666666667,2025-05-27 15:37:40,2.02,9.68,37.5928333333333,-122.466666666667,Low
2025-05-27 15:33:03_37.3708_-117.1794,2025-05-27 15:33:03,0.8,5.2,37.3708,-117.1794,Low
2025-05-27 15:30:10_37.4051_-117.1961,2025-05-27 15:30:10,1.1,4.5,37.4051,-117.1961,Low
2025-05-27 15:25:39_34.0578333_-116.9991667,2025-05-27 15:25:39,1.47,13.57,34.0578333,-116.9991667,Low
2025-05-27 15:03:25_38.7761666666667_-122.729,2025-05-27 15:03:25,0.65,1.71,38.7761666666667,-122.729,Low
2025-05-27 15:02:11_37.1963_-117.3933,2025-05-27 15:02:11,1,3.1,37.1963,-117.3933,Low
2025-05-27 15:00:44_33.4715_-116.4186667,2025-05-27 15:00:44,0.47,12.98,33.4715,-116.4186667,Low
2025-05-27 15:00:35_33.4691667_-116.4255,2025-05-27 15:00:35,0.73,12.77,33.4691667,-116.4255,Low
2025-05-27 15:00:20_33.4773333_-116.4278333,2025-05-27 15:00:20,0.52,12.41,33.4773333,-116.4278333,Low
2025-05-27 15:00:11_33.4655_-116.426,2025-05-27 15:00:11,0.72,15.11,33.4655,-116.426,Low
2025-05-27 15:00:06_33.4706667_-116.4296667,2025-05-27 15:00:06,0.61,12.9,33.4706667,-116.4296667,Low
2025-05-27 15:00:04_33.4678333_-116.4323333,2025-05-27 15:00:04,0.47,12.01,33.4678333,-116.4323333,Low
2025-05-27 14:56:38_39.1422_-119.0506,2025-05-27 14:56:38,0.7,5.2,39.1422,-119.0506,Low
2025-05-27 14:38:51_44.3401666666667_-115.017666666667,2025-05-27 14:38:51,1.75,9.53,44.3401666666667,-115.017666666667,Low
2025-05-27 14:22:32_37.3999_-117.1874,2025-05-27 14:22:32,0.9,1.7,37.3999,-117.1874,Low
2025-05-27 14:20:39_37.2251_-117.2484,2025-05-27 14:20:39,1.3,3.3,37.2251,-117.2484,Low
2025-05-27 14:19:35_37.1923_-117.3895,2025-05-27 14:19:35,2.2,10.3,37.1923,-117.3895,Low
2025-05-27 14:16:46_38.588_-112.5435,2025-05-27 14:16:46,0.36,0.73,38.588,-112.5435,Low
2025-05-27 14:13:43_44.3431666666667_-115.026333333333,2025-05-27 14:13:43,2.12,0.7,44.3431666666667,-115.026333333333,Low
2025-05-27 14:00:06_33.9905_-116.958,2025-05-27 14:00:06,0.71,17.92,33.9905,-116.958,Low
2025-05-27 13:59:17_38.7905006408691_-122.762832641602,2025-05-27 13:59:17,0.78,3.52999997138977,38.7905006408691,-122.762832641602,Low
2025-05-27 13:51:39_44.3401666666667_-115.025,2025-05-27 13:51:39,1.63,4.05,44.3401666666667,-115.025,Low
2025-05-27 13:34:26_44.343_-115.023,2025-05-27 13:34:26,2.25,2.77,44.343,-115.023,Low
2025-05-27 13:28:01_38.6237_-116.498,2025-05-27 13:28:01,1.7,8.6,38.6237,-116.498,Low
2025-05-27 13:17:30_38.827_-122.799666666667,2025-05-27 13:17:30,0.38,1.98,38.827,-122.799666666667,Low
2025-05-27 13:14:23_38.7964_-118.8258,2025-05-27 13:14:23,1.3,2,38.7964,-118.8258,Low
2025-05-27 13:08:11_38.8134994506836_-122.820663452148,2025-05-27 13:08:11,0.56,2.84999990463257,38.8134994506836,-122.820663452148,Low
2025-05-27 13:06:20_38.8281669616699_-122.852668762207,2025-05-27 13:06:20,0.76,2.14000010490417,38.8281669616699,-122.852668762207,Low
2025-05-27 13:06:14_44.3413333333333_-115.017,2025-05-27 13:06:14,2.19,5.62,44.3413333333333,-115.017,Low
2025-05-27 13:05:18_44.3403333333333_-115.0195,2025-05-27 13:05:18,2.51,4.18,44.3403333333333,-115.0195,Low
2025-05-27 13:01:27_44.3376666666667_-115.015833333333,2025-05-27 13:01:27,1.85,0.01,44.3376666666667,-115.015833333333,Low
2025-05-27 12:58:45_33.1368333_-116.4556667,2025-05-27 12:58:45,0.77,10.95,33.1368333,-116.4556667,Low
2025-05-27 12:55:34_44.3346666666667_-115.024166666667,2025-05-27 12:55:34,1.83,7.9,44.3346666666667,-115.024166666667,Low
2025-05-27 12:51:55_33.0558333_-116.4775,2025-05-27 12:51:55,0.55,4.49,33.0558333,-116.4775,Low
2025-05-27 12:44:38_44.3438333333333_-115.025166666667,2025-05-27 12:44:38,2.54,-1.21,44.3438333333333,-115.025166666667,Low
2025-05-27 12:43:21_44.3431666666667_-115.032,2025-05-27 12:43:21,1.44,0.24,44.3431666666667,-115.032,Low
2025-05-27 12:40:45_44.3398333333333_-115.021666666667,2025-05-27 12:40:45,2.3,3.68,44.3398333333333,-115.021666666667,Low
2025-05-27 12:30:36_44.3746_-115.0352,2025-05-27 12:30:36,3,13.141,44.3746,-115.0352,Low
2025-05-27 12:25:41_38.8351666666667_-122.784,2025-05-27 12:25:41,0.31,2.12,38.8351666666667,-122.784,Low
2025-05-27 12:16:34_38.8349990844727_-122.798835754395,2025-05-27 12:16:34,0.7,1.6599999666214,38.8349990844727,-122.798835754395,Low
2025-05-27 12:16:09_44.3436666666667_-115.025333333333,2025-05-27 12:16:09,1.8,5.22,44.3436666666667,-115.025333333333,Low
2025-05-27 12:04:28_44.34_-115.0345,2025-05-27 12:04:28,1.49,1.67,44.34,-115.0345,Low
2025-05-27 11:52:42_37.2083_-117.4189,2025-05-27 11:52:42,0.6,8.3,37.2083,-117.4189,Low
2025-05-27 11:44:57_37.592_-122.466833333333,2025-05-27 11:44:57,1.71,9.9,37.592,-122.466833333333,Low
2025-05-27 11:44:15_38.8366661071777_-122.803337097168,2025-05-27 11:44:15,0.7,2.10999989509583,38.8366661071777,-122.803337097168,Low
2025-05-27 11:32:59_44.3516666666667_-115.025666666667,2025-05-27 11:32:59,1.78,4.79,44.3516666666667,-115.025666666667,Low
2025-05-27 11:32:39_44.3355_-115.022666666667,2025-05-27 11:32:39,1.61,8.07,44.3355,-115.022666666667,Low
2025-05-27 11:29:13_44.3435_-115.018666666667,2025-05-27 11:29:13,2.91,5.19,44.3435,-115.018666666667,Low
2025-05-27 11:28:53_36.4406666666667_-121.017833333333,2025-05-27 11:28:53,0.98,7.24,36.4406666666667,-121.017833333333,Low
2025-05-27 11:24:31_44.3415_-115.028833333333,2025-05-27 11:24:31,2.25,8.67,44.3415,-115.028833333333,Low
2025-05-27 11:24:13_38.8055000305176_-122.811996459961,2025-05-27 11:24:13,0.81,2.80999994277954,38.8055000305176,-122.811996459961,Low
2025-05-27 11:11:44_38.8223342895508_-122.803169250488,2025-05-27 11:11:44,0.4,3.13000011444092,38.8223342895508,-122.803169250488,Low
2025-05-27 11:08:49_44.3426666666667_-115.0255,2025-05-27 11:08:49,1.84,1.52,44.3426666666667,-115.0255,Low
2025-05-27 11:03:02_38.8351669311523_-122.81916809082,2025-05-27 11:03:02,0.34,2.01999998092651,38.8351669311523,-122.81916809082,Low
2025-05-27 11:01:10_33.1538333_-116.2288333,2025-05-27 11:01:10,0.49,10.15,33.1538333,-116.2288333,Low
2025-05-27 10:57:16_38.8178329467773_-122.763168334961,2025-05-27 10:57:16,1.01,1.78999996185303,38.8178329467773,-122.763168334961,Low
2025-05-27 10:49:44_38.0446666666667_-119.0495,2025-05-27 10:49:44,1.28,6.29,38.0446666666667,-119.0495,Low
2025-05-27 10:42:43_40.794_-119.1832,2025-05-27 10:42:43,1.9,1.4,40.794,-119.1832,Low
2025-05-27 10:26:46_33.2923333_-116.2733333,2025-05-27 10:26:46,1.11,5.01,33.2923333,-116.2733333,Low
2025-05-27 10:14:43_36.6171_-116.4647,2025-05-27 10:14:43,0.3,3.8,36.6171,-116.4647,Low
2025-05-27 10:12:12_36.4315_-121.0325,2025-05-27 10:12:12,0.87,6.76,36.4315,-121.0325,Low
2025-05-27 10:08:38_36.4368333333333_-121.032333333333,2025-05-27 10:08:38,2.18,8.03,36.4368333333333,-121.032333333333,Low
2025-05-27 09:57:18_38.8194999694824_-122.82266998291,2025-05-27 09:57:18,0.77,2.42000007629395,38.8194999694824,-122.82266998291,Low
2025-05-27 09:49:52_36.32_-117.9146667,2025-05-27 09:49:52,1.32,3.23,36.32,-117.9146667,Low
2025-05-27 09:40:13_42.30833333333333_-118.53433333333334,2025-05-27 09:40:13,1.75,-0.78,42.30833333333333,-118.53433333333334,Low
2025-05-27 09:09:57_38.841667175293_-122.877166748047,2025-05-27 09:09:57,1.05,2.02999997138977,38.841667175293,-122.877166748047,Low
2025-05-27 09:03:42_33.8003333_-116.0826667,2025-05-27 09:03:42,0.77,3.89,33.8003333,-116.0826667,Low
2025-05-27 08:53:52_37.4518333333333_-118.8315,2025-05-27 08:53:52,0.58,3.63,37.4518333333333,-118.8315,Low
2025-05-27 08:52:24_37.5931666666667_-122.4645,2025-05-27 08:52:24,1.47,9.46,37.5931666666667,-122.4645,Low
2025-05-27 08:48:56_37.5925_-122.463833333333,2025-05-27 08:48:56,1.28,9.19,37.5925,-122.463833333333,Low
2025-05-27 08:42:34_37.8153333333333_-122.012,2025-05-27 08:42:34,0.94,9.6,37.8153333333333,-122.012,Low
2025-05-27 08:35:30_38.7966651916504_-122.805000305176,2025-05-27 08:35:30,1.07,2.44000005722046,38.7966651916504,-122.805000305176,Low
2025-05-27 08:29:44_38.8176651000977_-122.819664001465,2025-05-27 08:29:44,0.76,2.26999998092651,38.8176651000977,-122.819664001465,Low
2025-05-27 08:26:52_37.8145_-122.0165,2025-05-27 08:26:52,0.92,9.27,37.8145,-122.0165,Low
2025-05-27 08:12:28_37.5898333333333_-113.358666666667,2025-05-27 08:12:28,1.13,10.39,37.5898333333333,-113.358666666667,Low
2025-05-27 08:11:43_44.3236666666667_-115.0145,2025-05-27 08:11:43,1.26,8.31,44.3236666666667,-115.0145,Low
2025-05-27 07:58:10_38.8301658630371_-122.817497253418,2025-05-27 07:58:10,1.52,1.91999995708466,38.8301658630371,-122.817497253418,Low
2025-05-27 07:35:31_33.269_-116.4205,2025-05-27 07:35:31,0.57,4.36,33.269,-116.4205,Low
2025-05-27 07:17:43_38.8026657104492_-122.77433013916,2025-05-27 07:17:43,0.77,3.33999991416931,38.8026657104492,-122.77433013916,Low
2025-05-27 06:34:27_36.4428333333333_-121.021,2025-05-27 06:34:27,2.4,8.55,36.4428333333333,-121.021,Low
2025-05-27 06:33:13_38.9944_-118.2042,2025-05-27 06:33:13,1.1,8.5,38.9944,-118.2042,Low
2025-05-27 06:22:00_33.701_-116.7193333,2025-05-27 06:22:00,0.89,17.77,33.701,-116.7193333,Low
2025-05-27 06:15:15_44.3368333333333_-115.0255,2025-05-27 06:15:15,1.99,4.99,44.3368333333333,-115.0255,Low
2025-05-27 05:50:30_38.803_-122.775666666667,2025-05-27 05:50:30,0.49,3.34,38.803,-122.775666666667,Low
2025-05-27 05:06:29_37.5933333333333_-122.464833333333,2025-05-27 05:06:29,0.99,8.53,37.5933333333333,-122.464833333333,Low
2025-05-27 04:49:29_38.0816666666667_-118.9225,2025-05-27 04:49:29,1.46,-0.39,38.0816666666667,-118.9225,Low
2025-05-27 03:40:32_33.2835_-116.2845,2025-05-27 03:40:32,1.15,4.71,33.2835,-116.2845,Low
2025-05-27 03:38:26_38.8371658325195_-122.808334350586,2025-05-27 03:38:26,0.7,1.8400000333786,38.8371658325195,-122.808334350586,Low
2025-05-27 03:38:11_38.7823_-118.8249,2025-05-27 03:38:11,1.5,6.7,38.7823,-118.8249,Low
2025-05-27 03:02:14_37.4073333333333_-118.669,2025-05-27 03:02:14,0.9,11.43,37.4073333333333,-118.669,Low
2025-05-27 02:57:43_38.8328323364258_-122.80916595459,2025-05-27 02:57:43,0.76,2.42000007629395,38.8328323364258,-122.80916595459,Low
2025-05-27 02:53:52_33.3148333_-116.23,2025-05-27 02:53:52,0.26,7.77,33.3148333,-116.23,Low
2025-05-27 02:41:26_36.0738333333333_-120.649666666667,2025-05-27 02:41:26,0.46,1.62,36.0738333333333,-120.649666666667,Low
2025-05-27 02:27:57_38.838_-122.821833333333,2025-05-27 02:27:57,0.32,1.58,38.838,-122.821833333333,Low
2025-05-27 02:13:16_35.7538333_-117.6005,2025-05-27 02:13:16,0.92,10.75,35.7538333,-117.6005,Low
2025-05-27 01:52:16_32.9338333_-116.2646667,2025-05-27 01:52:16,0.95,6.33,32.9338333,-116.2646667,Low
2025-05-27 01:50:14_34.288_-117.0123333,2025-05-27 01:50:14,1.33,4.59,34.288,-117.0123333,Low
2025-05-27 01:05:03_37.2181666666667_-121.607166666667,2025-05-27 01:05:03,0.76,3.19,37.2181666666667,-121.607166666667,Low
2025-05-27 01:02:52_32.7816667_-115.4363333,2025-05-27 01:02:52,2.1,12,32.7816667,-115.4363333,Low
2025-05-27 00:35:28_38.8206672668457_-122.823829650879,2025-05-27 00:35:28,0.44,2.51999998092651,38.8206672668457,-122.823829650879,Low
2025-05-27 00:17:02_38.7863349914551_-122.746170043945,2025-05-27 00:17:02,0.29,1.79999995231628,38.7863349914551,-122.746170043945,Low
2025-05-27 00:05:13_37.554_-113.269333333333,2025-05-27 00:05:13,1.28,6.91,37.554,-113.269333333333,Low
2025-05-26 23:46:44_38.814998626709_-122.825996398926,2025-05-26 23:46:44,0.66,1.98000001907349,38.814998626709,-122.825996398926,Low
2025-05-26 23:33:15_36.0095_-120.925666666667,2025-05-26 23:33:15,0.89,9.26,36.0095,-120.925666666667,Low
2025-05-26 23:23:11_38.820499420166_-122.764999389648,2025-05-26 23:23:11,1.15,2.25,38.820499420166,-122.764999389648,Low
2025-05-26 23:18:14_36.7485_-116.2825,2025-05-26 23:18:14,-0.2,9,36.7485,-116.2825,Low
2025-05-26 23:15:04_36.755_-116.2774,2025-05-26 23:15:04,-0.1,8.4,36.755,-116.2774,Low
2025-05-26 23:08:55_38.8404998779297_-122.838836669922,2025-05-26 23:08:55,0.32,1.8400000333786,38.8404998779297,-122.838836669922,Low
2025-05-26 22:57:08_36.0846667_-117.7855,2025-05-26 22:57:08,0.78,5.96,36.0846667,-117.7855,Low
2025-05-26 22:56:51_36.0951667_-117.7846667,2025-05-26 22:56:51,0.52,8.67,36.0951667,-117.7846667,Low
2025-05-26 22:47:08_39.1725_-123.501333333333,2025-05-26 22:47:08,0.79,2.84,39.1725,-123.501333333333,Low
2025-05-26 22:43:25_36.5846666666667_-121.189333333333,2025-05-26 22:43:25,0.75,3.69,36.5846666666667,-121.189333333333,Low
2025-05-26 22:22:24_38.7771_-118.833,2025-05-26 22:22:24,1.2,4.7,38.7771,-118.833,Low
2025-05-26 22:18:18_38.8106651306152_-122.830001831055,2025-05-26 22:18:18,0.44,1.79999995231628,38.8106651306152,-122.830001831055,Low
2025-05-26 22:09:26_38.7957_-118.8216,2025-05-26 22:09:26,1.4,0.9,38.7957,-118.8216,Low
2025-05-26 22:05:50_38.7971_-118.8321,2025-05-26 22:05:50,2.7,8.6,38.7971,-118.8321,Low
2025-05-26 22:03:53_38.7925_-118.8333,2025-05-26 22:03:53,1.2,8.4,38.7925,-118.8333,Low
2025-05-26 21:52:57_38.3562_-118.8931,2025-05-26 21:52:57,1.6,5.6,38.3562,-118.8931,Low
2025-05-26 21:45:21_38.8291666666667_-122.8145,2025-05-26 21:45:21,0.41,1.82,38.8291666666667,-122.8145,Low
2025-05-26 21:27:38_33.4613333_-116.6131667,2025-05-26 21:27:38,0.67,9.52,33.4613333,-116.6131667,Low
2025-05-26 21:25:35_33.739_-116.0323333,2025-05-26 21:25:35,0.9,5.77,33.739,-116.0323333,Low
2025-05-26 21:10:19_35.8111667_-117.6446667,2025-05-26 21:10:19,0.49,7.61,35.8111667,-117.6446667,Low
2025-05-26 21:05:27_40.4208333333333_-123.326,2025-05-26 21:05:27,2.39,34.05,40.4208333333333,-123.326,Low
2025-05-26 21:02:37_36.7711666666667_-121.465166666667,2025-05-26 21:02:37,0.76,8.29,36.7711666666667,-121.465166666667,Low
2025-05-26 20:48:26_40.2808333333333_-124.619333333333,2025-05-26 20:48:26,2.18,5.66,40.2808333333333,-124.619333333333,Low
2025-05-26 20:44:18_35.8596667_-117.6906667,2025-05-26 20:44:18,0.8,8.9,35.8596667,-117.6906667,Low
2025-05-26 20:39:37_35.6035_-117.4,2025-05-26 20:39:37,1.18,8.43,35.6035,-117.4,Low
2025-05-26 20:20:35_37.8155_-122.016666666667,2025-05-26 20:20:35,0.67,9.2,37.8155,-122.016666666667,Low
2025-05-26 20:19:33_39.3181666666667_-112.057166666667,2025-05-26 20:19:33,1.46,0.83,39.3181666666667,-112.057166666667,Low
2025-05-26 20:09:06_39.699_-110.827666666667,2025-05-26 20:09:06,1.31,-2.7,39.699,-110.827666666667,Low
2025-05-26 20:05:23_35.329_-117.808,2025-05-26 20:05:23,1.2,7.04,35.329,-117.808,Low
2025-05-26 19:41:34_39.315_-112.085333333333,2025-05-26 19:41:34,1.47,0.31,39.315,-112.085333333333,Low
2025-05-26 19:27:36_38.8066673278809_-122.81600189209,2025-05-26 19:27:36,0.73,3.39000010490417,38.8066673278809,-122.81600189209,Low
2025-05-26 19:10:51_38.8073348999023_-122.777168273926,2025-05-26 19:10:51,1.76,2.17000007629395,38.8073348999023,-122.777168273926,Low
2025-05-26 18:59:00_38.8258333333333_-122.747,2025-05-26 18:59:00,0.48,1.03,38.8258333333333,-122.747,Low
2025-05-26 18:17:49_33.5301667_-116.7306667,2025-05-26 18:17:49,0.42,5.35,33.5301667,-116.7306667,Low
2025-05-26 18:06:35_33.4871667_-116.4335,2025-05-26 18:06:35,0.62,13.51,33.4871667,-116.4335,Low
2025-05-26 18:02:39_33.0658333_-116.4716667,2025-05-26 18:02:39,0.76,14.09,33.0658333,-116.4716667,Low
2025-05-26 17:39:58_35.906_-117.7485,2025-05-26 17:39:58,0.61,8.06,35.906,-117.7485,Low
2025-05-26 17:33:06_40.2576666666667_-124.617,2025-05-26 17:33:06,2.39,1.01,40.2576666666667,-124.617,Low
2025-05-26 17:14:41_34.1891667_-117.3928333,2025-05-26 17:14:41,0.72,11.93,34.1891667,-117.3928333,Low
2025-05-26 17:13:37_44.3401666666667_-115.024833333333,2025-05-26 17:13:37,1.81,3.09,44.3401666666667,-115.024833333333,Low
2025-05-26 16:53:51_33.541_-116.7243333,2025-05-26 16:53:51,0.35,4.51,33.541,-116.7243333,Low
2025-05-26 16:53:16_44.3351666666667_-115.017166666667,2025-05-26 16:53:16,0.69,5.15,44.3351666666667,-115.017166666667,Low
2025-05-26 16:48:42_44.3425_-115.023,2025-05-26 16:48:42,1.25,5.01,44.3425,-115.023,Low
2025-05-26 16:47:21_40.26_-124.608666666667,2025-05-26 16:47:21,2.14,3.75,40.26,-124.608666666667,Low
2025-05-26 16:44:17_38.1697_-117.822,2025-05-26 16:44:17,3,10.8,38.1697,-117.822,Low
2025-05-26 16:34:14_33.8935_-116.914,2025-05-26 16:34:14,0.61,12.52,33.8935,-116.914,Low
2025-05-26 16:31:07_40.2603333333333_-124.616166666667,2025-05-26 16:31:07,2.92,2.16,40.2603333333333,-124.616166666667,Low
2025-05-26 16:22:37_38.7976684570312_-122.78116607666,2025-05-26 16:22:37,0.77,3,38.7976684570312,-122.78116607666,Low
2025-05-26 16:06:27_38.8333320617676_-122.809829711914,2025-05-26 16:06:27,1.09,2.16000008583069,38.8333320617676,-122.809829711914,Low
2025-05-26 15:53:24_35.331_-117.8106667,2025-05-26 15:53:24,1.04,7.65,35.331,-117.8106667,Low
2025-05-26 14:45:38_38.5906666666667_-122.7905,2025-05-26 14:45:38,1.07,6.98,38.5906666666667,-122.7905,Low
2025-05-26 14:44:13_34.639_-118.5781667,2025-05-26 14:44:13,1.45,10.27,34.639,-118.5781667,Low
2025-05-26 14:43:02_35.3328333_-117.811,2025-05-26 14:43:02,1.52,6.95,35.3328333,-117.811,Low
2025-05-26 14:27:45_34.5235_-118.1018333,2025-05-26 14:27:45,0.68,9.83,34.5235,-118.1018333,Low
2025-05-26 14:12:53_38.7606666666667_-122.728,2025-05-26 14:12:53,0.51,2.22,38.7606666666667,-122.728,Low
2025-05-26 14:08:13_40.2803333333333_-124.6235,2025-05-26 14:08:13,3.08,5.68,40.2803333333333,-124.6235,Low
2025-05-26 14:03:30_40.2838333333333_-124.636,2025-05-26 14:03:30,2.52,5.83,40.2838333333333,-124.636,Low
2025-05-26 13:52:29_40.2725_-124.620666666667,2025-05-26 13:52:29,2.83,3.76,40.2725,-124.620666666667,Low
2025-05-26 13:51:32_40.2803333333333_-124.618666666667,2025-05-26 13:51:32,2.71,6.02,40.2803333333333,-124.618666666667,Low
2025-05-26 13:48:04_33.5268333_-116.7268333,2025-05-26 13:48:04,0.96,5.94,33.5268333,-116.7268333,Low
2025-05-26 13:47:57_40.2655_-124.637,2025-05-26 13:47:57,4.63,2.92,40.2655,-124.637,Low
2025-05-26 13:47:21_40.2776666666667_-124.619666666667,2025-05-26 13:47:21,3.78,4.98,40.2776666666667,-124.619666666667,Low
2025-05-26 13:43:28_36.2426666666667_-120.8,2025-05-26 13:43:28,0.36,6.35,36.2426666666667,-120.8,Low
2025-05-26 13:43:15_40.404_-124.969666666667,2025-05-26 13:43:15,2.51,6.58,40.404,-124.969666666667,Low
2025-05-26 13:41:35_35.0403333_-116.9763333,2025-05-26 13:41:35,2.03,1.26,35.0403333,-116.9763333,Low
2025-05-26 13:32:50_36.0225_-120.584,2025-05-26 13:32:50,0.91,3.75,36.0225,-120.584,Low
2025-05-26 13:32:36_33.251_-116.4276667,2025-05-26 13:32:36,1.33,1.96,33.251,-116.4276667,Low
2025-05-26 13:31:09_38.839168548584_-122.87516784668,2025-05-26 13:31:09,0.43,2.54999995231628,38.839168548584,-122.87516784668,Low
2025-05-26 13:24:11_40.3_-124.643666666667,2025-05-26 13:24:11,1.7,6.07,40.3,-124.643666666667,Low
2025-05-26 13:23:29_33.8738333_-116.8205,2025-05-26 13:23:29,0.74,15.46,33.8738333,-116.8205,Low
2025-05-26 13:04:08_35.868_-117.6668333,2025-05-26 13:04:08,0.66,8.77,35.868,-117.6668333,Low
2025-05-26 12:50:30_38.8116683959961_-122.826499938965,2025-05-26 12:50:30,0.82,1.94000005722046,38.8116683959961,-122.826499938965,Low
2025-05-26 12:41:27_37.8251666666667_-113.160833333333,2025-05-26 12:41:27,0.81,12.41,37.8251666666667,-113.160833333333,Low
2025-05-26 12:39:12_33.8596667_-115.5385,2025-05-26 12:39:12,1.2,1.87,33.8596667,-115.5385,Low
2025-05-26 11:58:22_33.71_-116.7135,2025-05-26 11:58:22,0.57,18.29,33.71,-116.7135,Low
2025-05-26 11:43:48_38.7866666666667_-122.776,2025-05-26 11:43:48,0.33,3.65,38.7866666666667,-122.776,Low
2025-05-26 11:41:06_33.9118333_-117.664,2025-05-26 11:41:06,1.19,11.58,33.9118333,-117.664,Low
2025-05-26 11:23:59_37.8288333333333_-113.165,2025-05-26 11:23:59,1.74,13.4,37.8288333333333,-113.165,Low
2025-05-26 11:23:58_33.1866667_-115.6075,2025-05-26 11:23:58,1.07,3.88,33.1866667,-115.6075,Low
2025-05-26 11:23:55_40.4035_-125.141333333333,2025-05-26 11:23:55,2.84,10,40.4035,-125.141333333333,Low
2025-05-26 11:19:16_38.8271675109863_-122.814834594727,2025-05-26 11:19:16,1.07,1.98000001907349,38.8271675109863,-122.814834594727,Low
2025-05-26 11:12:51_34.3738333_-117.6406667,2025-05-26 11:12:51,0.86,9.1,34.3738333,-117.6406667,Low
2025-05-26 10:54:27_38.828_-122.814833333333,2025-05-26 10:54:27,0.42,1.8,38.828,-122.814833333333,Low
2025-05-26 10:21:40_38.8273333333333_-122.801166666667,2025-05-26 10:21:40,0.4,2.21,38.8273333333333,-122.801166666667,Low
2025-05-26 10:19:24_38.8173332214355_-122.823501586914,2025-05-26 10:19:24,0.77,2.36999988555908,38.8173332214355,-122.823501586914,Low
2025-05-26 10:16:43_35.7815_-117.602,2025-05-26 10:16:43,0.77,6.79,35.7815,-117.602,Low
2025-05-26 10:16:16_38.7983333333333_-122.799,2025-05-26 10:16:16,0.6,4.26,38.7983333333333,-122.799,Low
2025-05-26 10:00:48_33.2161667_-116.7558333,2025-05-26 10:00:48,0.57,20.05,33.2161667,-116.7558333,Low
2025-05-26 09:53:20_38.8081666666667_-122.792666666667,2025-05-26 09:53:20,0.23,1.34,38.8081666666667,-122.792666666667,Low
2025-05-26 09:19:18_35.334_-117.812,2025-05-26 09:19:18,1.15,5.26,35.334,-117.812,Low
2025-05-26 09:18:49_44.3217_-115.0554,2025-05-26 09:18:49,2.6,10,44.3217,-115.0554,Low
2025-05-26 09:11:49_39.6948333333333_-110.8285,2025-05-26 09:11:49,1.14,-3.41,39.6948333333333,-110.8285,Low
2025-05-26 08:45:40_44.343_-115.028666666667,2025-05-26 08:45:40,1.77,3.3,44.343,-115.028666666667,Low
2025-05-26 08:41:35_39.693_-110.806666666667,2025-05-26 08:41:35,1.16,-3.47,39.693,-110.806666666667,Low
2025-05-26 08:25:05_38.8133333333333_-122.820833333333,2025-05-26 08:25:05,0.22,2.68,38.8133333333333,-122.820833333333,Low
2025-05-26 08:11:40_38.8038330078125_-122.778831481934,2025-05-26 08:11:40,1.04,3.1800000667572,38.8038330078125,-122.778831481934,Low
2025-05-26 08:02:00_41.8186666666667_-112.653333333333,2025-05-26 08:02:00,0.94,5.27,41.8186666666667,-112.653333333333,Low
2025-05-26 07:55:01_35.3275_-117.81,2025-05-26 07:55:01,1.74,6.81,35.3275,-117.81,Low
2025-05-26 07:40:07_35.3293333_-117.8091667,2025-05-26 07:40:07,2.34,7.82,35.3293333,-117.8091667,Low
2025-05-26 07:30:43_35.3293333_-117.8061667,2025-05-26 07:30:43,1.37,6.41,35.3293333,-117.8061667,Low
2025-05-26 07:28:18_38.778_-122.453333333333,2025-05-26 07:28:18,1.32,7.42,38.778,-122.453333333333,Low
2025-05-26 07:17:04_33.5365_-116.7145,2025-05-26 07:17:04,0.25,5.72,33.5365,-116.7145,Low
2025-05-26 06:34:02_35.3321667_-117.8041667,2025-05-26 06:34:02,1.22,7.64,35.3321667,-117.8041667,Low
2025-05-26 06:20:58_33.9143333_-117.1435,2025-05-26 06:20:58,0.76,12.08,33.9143333,-117.1435,Low
2025-05-26 06:08:33_33.646_-116.705,2025-05-26 06:08:33,0.71,14.15,33.646,-116.705,Low
2025-05-26 05:56:48_38.8076667785645_-122.821830749512,2025-05-26 05:56:48,1.07,0.300000011920929,38.8076667785645,-122.821830749512,Low
2025-05-26 05:42:12_38.842_-122.876833333333,2025-05-26 05:42:12,0.3,2.39,38.842,-122.876833333333,Low
2025-05-26 05:28:58_33.6895_-116.7915,2025-05-26 05:28:58,0.81,15.63,33.6895,-116.7915,Low
2025-05-26 05:09:28_35.0323333_-117.6796667,2025-05-26 05:09:28,1.74,-0.79,35.0323333,-117.6796667,Low
2025-05-26 05:07:23_44.3436666666667_-115.028833333333,2025-05-26 05:07:23,1.31,3.88,44.3436666666667,-115.028833333333,Low
2025-05-26 04:30:42_33.5338333_-116.7225,2025-05-26 04:30:42,0.48,6.05,33.5338333,-116.7225,Low
2025-05-26 04:13:49_38.8216667175293_-122.806999206543,2025-05-26 04:13:49,0.26,1.03999996185303,38.8216667175293,-122.806999206543,Low
2025-05-26 04:12:06_38.717_-112.456833333333,2025-05-26 04:12:06,1.49,7.85,38.717,-112.456833333333,Low
2025-05-26 04:10:41_38.7896666666667_-122.4295,2025-05-26 04:10:41,1.22,11.16,38.7896666666667,-122.4295,Low
2025-05-26 03:59:42_38.8143348693848_-122.762832641602,2025-05-26 03:59:42,1.32,1.85000002384186,38.8143348693848,-122.762832641602,Low
2025-05-26 03:59:26_37.3786666666667_-121.741166666667,2025-05-26 03:59:26,1.03,3.27,37.3786666666667,-121.741166666667,Low
2025-05-26 03:59:26_40.2373333333333_-121.210833333333,2025-05-26 03:59:26,2.09,7.88,40.2373333333333,-121.210833333333,Low
2025-05-26 03:58:50_37.5581666666667_-118.959166666667,2025-05-26 03:58:50,0.48,8.82,37.5581666666667,-118.959166666667,Low
2025-05-26 03:58:29_38.7866668701172_-122.756500244141,2025-05-26 03:58:29,1.05,1.91999995708466,38.7866668701172,-122.756500244141,Low
2025-05-26 03:51:10_33.9778333_-116.9016667,2025-05-26 03:51:10,0.95,17.56,33.9778333,-116.9016667,Low
2025-05-26 03:50:06_38.7615_-122.727666666667,2025-05-26 03:50:06,0.37,1.7,38.7615,-122.727666666667,Low
2025-05-26 03:07:00_39.1493_-119.0576,2025-05-26 03:07:00,1,5,39.1493,-119.0576,Low
2025-05-26 03:05:31_38.7891654968262_-122.77783203125,2025-05-26 03:05:31,1.06,0.959999978542328,38.7891654968262,-122.77783203125,Low
2025-05-26 02:56:22_38.8178329467773_-122.823669433594,2025-05-26 02:56:22,0.75,2.19000005722046,38.8178329467773,-122.823669433594,Low
2025-05-26 02:09:01_38.8343315124512_-122.813163757324,2025-05-26 02:09:01,0.76,2.05999994277954,38.8343315124512,-122.813163757324,Low
2025-05-26 01:53:43_33.9633333_-116.8508333,2025-05-26 01:53:43,0.77,16.03,33.9633333,-116.8508333,Low
2025-05-26 01:53:10_44.3438333333333_-115.016666666667,2025-05-26 01:53:10,1.19,0.2,44.3438333333333,-115.016666666667,Low
2025-05-26 01:38:18_38.8393325805664_-122.838500976562,2025-05-26 01:38:18,0.3,1.8400000333786,38.8393325805664,-122.838500976562,Low
2025-05-26 01:24:28_38.8363342285156_-122.83683013916,2025-05-26 01:24:28,0.74,1.75999999046326,38.8363342285156,-122.83683013916,Low
2025-05-26 01:23:54_38.8413314819336_-122.824836730957,2025-05-26 01:23:54,0.64,2.09999990463257,38.8413314819336,-122.824836730957,Low
2025-05-26 01:12:47_44.3578333333333_-116.117,2025-05-26 01:12:47,1.31,5.31,44.3578333333333,-116.117,Low
2025-05-26 00:43:35_38.8216666666667_-122.839333333333,2025-05-26 00:43:35,-0.01,2.07,38.8216666666667,-122.839333333333,Low
2025-05-26 00:41:12_38.8209991455078_-122.814834594727,2025-05-26 00:41:12,0.26,3.44000005722046,38.8209991455078,-122.814834594727,Low
2025-05-26 00:26:40_33.1671667_-115.9365,2025-05-26 00:26:40,1.67,7.23,33.1671667,-115.9365,Low
2025-05-26 00:06:18_33.5718333_-117.857,2025-05-26 00:06:18,1.39,13.64,33.5718333,-117.857,Low
2025-05-26 00:03:11_33.482_-116.5556667,2025-05-26 00:03:11,1.31,12.65,33.482,-116.5556667,Low
2025-05-26 00:02:14_38.8156661987305_-122.820335388184,2025-05-26 00:02:14,0.77,2.44000005722046,38.8156661987305,-122.820335388184,Low
2025-05-25 23:57:14_38.8361663818359_-122.810165405273,2025-05-25 23:57:14,0.57,1.96000003814697,38.8361663818359,-122.810165405273,Low
2025-05-25 23:45:56_38.8366661071777_-122.782836914062,2025-05-25 23:45:56,0.57,1.67999994754791,38.8366661071777,-122.782836914062,Low
2025-05-25 23:43:07_33.3731667_-116.8815,2025-05-25 23:43:07,0.67,6.72,33.3731667,-116.8815,Low
2025-05-25 23:39:12_35.8061666666667_-121.279666666667,2025-05-25 23:39:12,1.88,9.03,35.8061666666667,-121.279666666667,Low
2025-05-25 23:35:00_35.9051667_-117.7038333,2025-05-25 23:35:00,0.06,9.41,35.9051667,-117.7038333,Low
2025-05-25 23:28:37_32.5795_-116.119,2025-05-25 23:28:37,1.22,8.49,32.5795,-116.119,Low
2025-05-25 23:22:42_38.7861671447754_-122.772003173828,2025-05-25 23:22:42,1.1,1.94000005722046,38.7861671447754,-122.772003173828,Low
2025-05-25 23:22:15_33.4963333_-116.7803333,2025-05-25 23:22:15,0.7,7.2,33.4963333,-116.7803333,Low
2025-05-25 23:18:47_36.4532_-115.8321,2025-05-25 23:18:47,0.3,12.3,36.4532,-115.8321,Low
2025-05-25 23:14:02_39.4775_-122.965833333333,2025-05-25 23:14:02,1.73,7.45,39.4775,-122.965833333333,Low
2025-05-25 22:50:06_33.382_-116.8635,2025-05-25 22:50:06,0.58,5.69,33.382,-116.8635,Low
2025-05-25 22:47:51_38.8300018310547_-122.816329956055,2025-05-25 22:47:51,0.27,2.48000001907349,38.8300018310547,-122.816329956055,Low
2025-05-25 22:40:19_37.3105_-114.9562,2025-05-25 22:40:19,1.6,12.6,37.3105,-114.9562,Low
2025-05-25 22:10:49_33.6891667_-116.7946667,2025-05-25 22:10:49,1.01,15.59,33.6891667,-116.7946667,Low
2025-05-25 22:01:24_44.3421666666667_-115.023833333333,2025-05-25 22:01:24,1.95,1.75,44.3421666666667,-115.023833333333,Low
2025-05-25 22:00:47_35.066_-119.0418333,2025-05-25 22:00:47,1.55,13.5,35.066,-119.0418333,Low
2025-05-25 21:57:29_38.7980003356934_-122.809829711914,2025-05-25 21:57:29,1.31,2.94000005722046,38.7980003356934,-122.809829711914,Low
2025-05-25 21:50:26_44.3428333333333_-115.03,2025-05-25 21:50:26,2.13,1.24,44.3428333333333,-115.03,Low
2025-05-25 21:18:48_38.6923333333333_-112.200666666667,2025-05-25 21:18:48,2.16,8.86,38.6923333333333,-112.200666666667,Low
2025-05-25 21:00:26_33.9896667_-117.0033333,2025-05-25 21:00:26,0.99,13.64,33.9896667,-117.0033333,Low
2025-05-25 20:34:54_38.8223342895508_-122.801330566406,2025-05-25 20:34:54,1.23,2.86999988555908,38.8223342895508,-122.801330566406,Low
2025-05-25 20:20:51_44.3528333333333_-115.031,2025-05-25 20:20:51,1.88,5,44.3528333333333,-115.031,Low
2025-05-25 20:15:01_40.9816666666667_-123.325833333333,2025-05-25 20:15:01,2.22,30.79,40.9816666666667,-123.325833333333,Low
2025-05-25 19:59:14_38.8050003051758_-122.782501220703,2025-05-25 19:59:14,0.43,3.90000009536743,38.8050003051758,-122.782501220703,Low
2025-05-25 19:50:37_38.6741666666667_-112.188666666667,2025-05-25 19:50:37,1.4,10.17,38.6741666666667,-112.188666666667,Low
2025-05-25 19:27:39_38.827_-122.8045,2025-05-25 19:27:39,0.29,1.92,38.827,-122.8045,Low
2025-05-25 19:21:28_38.8193321228027_-122.820831298828,2025-05-25 19:21:28,0.64,2.44000005722046,38.8193321228027,-122.820831298828,Low
2025-05-25 19:11:46_38.821_-122.7655,2025-05-25 19:11:46,0.28,2.62,38.821,-122.7655,Low
2025-05-25 19:07:39_32.5788333_-116.1191667,2025-05-25 19:07:39,1.26,8.8,32.5788333,-116.1191667,Low
2025-05-25 19:02:11_36.0346666666667_-120.594333333333,2025-05-25 19:02:11,0.9,3.47,36.0346666666667,-120.594333333333,Low
2025-05-25 19:00:54_33.6911667_-116.798,2025-05-25 19:00:54,0.52,15.45,33.6911667,-116.798,Low
2025-05-25 18:50:19_38.8310012817383_-122.814666748047,2025-05-25 18:50:19,0.72,1.62999999523163,38.8310012817383,-122.814666748047,Low
2025-05-25 18:47:03_38.8101654052734_-122.82250213623,2025-05-25 18:47:03,1.07,2.99000000953674,38.8101654052734,-122.82250213623,Low
2025-05-25 18:41:11_33.6891667_-116.7908333,2025-05-25 18:41:11,0.76,15.28,33.6891667,-116.7908333,Low
2025-05-25 18:36:48_45.354166666666664_-121.75483333333334,2025-05-25 18:36:48,1.45,4.33,45.354166666666664,-121.75483333333334,Low
2025-05-25 18:32:33_34.4266667_-116.4776667,2025-05-25 18:32:33,1.04,6.49,34.4266667,-116.4776667,Low
2025-05-25 18:31:35_40.3456666666667_-121.4395,2025-05-25 18:31:35,1.72,9.21,40.3456666666667,-121.4395,Low
2025-05-25 18:31:20_33.6873333_-116.7943333,2025-05-25 18:31:20,1.15,15.62,33.6873333,-116.7943333,Low
2025-05-25 18:30:18_33.6796667_-116.8026667,2025-05-25 18:30:18,2.57,16.18,33.6796667,-116.8026667,Low
2025-05-25 17:53:23_45.35433333333334_-121.753,2025-05-25 17:53:23,0.5700000000000001,4.65,45.35433333333334,-121.753,Low
2025-05-25 17:48:54_36.0805_-117.8873333,2025-05-25 17:48:54,1.37,2.69,36.0805,-117.8873333,Low
2025-05-25 17:38:38_31.8555_-116.4705,2025-05-25 17:38:38,2.73,10.21,31.8555,-116.4705,Low
2025-05-25 17:30:42_39.4438333333333_-112.0405,2025-05-25 17:30:42,0.76,0.34,39.4438333333333,-112.0405,Low
2025-05-25 17:25:12_38.7743339538574_-122.734664916992,2025-05-25 17:25:12,1.39,2.53999996185303,38.7743339538574,-122.734664916992,Low
2025-05-25 17:22:58_37.6651666666667_-119.475166666667,2025-05-25 17:22:58,1.53,18.39,37.6651666666667,-119.475166666667,Low
2025-05-25 17:13:24_37.4038333333333_-118.675833333333,2025-05-25 17:13:24,0.84,7.13,37.4038333333333,-118.675833333333,Low
2025-05-25 17:01:09_38.9425_-123.416666666667,2025-05-25 17:01:09,1.57,0.08,38.9425,-123.416666666667,Low
2025-05-25 16:35:27_33.6885_-117.4226667,2025-05-25 16:35:27,0.75,8.26,33.6885,-117.4226667,Low
2025-05-25 16:11:52_33.0571667_-116.6048333,2025-05-25 16:11:52,0.26,12.6,33.0571667,-116.6048333,Low
2025-05-25 15:59:50_39.1623_-119.0698,2025-05-25 15:59:50,0.9,2,39.1623,-119.0698,Low
2025-05-25 15:31:10_38.8256683349609_-122.85383605957,2025-05-25 15:31:10,0.77,2.51999998092651,38.8256683349609,-122.85383605957,Low
2025-05-25 15:26:36_40.2805_-124.671333333333,2025-05-25 15:26:36,4.1,5.73,40.2805,-124.671333333333,Low
2025-05-25 15:24:28_38.7858_-118.8404,2025-05-25 15:24:28,0.8,12.7,38.7858,-118.8404,Low
2025-05-25 15:12:50_33.0413333_-116.4165,2025-05-25 15:12:50,0.73,9.99,33.0413333,-116.4165,Low
2025-05-25 14:41:35_36.0983333_-117.8761667,2025-05-25 14:41:35,0.84,2.88,36.0983333,-117.8761667,Low
2025-05-25 14:36:45_38.7581672668457_-122.717163085938,2025-05-25 14:36:45,1.09,1.79999995231628,38.7581672668457,-122.717163085938,Low
2025-05-25 14:36:17_33.5311667_-116.7291667,2025-05-25 14:36:17,0.31,5.68,33.5311667,-116.7291667,Low
2025-05-25 14:34:56_38.1718_-117.8116,2025-05-25 14:34:56,1.5,7.8,38.1718,-117.8116,Low
2025-05-25 14:33:39_34.1496667_-118.3571667,2025-05-25 14:33:39,0.98,16.1,34.1496667,-118.3571667,Low
2025-05-25 14:24:34_38.8053321838379_-122.814834594727,2025-05-25 14:24:34,0.43,2.80999994277954,38.8053321838379,-122.814834594727,Low
2025-05-25 14:22:45_35.3326667_-117.8083333,2025-05-25 14:22:45,1.06,7.36,35.3326667,-117.8083333,Low
2025-05-25 14:15:31_38.7451666666667_-122.833333333333,2025-05-25 14:15:31,0.75,4.93,38.7451666666667,-122.833333333333,Low
2025-05-25 14:12:49_37.8607_-116.3693,2025-05-25 14:12:49,1.3,1.9,37.8607,-116.3693,Low
2025-05-25 13:42:45_40.2453333333333_-121.193666666667,2025-05-25 13:42:45,2.37,7.64,40.2453333333333,-121.193666666667,Low
2025-05-25 13:37:39_38.8305_-122.796666666667,2025-05-25 13:37:39,0.25,2.67,38.8305,-122.796666666667,Low
2025-05-25 13:29:56_35.8651667_-117.6496667,2025-05-25 13:29:56,0.62,5.46,35.8651667,-117.6496667,Low
2025-05-25 13:23:59_41.3568333333333_-122.089333333333,2025-05-25 13:23:59,1.87,6.86,41.3568333333333,-122.089333333333,Low
2025-05-25 13:22:41_38.7873333333333_-122.766166666667,2025-05-25 13:22:41,0.29,2.62,38.7873333333333,-122.766166666667,Low
2025-05-25 13:12:44_34.1041667_-116.7735,2025-05-25 13:12:44,1.08,12.12,34.1041667,-116.7735,Low
2025-05-25 13:00:41_34.1623333_-118.3611667,2025-05-25 13:00:41,1.06,14.98,34.1623333,-118.3611667,Low
2025-05-25 12:59:44_40.7276666666667_-112.068333333333,2025-05-25 12:59:44,0.58,9.45,40.7276666666667,-112.068333333333,Low
2025-05-25 12:50:10_37.2805_-118.377333333333,2025-05-25 12:50:10,2.41,6.97,37.2805,-118.377333333333,Low
2025-05-25 12:40:29_38.8450012207031_-122.8818359375,2025-05-25 12:40:29,0.39,1.89999997615814,38.8450012207031,-122.8818359375,Low
2025-05-25 12:38:45_39.2948333333333_-122.765333333333,2025-05-25 12:38:45,1.66,9.09,39.2948333333333,-122.765333333333,Low
2025-05-25 12:37:42_38.7358333333333_-122.899666666667,2025-05-25 12:37:42,0.88,3.14,38.7358333333333,-122.899666666667,Low
2025-05-25 12:30:02_37.8038333333333_-121.981833333333,2025-05-25 12:30:02,0.78,8.57,37.8038333333333,-121.981833333333,Low
2025-05-25 12:11:26_37.1103_-117.1557,2025-05-25 12:11:26,1.2,0.1,37.1103,-117.1557,Low
2025-05-25 12:05:48_39.5075_-117.6329,2025-05-25 12:05:48,2.1,5.2,39.5075,-117.6329,Low
2025-05-25 11:55:35_38.8336666666667_-122.793833333333,2025-05-25 11:55:35,0.41,2.18,38.8336666666667,-122.793833333333,Low
2025-05-25 11:48:24_38.8351669311523_-122.78816986084,2025-05-25 11:48:24,1.31,1.75999999046326,38.8351669311523,-122.78816986084,Low
2025-05-25 11:09:00_35.6086654663086_-120.52466583252,2025-05-25 11:09:00,2.15,-0.419999986886978,35.6086654663086,-120.52466583252,Low
2025-05-25 10:43:09_34.0731667_-117.0148333,2025-05-25 10:43:09,0.62,12.47,34.0731667,-117.0148333,Low
2025-05-25 10:34:28_45.355_-121.75633333333333,2025-05-25 10:34:28,0.55,4.37,45.355,-121.75633333333333,Low
2025-05-25 10:28:40_37.2876666666667_-118.3885,2025-05-25 10:28:40,1.51,6.77,37.2876666666667,-118.3885,Low
2025-05-25 10:20:57_38.8216667175293_-122.845497131348,2025-05-25 10:20:57,0.72,1.95000004768372,38.8216667175293,-122.845497131348,Low
2025-05-25 10:07:32_44.3561666666667_-115.1885,2025-05-25 10:07:32,1.86,4.89,44.3561666666667,-115.1885,Low
2025-05-25 10:06:36_36.9925_-115.9948,2025-05-25 10:06:36,0.4,5.7,36.9925,-115.9948,Low
2025-05-25 09:53:45_38.8248329162598_-122.797996520996,2025-05-25 09:53:45,0.72,2.74000000953674,38.8248329162598,-122.797996520996,Low
2025-05-25 09:51:55_38.8215_-122.843,2025-05-25 09:51:55,0.34,2.35,38.8215,-122.843,Low
2025-05-25 09:46:48_34.5913333_-116.2825,2025-05-25 09:46:48,1.54,3.69,34.5913333,-116.2825,Low
2025-05-25 09:24:11_34.4543333_-117.9205,2025-05-25 09:24:11,0.79,9.68,34.4543333,-117.9205,Low
2025-05-25 08:48:18_35.6808333_-117.5398333,2025-05-25 08:48:18,1.14,7.71,35.6808333,-117.5398333,Low
2025-05-25 08:33:37_37.287_-118.382333333333,2025-05-25 08:33:37,2.24,4.59,37.287,-118.382333333333,Low
2025-05-25 07:58:50_33.5273333_-116.7346667,2025-05-25 07:58:50,0.48,5.85,33.5273333,-116.7346667,Low
2025-05-25 07:42:59_33.9315_-117.1981667,2025-05-25 07:42:59,0.96,13.09,33.9315,-117.1981667,Low
2025-05-25 07:40:33_33.9961667_-117.195,2025-05-25 07:40:33,0.65,4.06,33.9961667,-117.195,Low
2025-05-25 07:39:26_38.2588333333333_-112.634833333333,2025-05-25 07:39:26,1.41,9.17,38.2588333333333,-112.634833333333,Low
2025-05-25 07:30:31_38.7983322143555_-122.776664733887,2025-05-25 07:30:31,0.79,3.34999990463257,38.7983322143555,-122.776664733887,Low
2025-05-25 07:29:49_37.3187_-118.0024,2025-05-25 07:29:49,1,0,37.3187,-118.0024,Low
2025-05-25 07:01:41_38.8196678161621_-122.762832641602,2025-05-25 07:01:41,1.08,1.96000003814697,38.8196678161621,-122.762832641602,Low
2025-05-25 07:01:26_36.2438333333333_-120.719333333333,2025-05-25 07:01:26,1.79,9.1,36.2438333333333,-120.719333333333,Low
2025-05-25 06:57:00_37.3106666666667_-121.675833333333,2025-05-25 06:57:00,1.02,7.96,37.3106666666667,-121.675833333333,Low
2025-05-25 06:34:41_38.7923333333333_-122.757,2025-05-25 06:34:41,0.46,0.99,38.7923333333333,-122.757,Low
2025-05-25 06:27:44_36.015_-117.8156667,2025-05-25 06:27:44,0.9,1.32,36.015,-117.8156667,Low
2025-05-25 06:27:12_36.014_-117.8138333,2025-05-25 06:27:12,0.73,1.51,36.014,-117.8138333,Low
2025-05-25 06:21:30_33.9015_-117.666,2025-05-25 06:21:30,0.86,5.42,33.9015,-117.666,Low
2025-05-25 05:51:19_33.295_-116.7405,2025-05-25 05:51:19,0.82,13.4,33.295,-116.7405,Low
2025-05-25 05:39:27_36.0813333_-117.8785,2025-05-25 05:39:27,0.7,4.97,36.0813333,-117.8785,Low
2025-05-25 05:27:20_38.5873333333333_-122.787166666667,2025-05-25 05:27:20,1.2,6.38,38.5873333333333,-122.787166666667,Low
2025-05-25 05:18:27_45.35466666666667_-121.7515,2025-05-25 05:18:27,0.44,4.59,45.35466666666667,-121.7515,Low
2025-05-25 05:18:04_38.1118333333333_-121.9165,2025-05-25 05:18:04,1.73,25.87,38.1118333333333,-121.9165,Low
2025-05-25 05:10:48_38.7591667175293_-122.724998474121,2025-05-25 05:10:48,0.8,2.32999992370605,38.7591667175293,-122.724998474121,Low
2025-05-25 05:09:06_35.7215_-117.56,2025-05-25 05:09:06,0.29,2.43,35.7215,-117.56,Low
2025-05-25 04:10:40_37.1062_-117.1512,2025-05-25 04:10:40,1.1,6.5,37.1062,-117.1512,Low
2025-05-25 03:30:03_38.8274993896484_-122.785499572754,2025-05-25 03:30:03,0.75,1.79999995231628,38.8274993896484,-122.785499572754,Low
2025-05-25 03:07:28_33.1635_-116.5883333,2025-05-25 03:07:28,0.76,16.51,33.1635,-116.5883333,Low
2025-05-25 02:38:14_36.9641_-114.985,2025-05-25 02:38:14,1.5,0,36.9641,-114.985,Low
2025-05-25 02:37:51_38.8235015869141_-122.84383392334,2025-05-25 02:37:51,0.76,1.62000000476837,38.8235015869141,-122.84383392334,Low
2025-05-25 02:19:50_38.8211666666667_-122.812833333333,2025-05-25 02:19:50,0.17,3.34,38.8211666666667,-122.812833333333,Low
2025-05-25 02:17:34_38.8326683044434_-122.818664550781,2025-05-25 02:17:34,0.71,1.76999998092651,38.8326683044434,-122.818664550781,Low
2025-05-25 02:14:47_33.51_-116.4533333,2025-05-25 02:14:47,0.89,4.11,33.51,-116.4533333,Low
2025-05-25 02:14:31_38.4508_-116.4723,2025-05-25 02:14:31,1.9,5.1,38.4508,-116.4723,Low
2025-05-25 02:10:31_38.1945_-117.7716,2025-05-25 02:10:31,1.2,10.3,38.1945,-117.7716,Low
2025-05-25 01:33:53_33.0688333_-115.5801667,2025-05-25 01:33:53,1.5,10.82,33.0688333,-115.5801667,Low
2025-05-25 01:03:45_38.7809982299805_-122.756332397461,2025-05-25 01:03:45,0.99,1.51999998092651,38.7809982299805,-122.756332397461,Low
2025-05-25 00:57:47_36.0653333333333_-120.216166666667,2025-05-25 00:57:47,0.64,7.82,36.0653333333333,-120.216166666667,Low
2025-05-25 00:55:14_33.5265_-116.733,2025-05-25 00:55:14,0.9,6.45,33.5265,-116.733,Low
2025-05-25 00:55:06_38.7830009460449_-122.759834289551,2025-05-25 00:55:06,0.95,1.9099999666214,38.7830009460449,-122.759834289551,Low
2025-05-25 00:45:29_37.341_-118.136,2025-05-25 00:45:29,1.73,10.27,37.341,-118.136,Low
2025-05-25 00:29:27_33.5336667_-116.7226667,2025-05-25 00:29:27,0.66,5.76,33.5336667,-116.7226667,Low
2025-05-25 00:28:35_36.014_-121.5435,2025-05-25 00:28:35,1.93,7.61,36.014,-121.5435,Low
2025-05-25 00:25:17_38.8175010681152_-122.796333312988,2025-05-25 00:25:17,0.74,2.39000010490417,38.8175010681152,-122.796333312988,Low
2025-05-25 00:19:16_38.837833404541_-122.835998535156,2025-05-25 00:19:16,1.27,1.77999997138977,38.837833404541,-122.835998535156,Low
2025-05-25 00:05:10_39.1554_-119.0478,2025-05-25 00:05:10,1.1,5.8,39.1554,-119.0478,Low
2025-05-25 00:04:30_40.3725_-126.3478,2025-05-25 00:04:30,2.8,18.374,40.3725,-126.3478,Low
2025-05-25 00:01:02_44.345_-115.035166666667,2025-05-25 00:01:02,1.46,3.89,44.345,-115.035166666667,Low
2025-05-24 23:57:26_38.5873333333333_-122.785666666667,2025-05-24 23:57:26,1.51,7.24,38.5873333333333,-122.785666666667,Low
2025-05-24 23:50:34_38.8595_-122.0195,2025-05-24 23:50:34,1.64,13.41,38.8595,-122.0195,Low
2025-05-24 23:48:09_38.9113333333333_-122.029833333333,2025-05-24 23:48:09,2.28,15.66,38.9113333333333,-122.029833333333,Low
2025-05-24 23:46:39_38.8348350524902_-122.813667297363,2025-05-24 23:46:39,0.71,4.63000011444092,38.8348350524902,-122.813667297363,Low
2025-05-24 23:44:49_38.8160018920898_-122.759330749512,2025-05-24 23:44:49,1.03,1.62000000476837,38.8160018920898,-122.759330749512,Low
2025-05-24 23:31:33_36.5871666666667_-121.184,2025-05-24 23:31:33,2.35,3.62,36.5871666666667,-121.184,Low
2025-05-24 23:28:12_40.3203333333333_-124.675333333333,2025-05-24 23:28:12,2.55,9.89,40.3203333333333,-124.675333333333,Low
2025-05-24 23:18:30_33.6383333_-118.0008333,2025-05-24 23:18:30,1.39,15.5,33.6383333,-118.0008333,Low
2025-05-24 23:14:35_41.9453_-119.5879,2025-05-24 23:14:35,2,1.7,41.9453,-119.5879,Low
2025-05-24 23:12:15_45.3555_-121.76083333333334,2025-05-24 23:12:15,-0.43,3.93,45.3555,-121.76083333333334,Low
2025-05-24 23:10:28_35.8343333_-117.6675,2025-05-24 23:10:28,0.52,8.93,35.8343333,-117.6675,Low
2025-05-24 23:00:43_38.8264999389648_-122.852165222168,2025-05-24 23:00:43,0.28,2.58999991416931,38.8264999389648,-122.852165222168,Low
2025-05-24 22:58:12_33.52_-116.4543333,2025-05-24 22:58:12,0.58,7.65,33.52,-116.4543333,Low
2025-05-24 22:56:13_38.7576675415039_-122.726501464844,2025-05-24 22:56:13,0.96,2.35999989509583,38.7576675415039,-122.726501464844,Low
2025-05-24 22:51:28_35.8318333_-117.6646667,2025-05-24 22:51:28,0.87,8.94,35.8318333,-117.6646667,Low
2025-05-24 22:40:17_36.0936666666667_-120.222,2025-05-24 22:40:17,1.11,7.63,36.0936666666667,-120.222,Low
2025-05-24 22:11:44_33.0545_-116.3768333,2025-05-24 22:11:44,2.37,15.15,33.0545,-116.3768333,Low
2025-05-24 22:06:03_39.4376666666667_-112.027833333333,2025-05-24 22:06:03,1.59,5.08,39.4376666666667,-112.027833333333,Low
2025-05-24 21:58:42_33.5266667_-116.733,2025-05-24 21:58:42,1.21,4.76,33.5266667,-116.733,Low
2025-05-24 21:56:57_38.8145_-122.855,2025-05-24 21:56:57,0.23,1.46,38.8145,-122.855,Low
2025-05-24 21:55:23_35.8673333_-117.6478333,2025-05-24 21:55:23,0.7,5.76,35.8673333,-117.6478333,Low
2025-05-24 21:43:21_33.4903333_-116.5511667,2025-05-24 21:43:21,0.46,6.71,33.4903333,-116.5511667,Low
2025-05-24 21:35:29_45.354_-121.75,2025-05-24 21:35:29,0.53,3.82,45.354,-121.75,Low
2025-05-24 21:19:13_38.8381652832031_-122.797500610352,2025-05-24 21:19:13,1.08,2.27999997138977,38.8381652832031,-122.797500610352,Low
2025-05-24 20:42:19_38.6898333333333_-122.4985,2025-05-24 20:42:19,1.02,6.38,38.6898333333333,-122.4985,Low
2025-05-24 20:41:34_45.354166666666664_-121.75666666666666,2025-05-24 20:41:34,0.64,4.41,45.354166666666664,-121.75666666666666,Low
2025-05-24 20:41:07_45.35366666666667_-121.75433333333334,2025-05-24 20:41:07,0.31,4.63,45.35366666666667,-121.75433333333334,Low
2025-05-24 20:35:43_35.3206667_-118.5198333,2025-05-24 20:35:43,1.27,5,35.3206667,-118.5198333,Low
2025-05-24 20:23:38_39.3281666666667_-112.057,2025-05-24 20:23:38,1.38,4.83,39.3281666666667,-112.057,Low
2025-05-24 20:06:10_45.355_-121.75583333333333,2025-05-24 20:06:10,0.9400000000000001,4.43,45.355,-121.75583333333333,Low
2025-05-24 20:04:26_34.2925_-117.5256667,2025-05-24 20:04:26,2.6,10.24,34.2925,-117.5256667,Low
2025-05-24 19:51:49_33.536_-116.7243333,2025-05-24 19:51:49,0.42,4.7,33.536,-116.7243333,Low
2025-05-24 19:51:48_39.1958333333333_-111.235,2025-05-24 19:51:48,1.23,5.7,39.1958333333333,-111.235,Low
2025-05-24 19:28:42_37.5178333333333_-118.829833333333,2025-05-24 19:28:42,0.85,4.4,37.5178333333333,-118.829833333333,Low
2025-05-24 19:08:29_33.7131667_-116.834,2025-05-24 19:08:29,1.56,17.66,33.7131667,-116.834,Low
2025-05-24 19:07:32_45.3555_-121.75416666666666,2025-05-24 19:07:32,0.67,4.35,45.3555,-121.75416666666666,Low
2025-05-24 19:04:09_33.3561667_-116.6755,2025-05-24 19:04:09,0.77,14.33,33.3561667,-116.6755,Low
2025-05-24 19:01:40_33.939_-116.8195,2025-05-24 19:01:40,0.82,15.93,33.939,-116.8195,Low
2025-05-24 18:59:57_36.0826667_-117.8815,2025-05-24 18:59:57,1.29,4.24,36.0826667,-117.8815,Low
2025-05-24 18:55:41_35.6821667_-117.4895,2025-05-24 18:55:41,0.66,5.87,35.6821667,-117.4895,Low
2025-05-24 18:47:54_33.6368333_-117.9951667,2025-05-24 18:47:54,1.26,15.27,33.6368333,-117.9951667,Low
2025-05-24 18:37:23_38.7734985351562_-122.722663879395,2025-05-24 18:37:23,1.19,1.30999994277954,38.7734985351562,-122.722663879395,Low
2025-05-24 18:20:45_33.4868333_-116.5558333,2025-05-24 18:20:45,0.9,7.47,33.4868333,-116.5558333,Low
2025-05-24 18:10:28_45.3545_-121.75433333333334,2025-05-24 18:10:28,1.08,4.3,45.3545,-121.75433333333334,Low
2025-05-24 18:10:28_33.687_-118.3986667,2025-05-24 18:10:28,1.39,8.76,33.687,-118.3986667,Low
2025-05-24 18:05:09_39.3208333333333_-112.0665,2025-05-24 18:05:09,3.05,2.04,39.3208333333333,-112.0665,Low
2025-05-24 17:56:20_45.35333333333333_-121.75683333333333,2025-05-24 17:56:20,0.79,3.92,45.35333333333333,-121.75683333333333,Low
2025-05-24 17:55:58_45.35366666666667_-121.75583333333333,2025-05-24 17:55:58,1.3,4.34,45.35366666666667,-121.75583333333333,Low
2025-05-24 17:40:34_33.5378333_-116.7266667,2025-05-24 17:40:34,0.27,4.72,33.5378333,-116.7266667,Low
2025-05-24 17:35:10_36.5498333333333_-121.154333333333,2025-05-24 17:35:10,0.72,5.47,36.5498333333333,-121.154333333333,Low
2025-05-24 17:26:17_38.848331451416_-122.818664550781,2025-05-24 17:26:17,0.61,0.46000000834465,38.848331451416,-122.818664550781,Low
2025-05-24 17:21:17_33.2701667_-116.4403333,2025-05-24 17:21:17,0.54,3.1,33.2701667,-116.4403333,Low
2025-05-24 17:19:19_45.35316666666667_-121.75466666666667,2025-05-24 17:19:19,0.61,4.68,45.35316666666667,-121.75466666666667,Low
2025-05-24 17:12:06_32.921_-116.272,2025-05-24 17:12:06,0.92,12.12,32.921,-116.272,Low
2025-05-24 17:03:38_36.0176667_-117.8088333,2025-05-24 17:03:38,0.69,1.5,36.0176667,-117.8088333,Low
2025-05-24 16:58:08_45.355_-121.75366666666666,2025-05-24 16:58:08,0.68,4.25,45.355,-121.75366666666666,Low
2025-05-24 16:57:18_38.8361663818359_-122.78783416748,2025-05-24 16:57:18,0.23,1.4099999666214,38.8361663818359,-122.78783416748,Low
2025-05-24 16:53:56_38.8228340148926_-122.803169250488,2025-05-24 16:53:56,0.57,2.75999999046326,38.8228340148926,-122.803169250488,Low
2025-05-24 16:47:25_33.0215_-115.8496667,2025-05-24 16:47:25,2.13,12.21,33.0215,-115.8496667,Low
2025-05-24 16:40:03_37.451_-118.832,2025-05-24 16:40:03,0.81,4.58,37.451,-118.832,Low
2025-05-24 16:38:59_36.5405_-121.1665,2025-05-24 16:38:59,1.01,5.66,36.5405,-121.1665,Low
2025-05-24 16:36:12_38.7936668395996_-122.727500915527,2025-05-24 16:36:12,1.1,2.36999988555908,38.7936668395996,-122.727500915527,Low
2025-05-24 16:04:37_33.2006667_-116.1775,2025-05-24 16:04:37,0.66,6.7,33.2006667,-116.1775,Low
2025-05-24 15:47:27_34.7896667_-116.2915,2025-05-24 15:47:27,1.61,6.69,34.7896667,-116.2915,Low
2025-05-24 15:46:18_39.3251666666667_-112.077666666667,2025-05-24 15:46:18,1.53,4.46,39.3251666666667,-112.077666666667,Low
2025-05-24 15:35:13_37.4878333333333_-118.674,2025-05-24 15:35:13,0.72,11.6,37.4878333333333,-118.674,Low
2025-05-24 15:30:02_34.0326667_-117.2406667,2025-05-24 15:30:02,0.96,16.16,34.0326667,-117.2406667,Low
2025-05-24 15:05:22_38.8226661682129_-122.799499511719,2025-05-24 15:05:22,1.08,2.75999999046326,38.8226661682129,-122.799499511719,Low
2025-05-24 15:01:15_36.0933333_-117.661,2025-05-24 15:01:15,1.29,1.61,36.0933333,-117.661,Low
2025-05-24 14:48:53_38.7728333333333_-122.738833333333,2025-05-24 14:48:53,0.33,1.08,38.7728333333333,-122.738833333333,Low
2025-05-24 14:42:16_36.5351666666667_-121.169833333333,2025-05-24 14:42:16,1.04,5.47,36.5351666666667,-121.169833333333,Low
2025-05-24 14:41:37_36.5453333333333_-121.156,2025-05-24 14:41:37,0.82,6.4,36.5453333333333,-121.156,Low
2025-05-24 14:40:07_36.5468333333333_-121.154333333333,2025-05-24 14:40:07,2.34,7.29,36.5468333333333,-121.154333333333,Low
2025-05-24 14:38:47_33.9505_-117.1833333,2025-05-24 14:38:47,0.7,13.1,33.9505,-117.1833333,Low
2025-05-24 14:33:02_38.8208351135254_-122.785331726074,2025-05-24 14:33:02,1.12,-0.75,38.8208351135254,-122.785331726074,Low
2025-05-24 14:32:37_38.8246666666667_-122.854666666667,2025-05-24 14:32:37,0.22,2.84,38.8246666666667,-122.854666666667,Low
2025-05-24 14:32:21_38.8251647949219_-122.854164123535,2025-05-24 14:32:21,0.77,2.47000002861023,38.8251647949219,-122.854164123535,Low
2025-05-24 14:21:37_45.365833333333335_-121.69683333333333,2025-05-24 14:21:37,0.4,0.94,45.365833333333335,-121.69683333333333,Low
2025-05-24 14:08:35_35.3308333_-117.8095,2025-05-24 14:08:35,1.47,8.82,35.3308333,-117.8095,Low
2025-05-24 14:05:33_33.7265_-116.7951667,2025-05-24 14:05:33,0.83,15.04,33.7265,-116.7951667,Low
2025-05-24 13:48:46_38.8248329162598_-122.762336730957,2025-05-24 13:48:46,0.71,1.85000002384186,38.8248329162598,-122.762336730957,Low
2025-05-24 13:42:28_33.7261667_-116.7948333,2025-05-24 13:42:28,0.62,15.45,33.7261667,-116.7948333,Low
2025-05-24 13:39:38_38.8331680297852_-122.81950378418,2025-05-24 13:39:38,0.68,1.87000000476837,38.8331680297852,-122.81950378418,Low
2025-05-24 13:39:00_32.5803333_-116.1233333,2025-05-24 13:39:00,1.53,8.26,32.5803333,-116.1233333,Low
2025-05-24 13:18:30_38.8156661987305_-122.820999145508,2025-05-24 13:18:30,0.31,2.83999991416931,38.8156661987305,-122.820999145508,Low
2025-05-24 12:53:55_38.820499420166_-122.811996459961,2025-05-24 12:53:55,1.08,2.90000009536743,38.820499420166,-122.811996459961,Low
2025-05-24 12:53:19_37.8075_-122.060666666667,2025-05-24 12:53:19,1.12,3.82,37.8075,-122.060666666667,Low
2025-05-24 12:50:30_38.8236666666667_-122.846166666667,2025-05-24 12:50:30,0.26,2.1,38.8236666666667,-122.846166666667,Low
2025-05-24 12:38:52_38.821_-122.812666666667,2025-05-24 12:38:52,0.33,2.98,38.821,-122.812666666667,Low
2025-05-24 11:58:11_35.329_-117.8126667,2025-05-24 11:58:11,1.11,8.82,35.329,-117.8126667,Low
2025-05-24 11:49:00_35.8583333333333_-120.311,2025-05-24 11:49:00,0.49,9.61,35.8583333333333,-120.311,Low
2025-05-24 11:47:10_34.0345_-117.5588333,2025-05-24 11:47:10,0.86,11.08,34.0345,-117.5588333,Low
2025-05-24 11:45:21_38.8245010375977_-122.759834289551,2025-05-24 11:45:21,0.73,1.73000001907349,38.8245010375977,-122.759834289551,Low
2025-05-24 11:43:52_38.8196678161621_-122.80249786377,2025-05-24 11:43:52,0.76,3.57999992370605,38.8196678161621,-122.80249786377,Low
2025-05-24 11:32:58_33.532_-116.7236667,2025-05-24 11:32:58,0.24,6.02,33.532,-116.7236667,Low
2025-05-24 11:10:54_38.7931671142578_-122.785163879395,2025-05-24 11:10:54,0.24,4.23000001907349,38.7931671142578,-122.785163879395,Low
2025-05-24 10:46:09_37.312_-121.676166666667,2025-05-24 10:46:09,1.04,7.91,37.312,-121.676166666667,Low
2025-05-24 10:45:30_33.505_-116.4403333,2025-05-24 10:45:30,0.4,0.35,33.505,-116.4403333,Low
2025-05-24 10:45:16_33.5061667_-116.4536667,2025-05-24 10:45:16,1.14,6.35,33.5061667,-116.4536667,Low
2025-05-24 10:42:11_33.6336667_-118.0028333,2025-05-24 10:42:11,1.28,15.27,33.6336667,-118.0028333,Low
2025-05-24 10:23:26_33.5023333_-116.4598333,2025-05-24 10:23:26,2.04,7.72,33.5023333,-116.4598333,Low
2025-05-24 10:14:44_38.8335_-122.8175,2025-05-24 10:14:44,-0.09,1.83,38.8335,-122.8175,Low
2025-05-24 10:13:22_38.8338317871094_-122.817832946777,2025-05-24 10:13:22,1.05,1.61000001430511,38.8338317871094,-122.817832946777,Low
2025-05-24 10:12:35_38.8339996337891_-122.816833496094,2025-05-24 10:12:35,1.85,1.73000001907349,38.8339996337891,-122.816833496094,Low
2025-05-24 09:40:41_38.796501159668_-122.780502319336,2025-05-24 09:40:41,0.8,3.69000005722046,38.796501159668,-122.780502319336,Low
2025-05-24 09:36:33_33.9388333_-116.7066667,2025-05-24 09:36:33,1.03,14.66,33.9388333,-116.7066667,Low
2025-05-24 08:42:17_35.8715_-117.6665,2025-05-24 08:42:17,0.96,4.65,35.8715,-117.6665,Low
2025-05-24 08:29:27_38.9915_-111.407666666667,2025-05-24 08:29:27,1,-1.26,38.9915,-111.407666666667,Low
2025-05-24 08:27:10_38.778_-122.728333333333,2025-05-24 08:27:10,0.3,1.62,38.778,-122.728333333333,Low
2025-05-24 08:01:19_35.7013333_-117.5056667,2025-05-24 08:01:19,2.64,6.83,35.7013333,-117.5056667,Low
2025-05-24 07:37:34_38.8346672058105_-122.818664550781,2025-05-24 07:37:34,0.4,1.86000001430511,38.8346672058105,-122.818664550781,Low
2025-05-24 07:25:04_38.8144989013672_-122.832496643066,2025-05-24 07:25:04,0.76,1.46000003814697,38.8144989013672,-122.832496643066,Low
2025-05-24 07:24:13_38.8346672058105_-122.818168640137,2025-05-24 07:24:13,0.78,1.76999998092651,38.8346672058105,-122.818168640137,Low
2025-05-24 06:56:58_33.4986667_-116.5081667,2025-05-24 06:56:58,0.83,11.66,33.4986667,-116.5081667,Low
2025-05-24 06:51:52_33.8445_-117.6286667,2025-05-24 06:51:52,1.06,9.52,33.8445,-117.6286667,Low
2025-05-24 06:36:10_38.8363342285156_-122.801834106445,2025-05-24 06:36:10,1,1.96000003814697,38.8363342285156,-122.801834106445,Low
2025-05-24 06:06:37_38.8250007629395_-122.797996520996,2025-05-24 06:06:37,1.36,2.10999989509583,38.8250007629395,-122.797996520996,Low
2025-05-24 05:44:21_43.93716666666667_-125.00233333333334,2025-05-24 05:44:21,1.7,4.84,43.93716666666667,-125.00233333333334,Low
2025-05-24 05:38:19_33.2461667_-115.992,2025-05-24 05:38:19,1.32,7.01,33.2461667,-115.992,Low
2025-05-24 05:18:35_39.5913333333333_-120.690666666667,2025-05-24 05:18:35,2.27,-1.33,39.5913333333333,-120.690666666667,Low
2025-05-24 05:08:08_34.051_-117.801,2025-05-24 05:08:08,1.19,9.76,34.051,-117.801,Low
2025-05-24 05:08:02_36.5171666666667_-119.518166666667,2025-05-24 05:08:02,2.67,30.44,36.5171666666667,-119.518166666667,Low
2025-05-24 04:59:32_44.3455_-115.026666666667,2025-05-24 04:59:32,1.69,8.14,44.3455,-115.026666666667,Low
2025-05-24 04:58:00_38.7618333333333_-122.729333333333,2025-05-24 04:58:00,0.26,1.79,38.7618333333333,-122.729333333333,Low
2025-05-24 04:57:17_38.8095016479492_-122.793334960938,2025-05-24 04:57:17,1.67,1.14999997615814,38.8095016479492,-122.793334960938,Low
2025-05-24 04:55:43_33.8258333_-116.1326667,2025-05-24 04:55:43,1.46,9.33,33.8258333,-116.1326667,Low
2025-05-24 04:27:39_38.835_-122.7915,2025-05-24 04:27:39,0.36,1.83,38.835,-122.7915,Low
2025-05-24 04:23:01_38.7716666666667_-122.734333333333,2025-05-24 04:23:01,0.05,0.95,38.7716666666667,-122.734333333333,Low
2025-05-24 03:25:21_38.8215_-122.795166666667,2025-05-24 03:25:21,0.37,1.93,38.8215,-122.795166666667,Low
2025-05-24 03:09:44_33.8453333_-117.4853333,2025-05-24 03:09:44,1.68,-0.51,33.8453333,-117.4853333,Low
2025-05-24 03:02:02_38.9263333333333_-122.0745,2025-05-24 03:02:02,2.89,13.84,38.9263333333333,-122.0745,Low
2025-05-24 02:37:05_35.8025_-121.342833333333,2025-05-24 02:37:05,1.21,3.27,35.8025,-121.342833333333,Low
2025-05-24 02:35:04_33.4651667_-116.6101667,2025-05-24 02:35:04,0.51,9.47,33.4651667,-116.6101667,Low
2025-05-24 02:30:34_38.8386650085449_-122.810501098633,2025-05-24 02:30:34,0.93,1.88999998569489,38.8386650085449,-122.810501098633,Low
2025-05-24 01:55:39_38.8134994506836_-122.814002990723,2025-05-24 01:55:39,1.69,2.82999992370605,38.8134994506836,-122.814002990723,Low
2025-05-24 01:42:00_34.4908333_-118.09,2025-05-24 01:42:00,0.79,9.97,34.4908333,-118.09,Low
2025-05-24 01:41:32_38.789_-122.717833333333,2025-05-24 01:41:32,0.36,2.36,38.789,-122.717833333333,Low
2025-05-24 01:24:07_38.8166666666667_-122.819166666667,2025-05-24 01:24:07,0.53,1.67,38.8166666666667,-122.819166666667,Low
2025-05-24 01:12:08_38.8424987792969_-122.84049987793,2025-05-24 01:12:08,1.29,1.80999994277954,38.8424987792969,-122.84049987793,Low
2025-05-24 01:09:56_36.0551666666667_-121.554666666667,2025-05-24 01:09:56,1.5,13.91,36.0551666666667,-121.554666666667,Low
2025-05-24 00:56:14_38.8213348388672_-122.806831359863,2025-05-24 00:56:14,0.92,0.939999997615814,38.8213348388672,-122.806831359863,Low
2025-05-24 00:55:21_31.7866667_-115.788,2025-05-24 00:55:21,2.38,13.44,31.7866667,-115.788,Low
2025-05-24 00:37:39_34.1566667_-118.3645,2025-05-24 00:37:39,1.1,15.59,34.1566667,-118.3645,Low
2025-05-24 00:37:21_37.518_-118.711833333333,2025-05-24 00:37:21,1.25,4.28,37.518,-118.711833333333,Low
2025-05-24 00:36:16_38.8194999694824_-122.763664245605,2025-05-24 00:36:16,0.33,2.10999989509583,38.8194999694824,-122.763664245605,Low
2025-05-24 00:28:20_36.056_-121.561,2025-05-24 00:28:20,1.75,13.08,36.056,-121.561,Low
2025-05-24 00:05:32_37.3386666666667_-121.702333333333,2025-05-24 00:05:32,0.75,4.36,37.3386666666667,-121.702333333333,Low
2025-05-23 23:48:20_35.0465_-118.3266667,2025-05-23 23:48:20,1.5,-1.11,35.0465,-118.3266667,Low
2025-05-23 23:44:02_34.4871667_-118.0808333,2025-05-23 23:44:02,1.08,10.01,34.4871667,-118.0808333,Low
2025-05-23 23:17:21_33.5348333_-116.7176667,2025-05-23 23:17:21,0.52,5.69,33.5348333,-116.7176667,Low
2025-05-23 23:13:12_35.8585_-120.306,2025-05-23 23:13:12,1.94,9.28,35.8585,-120.306,Low
2025-05-23 22:56:42_36.9147_-117.6851,2025-05-23 22:56:42,1.7,0.1,36.9147,-117.6851,Low
2025-05-23 22:56:11_38.8203315734863_-122.761833190918,2025-05-23 22:56:11,0.77,1.94000005722046,38.8203315734863,-122.761833190918,Low
2025-05-23 22:47:00_35.3203333_-117.8008333,2025-05-23 22:47:00,1.12,7.12,35.3203333,-117.8008333,Low
2025-05-23 22:38:19_37.8338333333333_-121.991666666667,2025-05-23 22:38:19,0.93,7.9,37.8338333333333,-121.991666666667,Low
2025-05-23 22:22:12_34.2021667_-117.5476667,2025-05-23 22:22:12,1.82,9.83,34.2021667,-117.5476667,Low
2025-05-23 22:18:50_33.1998333_-115.5908333,2025-05-23 22:18:50,1.07,3.36,33.1998333,-115.5908333,Low
2025-05-23 21:48:33_33.2826667_-116.7973333,2025-05-23 21:48:33,0.54,15.86,33.2826667,-116.7973333,Low
2025-05-23 21:37:15_33.5831667_-116.6065,2025-05-23 21:37:15,0.37,12.53,33.5831667,-116.6065,Low
2025-05-23 20:57:05_38.8349990844727_-122.796333312988,2025-05-23 20:57:05,1.14,1.9099999666214,38.8349990844727,-122.796333312988,Low
2025-05-23 20:50:04_38.824333190918_-122.811668395996,2025-05-23 20:50:04,0.27,1.99000000953674,38.824333190918,-122.811668395996,Low
2025-05-23 20:15:38_38.772834777832_-122.74333190918,2025-05-23 20:15:38,1.01,1.62999999523163,38.772834777832,-122.74333190918,Low
2025-05-23 20:14:42_35.87_-117.6416667,2025-05-23 20:14:42,0.6,7.09,35.87,-117.6416667,Low
2025-05-23 20:14:13_35.8773333_-117.6203333,2025-05-23 20:14:13,0.05,10.12,35.8773333,-117.6203333,Low
2025-05-23 20:10:47_36.5025_-113.9641,2025-05-23 20:10:47,2.7,0,36.5025,-113.9641,Low
2025-05-23 20:04:26_35.869_-117.6441667,2025-05-23 20:04:26,0.66,7.07,35.869,-117.6441667,Low
2025-05-23 20:02:20_39.1571_-119.0396,2025-05-23 20:02:20,1,6.7,39.1571,-119.0396,Low
2025-05-23 20:02:00_38.8235015869141_-122.805168151855,2025-05-23 20:02:00,0.69,1.67999994754791,38.8235015869141,-122.805168151855,Low
2025-05-23 20:01:46_39.1575_-119.0464,2025-05-23 20:01:46,1.4,6.5,39.1575,-119.0464,Low
2025-05-23 19:41:45_36.7429_-115.9989,2025-05-23 19:41:45,-0.2,8.3,36.7429,-115.9989,Low
2025-05-23 19:33:23_38.5941666666667_-122.7965,2025-05-23 19:33:23,1.29,5.91,38.5941666666667,-122.7965,Low
2025-05-23 19:18:36_35.8721667_-117.6311667,2025-05-23 19:18:36,0.23,8.74,35.8721667,-117.6311667,Low
2025-05-23 19:14:46_38.8293342590332_-122.803337097168,2025-05-23 19:14:46,0.67,1.44000005722046,38.8293342590332,-122.803337097168,Low
2025-05-23 19:01:23_35.8795_-117.6511667,2025-05-23 19:01:23,1.46,8.57,35.8795,-117.6511667,Low
2025-05-23 19:01:17_35.8675_-117.6475,2025-05-23 19:01:17,1.21,6.78,35.8675,-117.6475,Low
2025-05-23 18:56:02_36.0216666666667_-120.590333333333,2025-05-23 18:56:02,0.11,2.64,36.0216666666667,-120.590333333333,Low
2025-05-23 18:54:59_36.0226666666667_-120.587166666667,2025-05-23 18:54:59,0.51,2.34,36.0226666666667,-120.587166666667,Low
2025-05-23 18:38:15_42.6468_-111.2016,2025-05-23 18:38:15,3.8,11.779,42.6468,-111.2016,Low
2025-05-23 18:25:36_38.8089981079102_-122.841003417969,2025-05-23 18:25:36,0.79,6.32999992370605,38.8089981079102,-122.841003417969,Low
2025-05-23 18:18:00_34.4871667_-118.0826667,2025-05-23 18:18:00,1.24,9.44,34.4871667,-118.0826667,Low
2025-05-23 17:40:09_35.3251667_-117.8121667,2025-05-23 17:40:09,1.12,8.63,35.3251667,-117.8121667,Low
2025-05-23 17:30:25_33.5951667_-116.8113333,2025-05-23 17:30:25,-0.05,7.66,33.5951667,-116.8113333,Low
2025-05-23 17:29:06_34.4853333_-118.0816667,2025-05-23 17:29:06,1.19,8.96,34.4853333,-118.0816667,Low
2025-05-23 17:19:30_35.869_-117.6528333,2025-05-23 17:19:30,1.22,5.51,35.869,-117.6528333,Low
2025-05-23 17:00:32_38.8208351135254_-122.823333740234,2025-05-23 17:00:32,0.98,2.09999990463257,38.8208351135254,-122.823333740234,Low
2025-05-23 16:37:38_38.7961666666667_-122.785,2025-05-23 16:37:38,0.35,3.53,38.7961666666667,-122.785,Low
2025-05-23 16:33:58_34.2803333_-117.8021667,2025-05-23 16:33:58,0.77,8.04,34.2803333,-117.8021667,Low
2025-05-23 16:27:55_38.8345_-122.798,2025-05-23 16:27:55,0.43,2.02,38.8345,-122.798,Low
2025-05-23 16:24:16_33.6668333_-116.7276667,2025-05-23 16:24:16,0.9,14.61,33.6668333,-116.7276667,Low
2025-05-23 16:15:40_35.8678333_-117.6508333,2025-05-23 16:15:40,0.65,5.37,35.8678333,-117.6508333,Low
2025-05-23 16:09:20_34.4883333_-118.079,2025-05-23 16:09:20,1.02,9.61,34.4883333,-118.079,Low
2025-05-23 16:07:31_34.4851667_-118.0805,2025-05-23 16:07:31,1.04,9.6,34.4851667,-118.0805,Low
2025-05-23 15:39:58_38.8356666564941_-122.796836853027,2025-05-23 15:39:58,1.09,2.01999998092651,38.8356666564941,-122.796836853027,Low
2025-05-23 15:36:47_38.8320007324219_-122.799163818359,2025-05-23 15:36:47,1.33,1.57000005245209,38.8320007324219,-122.799163818359,Low
2025-05-23 15:36:38_38.8375015258789_-122.797164916992,2025-05-23 15:36:38,0.66,2.01999998092651,38.8375015258789,-122.797164916992,Low
2025-05-23 15:36:16_38.8373336791992_-122.796836853027,2025-05-23 15:36:16,0.88,1.76999998092651,38.8373336791992,-122.796836853027,Low
2025-05-23 15:07:22_41.2515_-111.689,2025-05-23 15:07:22,0.92,9.48,41.2515,-111.689,Low
2025-05-23 15:07:11_41.2508333333333_-111.6975,2025-05-23 15:07:11,0.12,9.83,41.2508333333333,-111.6975,Low
2025-05-23 15:00:19_38.8376666666667_-122.797833333333,2025-05-23 15:00:19,0.35,1.5,38.8376666666667,-122.797833333333,Low
2025-05-23 14:53:31_38.8349990844727_-122.798667907715,2025-05-23 14:53:31,1.07,1.71000003814697,38.8349990844727,-122.798667907715,Low
2025-05-23 14:28:41_38.8316650390625_-122.799003601074,2025-05-23 14:28:41,0.76,1.99000000953674,38.8316650390625,-122.799003601074,Low
2025-05-23 14:25:09_38.8359985351562_-122.799331665039,2025-05-23 14:25:09,0.7,1.29999995231628,38.8359985351562,-122.799331665039,Low
2025-05-23 14:12:08_33.232_-116.0655,2025-05-23 14:12:08,1,11.12,33.232,-116.0655,Low
2025-05-23 14:04:23_39.1074_-119.0386,2025-05-23 14:04:23,0.9,6.1,39.1074,-119.0386,Low
2025-05-23 14:01:28_38.8313331604004_-122.799003601074,2025-05-23 14:01:28,1.76,1.61000001430511,38.8313331604004,-122.799003601074,Low
2025-05-23 13:59:07_33.53_-116.718,2025-05-23 13:59:07,1.01,5.54,33.53,-116.718,Low
2025-05-23 13:58:56_38.8308334350586_-122.798164367676,2025-05-23 13:58:56,1.8,1.44000005722046,38.8308334350586,-122.798164367676,Low
2025-05-23 13:56:05_38.8488333333333_-122.7875,2025-05-23 13:56:05,0.64,0.51,38.8488333333333,-122.7875,Low
2025-05-23 13:47:57_38.7879981994629_-122.763000488281,2025-05-23 13:47:57,1.28,0.600000023841858,38.7879981994629,-122.763000488281,Low
2025-05-23 13:47:41_38.8326666666667_-122.791666666667,2025-05-23 13:47:41,0.35,2.01,38.8326666666667,-122.791666666667,Low
2025-05-23 13:44:25_38.7786666666667_-122.758666666667,2025-05-23 13:44:25,0.26,1.51,38.7786666666667,-122.758666666667,Low
2025-05-23 13:39:06_38.8356666564941_-122.799003601074,2025-05-23 13:39:06,0.79,1.12999999523163,38.8356666564941,-122.799003601074,Low
2025-05-23 13:32:54_38.8373336791992_-122.797996520996,2025-05-23 13:32:54,0.26,1.55999994277954,38.8373336791992,-122.797996520996,Low
2025-05-23 13:22:37_38.8344993591309_-122.796669006348,2025-05-23 13:22:37,0.36,2.21000003814697,38.8344993591309,-122.796669006348,Low
2025-05-23 13:21:12_38.8330001831055_-122.795829772949,2025-05-23 13:21:12,1.26,1.91999995708466,38.8330001831055,-122.795829772949,Low
2025-05-23 13:19:57_38.8328323364258_-122.795166015625,2025-05-23 13:19:57,0.73,2.01999998092651,38.8328323364258,-122.795166015625,Low
2025-05-23 13:07:33_37.6343333333333_-119.0535,2025-05-23 13:07:33,-0.2,-0.15,37.6343333333333,-119.0535,Low
2025-05-23 13:06:30_38.8348350524902_-122.797996520996,2025-05-23 13:06:30,1.08,1.87000000476837,38.8348350524902,-122.797996520996,Low
2025-05-23 13:05:23_38.8228340148926_-122.808334350586,2025-05-23 13:05:23,0.83,0.889999985694885,38.8228340148926,-122.808334350586,Low
2025-05-23 13:04:52_38.8323333333333_-122.795666666667,2025-05-23 13:04:52,2.64,2.48,38.8323333333333,-122.795666666667,Low
2025-05-23 12:46:09_37.6381666666667_-119.054666666667,2025-05-23 12:46:09,-0.2,0.35,37.6381666666667,-119.054666666667,Low
2025-05-23 12:38:51_38.8366661071777_-122.800331115723,2025-05-23 12:38:51,1.12,1.62000000476837,38.8366661071777,-122.800331115723,Low
2025-05-23 12:37:49_39.1108_-119.0427,2025-05-23 12:37:49,0.9,7,39.1108,-119.0427,Low
2025-05-23 11:47:28_38.8315010070801_-122.814002990723,2025-05-23 11:47:28,0.27,2.34999990463257,38.8315010070801,-122.814002990723,Low
2025-05-23 11:47:10_33.5248333_-116.7346667,2025-05-23 11:47:10,0.43,5.41,33.5248333,-116.7346667,Low
2025-05-23 11:20:36_38.7804985046387_-122.764999389648,2025-05-23 11:20:36,0.81,3.75,38.7804985046387,-122.764999389648,Low
2025-05-23 11:11:25_38.837833404541_-122.800498962402,2025-05-23 11:11:25,0.74,1.63999998569489,38.837833404541,-122.800498962402,Low
2025-05-23 11:09:52_39.1551_-119.0501,2025-05-23 11:09:52,1.1,5.5,39.1551,-119.0501,Low
2025-05-23 10:31:27_33.2335_-116.7303333,2025-05-23 10:31:27,0.32,12.06,33.2335,-116.7303333,Low
2025-05-23 10:10:49_38.7973327636719_-122.78483581543,2025-05-23 10:10:49,1.47,3.27999997138977,38.7973327636719,-122.78483581543,Low
2025-05-23 10:06:09_38.8018333333333_-122.781,2025-05-23 10:06:09,0.49,3.38,38.8018333333333,-122.781,Low
2025-05-23 10:05:50_38.8035011291504_-122.780502319336,2025-05-23 10:05:50,1.08,2.99000000953674,38.8035011291504,-122.780502319336,Low
2025-05-23 10:02:33_35.5025_-118.5276667,2025-05-23 10:02:33,1.2,5.86,35.5025,-118.5276667,Low
2025-05-23 09:48:29_36.3623333333333_-121.4795,2025-05-23 09:48:29,0.86,5.67,36.3623333333333,-121.4795,Low
2025-05-23 09:35:01_38.794_-122.778833333333,2025-05-23 09:35:01,0.43,1.76,38.794,-122.778833333333,Low
2025-05-23 09:32:58_44.3543333333333_-115.171833333333,2025-05-23 09:32:58,2.12,4.58,44.3543333333333,-115.171833333333,Low
2025-05-23 09:30:59_39.1837_-120.5409,2025-05-23 09:30:59,0.8,14.3,39.1837,-120.5409,Low
2025-05-23 09:26:29_39.4895_-120.1671,2025-05-23 09:26:29,0.8,8.9,39.4895,-120.1671,Low
2025-05-23 08:38:22_36.2925_-120.8465,2025-05-23 08:38:22,1.16,6.86,36.2925,-120.8465,Low
2025-05-23 08:26:39_42.5563333333333_-111.4105,2025-05-23 08:26:39,1.3,-0.25,42.5563333333333,-111.4105,Low
2025-05-23 08:18:33_40.743_-111.639666666667,2025-05-23 08:18:33,0.64,11.01,40.743,-111.639666666667,Low
2025-05-23 07:55:00_40.2901666666667_-124.366,2025-05-23 07:55:00,1.32,8.12,40.2901666666667,-124.366,Low
2025-05-23 07:43:13_38.7521666666667_-122.710666666667,2025-05-23 07:43:13,0.43,2.75,38.7521666666667,-122.710666666667,Low
2025-05-23 07:39:48_37.5163333333333_-118.826166666667,2025-05-23 07:39:48,0.62,3.75,37.5163333333333,-118.826166666667,Low
2025-05-23 07:33:12_38.7985_-122.778666666667,2025-05-23 07:33:12,0.31,3.49,38.7985,-122.778666666667,Low
2025-05-23 07:24:15_38.8296661376953_-122.817665100098,2025-05-23 07:24:15,1.19,1.85000002384186,38.8296661376953,-122.817665100098,Low
2025-05-23 07:15:40_38.8191680908203_-122.799667358398,2025-05-23 07:15:40,0.51,4.28999996185303,38.8191680908203,-122.799667358398,Low
2025-05-23 06:39:48_33.365_-116.6916667,2025-05-23 06:39:48,0.61,13.62,33.365,-116.6916667,Low
2025-05-23 05:41:42_38.8185005187988_-122.841667175293,2025-05-23 05:41:42,0.81,2.01999998092651,38.8185005187988,-122.841667175293,Low
2025-05-23 04:15:08_38.8411666666667_-122.825,2025-05-23 04:15:08,0.48,1.82,38.8411666666667,-122.825,Low
2025-05-23 03:43:55_38.8409996032715_-122.87833404541,2025-05-23 03:43:55,0.72,2.21000003814697,38.8409996032715,-122.87833404541,Low
2025-05-23 03:27:26_42.347_-123.35483333333333,2025-05-23 03:27:26,1.46,-0.71,42.347,-123.35483333333333,Low
2025-05-23 03:24:00_38.8096656799316_-122.773170471191,2025-05-23 03:24:00,0.85,1.04999995231628,38.8096656799316,-122.773170471191,Low
2025-05-23 03:00:15_32.7821667_-116.8901667,2025-05-23 03:00:15,1.43,-0.26,32.7821667,-116.8901667,Low
2025-05-23 02:56:16_37.4201666666667_-121.7705,2025-05-23 02:56:16,0.94,6.74,37.4201666666667,-121.7705,Low
2025-05-23 02:41:44_33.4588333_-116.4278333,2025-05-23 02:41:44,0.64,5.78,33.4588333,-116.4278333,Low
2025-05-23 02:20:46_33.3715_-116.262,2025-05-23 02:20:46,0.93,11.9,33.3715,-116.262,Low
2025-05-23 02:15:16_33.8543333_-117.6533333,2025-05-23 02:15:16,1.03,9.99,33.8543333,-117.6533333,Low
2025-05-23 01:01:01_35.8703333_-117.6913333,2025-05-23 01:01:01,1.41,9.84,35.8703333,-117.6913333,Low
2025-05-23 00:50:19_33.3623333_-116.6911667,2025-05-23 00:50:19,0.53,14.84,33.3623333,-116.6911667,Low
2025-05-23 00:39:19_38.7686653137207_-122.737503051758,2025-05-23 00:39:19,1.17,2.32999992370605,38.7686653137207,-122.737503051758,Low
2025-05-23 00:38:01_38.7491683959961_-122.706832885742,2025-05-23 00:38:01,0.96,1.22000002861023,38.7491683959961,-122.706832885742,Low
2025-05-23 00:16:32_38.4483_-116.4754,2025-05-23 00:16:32,2.3,9.4,38.4483,-116.4754,Low
2025-05-23 00:10:56_35.0548333_-118.3435,2025-05-23 00:10:56,1.3,-0.9,35.0548333,-118.3435,Low
2025-05-23 00:09:25_36.7189_-116.3216,2025-05-23 00:09:25,0.3,8,36.7189,-116.3216,Low
2025-05-22 23:47:03_38.7993316650391_-122.750999450684,2025-05-22 23:47:03,0.78,2.60999989509583,38.7993316650391,-122.750999450684,Low
2025-05-22 23:37:12_37.9245_-121.9475,2025-05-22 23:37:12,1.81,4.81,37.9245,-121.9475,Low
2025-05-22 23:29:51_33.9271667_-117.1925,2025-05-22 23:29:51,1.38,14.01,33.9271667,-117.1925,Low
2025-05-22 23:26:11_33.25_-116.3796667,2025-05-22 23:26:11,0.79,4.8,33.25,-116.3796667,Low
2025-05-22 23:10:05_35.3275_-117.8161667,2025-05-22 23:10:05,0.66,8.43,35.3275,-117.8161667,Low
2025-05-22 23:06:14_33.6571667_-116.7333333,2025-05-22 23:06:14,0.32,13.45,33.6571667,-116.7333333,Low
2025-05-22 22:54:43_44.3033333333333_-115.0485,2025-05-22 22:54:43,1.56,6.63,44.3033333333333,-115.0485,Low
2025-05-22 22:49:42_38.8226661682129_-122.82266998291,2025-05-22 22:49:42,1.01,2.28999996185303,38.8226661682129,-122.82266998291,Low
2025-05-22 22:21:53_33.235_-116.7381667,2025-05-22 22:21:53,0.98,11.02,33.235,-116.7381667,Low
2025-05-22 21:48:49_44.3451666666667_-115.035333333333,2025-05-22 21:48:49,1.12,5.02,44.3451666666667,-115.035333333333,Low
2025-05-22 21:36:22_38.8413314819336_-122.842330932617,2025-05-22 21:36:22,0.38,4.51999998092651,38.8413314819336,-122.842330932617,Low
2025-05-22 21:36:10_34.2546667_-117.1735,2025-05-22 21:36:10,0.58,3.57,34.2546667,-117.1735,Low
2025-05-22 21:24:06_38.8428344726562_-122.840835571289,2025-05-22 21:24:06,0.53,2.1800000667572,38.8428344726562,-122.840835571289,Low
2025-05-22 21:00:48_38.8461685180664_-122.840835571289,2025-05-22 21:00:48,0.53,2.03999996185303,38.8461685180664,-122.840835571289,Low
2025-05-22 20:58:46_38.8148345947266_-122.799163818359,2025-05-22 20:58:46,1.24,3.1800000667572,38.8148345947266,-122.799163818359,Low
2025-05-22 20:56:27_34.2_-117.4841667,2025-05-22 20:56:27,0.93,3.86,34.2,-117.4841667,Low
2025-05-22 20:41:27_38.8396666666667_-122.809833333333,2025-05-22 20:41:27,0.4,2.68,38.8396666666667,-122.809833333333,Low
2025-05-22 20:13:50_38.149_-117.9733,2025-05-22 20:13:50,1.9,11,38.149,-117.9733,Low
2025-05-22 20:13:47_37.9553333333333_-122.026666666667,2025-05-22 20:13:47,1.46,10,37.9553333333333,-122.026666666667,Low
2025-05-22 20:05:26_33.9063333_-116.2556667,2025-05-22 20:05:26,1.36,7.98,33.9063333,-116.2556667,Low
2025-05-22 20:01:16_41.6495_-124.6435,2025-05-22 20:01:16,1.48,38.01,41.6495,-124.6435,Low
2025-05-22 19:51:56_38.7848320007324_-122.745666503906,2025-05-22 19:51:56,0.54,1.47000002861023,38.7848320007324,-122.745666503906,Low
2025-05-22 19:07:53_44.3616666666667_-116.112,2025-05-22 19:07:53,1.47,6.93,44.3616666666667,-116.112,Low
2025-05-22 19:01:27_38.82_-122.790833333333,2025-05-22 19:01:27,0.37,2.2,38.82,-122.790833333333,Low
2025-05-22 18:50:33_38.822_-122.764166666667,2025-05-22 18:50:33,0.52,2.45,38.822,-122.764166666667,Low
2025-05-22 18:49:39_38.8213348388672_-122.765830993652,2025-05-22 18:49:39,1.98,1.80999994277954,38.8213348388672,-122.765830993652,Low
2025-05-22 18:36:28_38.8343315124512_-122.779502868652,2025-05-22 18:36:28,0.77,1.88999998569489,38.8343315124512,-122.779502868652,Low
2025-05-22 18:28:01_36.032_-120.645,2025-05-22 18:28:01,1.12,2.54,36.032,-120.645,Low
2025-05-22 17:57:37_33.8538333_-116.8731667,2025-05-22 17:57:37,0.71,9.42,33.8538333,-116.8731667,Low
2025-05-22 17:57:04_34.67_-120.4143333,2025-05-22 17:57:04,2.52,11.62,34.67,-120.4143333,Low
2025-05-22 17:25:38_38.8209991455078_-122.842002868652,2025-05-22 17:25:38,0.76,2.22000002861023,38.8209991455078,-122.842002868652,Low
2025-05-22 16:56:13_33.3016667_-116.262,2025-05-22 16:56:13,0.59,7.11,33.3016667,-116.262,Low
2025-05-22 16:45:17_38.9485_-123.177666666667,2025-05-22 16:45:17,1.2,5.71,38.9485,-123.177666666667,Low
2025-05-22 16:44:44_38.7978324890137_-122.78466796875,2025-05-22 16:44:44,0.77,3.03999996185303,38.7978324890137,-122.78466796875,Low
2025-05-22 16:39:09_44.153_-113.5985,2025-05-22 16:39:09,0.55,1.13,44.153,-113.5985,Low
2025-05-22 16:33:15_38.8194999694824_-122.793830871582,2025-05-22 16:33:15,1.08,0.449999988079071,38.8194999694824,-122.793830871582,Low
2025-05-22 16:23:35_38.8398323059082_-122.824333190918,2025-05-22 16:23:35,0.71,2.92000007629395,38.8398323059082,-122.824333190918,Low
2025-05-22 16:17:38_34.1088333_-116.9395,2025-05-22 16:17:38,0.82,12.06,34.1088333,-116.9395,Low
2025-05-22 16:03:22_33.6996667_-116.7366667,2025-05-22 16:03:22,1.25,16.66,33.6996667,-116.7366667,Low
2025-05-22 15:22:20_40.3501666666667_-124.852166666667,2025-05-22 15:22:20,2.69,16.74,40.3501666666667,-124.852166666667,Low
2025-05-22 14:56:52_38.849_-122.817666666667,2025-05-22 14:56:52,0.34,1.62,38.849,-122.817666666667,Low
2025-05-22 14:53:45_35.0353333_-119.0328333,2025-05-22 14:53:45,1.95,13.88,35.0353333,-119.0328333,Low
2025-05-22 14:52:22_38.7886657714844_-122.767997741699,2025-05-22 14:52:22,0.89,1.98000001907349,38.7886657714844,-122.767997741699,Low
2025-05-22 14:38:24_38.8246666666667_-122.806666666667,2025-05-22 14:38:24,0.43,2.65,38.8246666666667,-122.806666666667,Low
2025-05-22 14:31:13_38.828_-122.784166666667,2025-05-22 14:31:13,0.3,2.1,38.828,-122.784166666667,Low
2025-05-22 14:27:21_38.8160018920898_-122.795501708984,2025-05-22 14:27:21,1.27,2.49000000953674,38.8160018920898,-122.795501708984,Low
2025-05-22 14:26:13_38.8154983520508_-122.775001525879,2025-05-22 14:26:13,1.08,0.319999992847443,38.8154983520508,-122.775001525879,Low
2025-05-22 13:50:57_38.8311653137207_-122.815002441406,2025-05-22 13:50:57,0.25,1.55999994277954,38.8311653137207,-122.815002441406,Low
2025-05-22 13:37:40_34.6173333_-116.6275,2025-05-22 13:37:40,1.24,5.56,34.6173333,-116.6275,Low
2025-05-22 13:36:07_38.8296661376953_-122.81600189209,2025-05-22 13:36:07,1.36,1.75,38.8296661376953,-122.81600189209,Low
2025-05-22 13:35:01_37.4201666666667_-112.910333333333,2025-05-22 13:35:01,1.1,15.99,37.4201666666667,-112.910333333333,Low
2025-05-22 13:21:50_34.1673333_-116.837,2025-05-22 13:21:50,0.7,5.14,34.1673333,-116.837,Low
2025-05-22 13:14:28_36.0606667_-117.3776667,2025-05-22 13:14:28,1.1,2.53,36.0606667,-117.3776667,Low
2025-05-22 12:33:33_38.8106651306152_-122.77466583252,2025-05-22 12:33:33,1.07,1.47000002861023,38.8106651306152,-122.77466583252,Low
2025-05-22 12:18:31_33.529_-116.7326667,2025-05-22 12:18:31,0.47,4.74,33.529,-116.7326667,Low
2025-05-22 12:12:52_38.8268333333333_-122.767,2025-05-22 12:12:52,-0.3,2.64,38.8268333333333,-122.767,Low
2025-05-22 12:11:42_35.8875_-117.724,2025-05-22 12:11:42,0.93,3.88,35.8875,-117.724,Low
2025-05-22 12:01:22_36.0161667_-117.7285,2025-05-22 12:01:22,0.76,1.38,36.0161667,-117.7285,Low
2025-05-22 11:56:59_33.9825_-116.6931667,2025-05-22 11:56:59,0.66,18.12,33.9825,-116.6931667,Low
2025-05-22 11:56:42_33.6_-116.623,2025-05-22 11:56:42,-0.17,13.32,33.6,-116.623,Low
2025-05-22 11:54:08_38.8230018615723_-122.842666625977,2025-05-22 11:54:08,0.83,2.15000009536743,38.8230018615723,-122.842666625977,Low
2025-05-22 11:34:43_33.6685_-116.7486667,2025-05-22 11:34:43,0.61,15.66,33.6685,-116.7486667,Low
2025-05-22 11:27:48_33.6595_-116.7463333,2025-05-22 11:27:48,0.18,15.28,33.6595,-116.7463333,Low
2025-05-22 11:27:17_33.659_-116.7516667,2025-05-22 11:27:17,0.44,14.65,33.659,-116.7516667,Low
2025-05-22 10:46:07_33.1668333_-116.2983333,2025-05-22 10:46:07,0.85,12.21,33.1668333,-116.2983333,Low
2025-05-22 10:31:25_38.8246650695801_-122.808166503906,2025-05-22 10:31:25,0.66,3.45000004768372,38.8246650695801,-122.808166503906,Low
2025-05-22 10:10:03_36.0098333333333_-120.571666666667,2025-05-22 10:10:03,0.79,2.14,36.0098333333333,-120.571666666667,Low
2025-05-22 10:03:00_40.2735_-124.469833333333,2025-05-22 10:03:00,2.3,19.13,40.2735,-124.469833333333,Low
2025-05-22 09:59:15_36.5395_-121.1065,2025-05-22 09:59:15,0.76,0.1,36.5395,-121.1065,Low
2025-05-22 09:47:15_38.8146667480469_-122.797836303711,2025-05-22 09:47:15,1.06,3.30999994277954,38.8146667480469,-122.797836303711,Low
2025-05-22 09:35:16_38.8349990844727_-122.783996582031,2025-05-22 09:35:16,1.21,1.85000002384186,38.8349990844727,-122.783996582031,Low
2025-05-22 09:31:58_38.8219985961914_-122.810501098633,2025-05-22 09:31:58,1.7,2.77999997138977,38.8219985961914,-122.810501098633,Low
2025-05-22 09:25:08_38.836498260498_-122.790000915527,2025-05-22 09:25:08,0.62,0.490000009536743,38.836498260498,-122.790000915527,Low
2025-05-22 09:14:20_38.7723350524902_-122.737831115723,2025-05-22 09:14:20,1.1,1.0900000333786,38.7723350524902,-122.737831115723,Low
2025-05-22 09:12:58_38.8423333333333_-122.824833333333,2025-05-22 09:12:58,0.37,2.18,38.8423333333333,-122.824833333333,Low
2025-05-22 09:09:32_38.8370018005371_-122.782997131348,2025-05-22 09:09:32,0.79,1.05999994277954,38.8370018005371,-122.782997131348,Low
2025-05-22 09:00:28_38.8365_-122.781333333333,2025-05-22 09:00:28,2.51,1.59,38.8365,-122.781333333333,Low
2025-05-22 09:00:14_38.8429985046387_-122.839500427246,2025-05-22 09:00:14,0.45,2.10999989509583,38.8429985046387,-122.839500427246,Low
2025-05-22 08:58:07_38.8213348388672_-122.813667297363,2025-05-22 08:58:07,0.75,3.67000007629395,38.8213348388672,-122.813667297363,Low
2025-05-22 08:49:39_38.7908333333333_-122.777166666667,2025-05-22 08:49:39,0.23,1.19,38.7908333333333,-122.777166666667,Low
2025-05-22 08:47:46_38.8358345031738_-122.782669067383,2025-05-22 08:47:46,1.26,1.0900000333786,38.8358345031738,-122.782669067383,Low
2025-05-22 08:04:42_36.8784_-115.8993,2025-05-22 08:04:42,0,11,36.8784,-115.8993,Low
2025-05-22 07:31:47_44.3084_-115.1469,2025-05-22 07:31:47,2.5,12.963,44.3084,-115.1469,Low
2025-05-22 07:15:32_38.5741666666667_-122.715166666667,2025-05-22 07:15:32,2.14,4.81,38.5741666666667,-122.715166666667,Low
2025-05-22 07:09:44_37.4728333333333_-119.005666666667,2025-05-22 07:09:44,0.66,2.95,37.4728333333333,-119.005666666667,Low
2025-05-22 07:00:00_38.82_-122.822666666667,2025-05-22 07:00:00,0.34,2.6,38.82,-122.822666666667,Low
2025-05-22 06:26:33_38.8188323974609_-122.842163085938,2025-05-22 06:26:33,1.3,2.41000008583069,38.8188323974609,-122.842163085938,Low
2025-05-22 05:30:14_38.7596666666667_-122.716,2025-05-22 05:30:14,0.4,1.45,38.7596666666667,-122.716,Low
2025-05-22 05:02:28_39.4225_-111.059166666667,2025-05-22 05:02:28,1.06,7.23,39.4225,-111.059166666667,Low
2025-05-22 04:47:08_36.4203333333333_-120.973833333333,2025-05-22 04:47:08,1.57,8.34,36.4203333333333,-120.973833333333,Low
2025-05-22 04:41:09_33.6525_-116.7123333,2025-05-22 04:41:09,0.81,14.75,33.6525,-116.7123333,Low
2025-05-22 04:28:35_33.8711667_-116.1918333,2025-05-22 04:28:35,1.53,6.84,33.8711667,-116.1918333,Low
2025-05-22 04:19:24_36.5271666666667_-121.056833333333,2025-05-22 04:19:24,0.63,7.87,36.5271666666667,-121.056833333333,Low
2025-05-22 04:07:43_33.6525_-116.7103333,2025-05-22 04:07:43,0.87,14.69,33.6525,-116.7103333,Low
2025-05-22 04:06:47_33.6526667_-116.7141667,2025-05-22 04:06:47,0.74,15.41,33.6526667,-116.7141667,Low
2025-05-22 04:06:23_33.65_-116.707,2025-05-22 04:06:23,0.91,15.25,33.65,-116.707,Low
2025-05-22 04:06:22_33.6435_-116.7053333,2025-05-22 04:06:22,0.85,14.36,33.6435,-116.7053333,Low
2025-05-22 04:06:19_33.6448333_-116.7053333,2025-05-22 04:06:19,0.66,14.69,33.6448333,-116.7053333,Low
2025-05-22 04:06:13_33.6463333_-116.7215,2025-05-22 04:06:13,0.87,13.71,33.6463333,-116.7215,Low
2025-05-22 04:06:11_33.6516667_-116.7151667,2025-05-22 04:06:11,0.78,15.07,33.6516667,-116.7151667,Low
2025-05-22 03:57:46_38.8380012512207_-122.824996948242,2025-05-22 03:57:46,0.31,1.99000000953674,38.8380012512207,-122.824996948242,Low
2025-05-22 03:56:32_36.5283333333333_-121.069166666667,2025-05-22 03:56:32,1.72,10.86,36.5283333333333,-121.069166666667,Low
2025-05-22 03:55:44_36.531_-121.083833333333,2025-05-22 03:55:44,1.77,10.52,36.531,-121.083833333333,Low
2025-05-22 03:31:03_39.0025_-111.418333333333,2025-05-22 03:31:03,1.36,-1.43,39.0025,-111.418333333333,Low
2025-05-22 03:30:20_36.5295_-121.066166666667,2025-05-22 03:30:20,0.49,8.2,36.5295,-121.066166666667,Low
2025-05-22 03:30:08_33.8945_-117.056,2025-05-22 03:30:08,0.81,16.52,33.8945,-117.056,Low
2025-05-22 03:24:51_44.2968333333333_-115.175166666667,2025-05-22 03:24:51,1.29,5,44.2968333333333,-115.175166666667,Low
2025-05-22 02:47:56_37.373_-118.370666666667,2025-05-22 02:47:56,2.49,6.56,37.373,-118.370666666667,Low
2025-05-22 02:46:47_37.3493333333333_-118.348166666667,2025-05-22 02:46:47,1.75,7.03,37.3493333333333,-118.348166666667,Low
2025-05-22 02:44:18_38.8341674804688_-122.808502197266,2025-05-22 02:44:18,1.05,2.14000010490417,38.8341674804688,-122.808502197266,Low
2025-05-22 02:31:52_35.9105_-117.6925,2025-05-22 02:31:52,0.33,8.32,35.9105,-117.6925,Low
2025-05-22 02:30:58_36.1678333_-118.0596667,2025-05-22 02:30:58,1.76,1.91,36.1678333,-118.0596667,Low
2025-05-22 02:23:09_38.8151664733887_-122.81950378418,2025-05-22 02:23:09,0.76,1.45000004768372,38.8151664733887,-122.81950378418,Low
2025-05-22 01:59:39_36.0543333333333_-121.554166666667,2025-05-22 01:59:39,1.26,13.48,36.0543333333333,-121.554166666667,Low
2025-05-22 01:33:21_38.8219985961914_-122.787666320801,2025-05-22 01:33:21,0.29,1.44000005722046,38.8219985961914,-122.787666320801,Low
2025-05-22 01:21:42_33.687_-116.737,2025-05-22 01:21:42,0.85,16.11,33.687,-116.737,Low
2025-05-22 01:07:30_38.8354988098145_-122.797668457031,2025-05-22 01:07:30,1.4,1.91999995708466,38.8354988098145,-122.797668457031,Low
2025-05-22 00:50:51_38.7971649169922_-122.800331115723,2025-05-22 00:50:51,0.78,3.77999997138977,38.7971649169922,-122.800331115723,Low
2025-05-22 00:50:06_35.3498333_-117.7906667,2025-05-22 00:50:06,1.98,6.44,35.3498333,-117.7906667,Low
2025-05-22 00:33:47_43.133833333333335_-124.22283333333333,2025-05-22 00:33:47,1.31,-0.51,43.133833333333335,-124.22283333333333,Low
2025-05-22 00:32:56_37.4508333333333_-118.805166666667,2025-05-22 00:32:56,1.17,3.45,37.4508333333333,-118.805166666667,Low
2025-05-22 00:20:40_33.6558333_-116.734,2025-05-22 00:20:40,0.85,13.51,33.6558333,-116.734,Low
2025-05-22 00:16:36_39.5553_-119.6785,2025-05-22 00:16:36,1.1,2.3,39.5553,-119.6785,Low
2025-05-22 00:07:50_35.0465_-117.6603333,2025-05-22 00:07:50,1.54,-0.79,35.0465,-117.6603333,Low
2025-05-21 23:59:53_33.762_-117.1061667,2025-05-21 23:59:53,1.09,-0.52,33.762,-117.1061667,Low
2025-05-21 23:47:07_32.918_-116.937,2025-05-21 23:47:07,1.38,-0.18,32.918,-116.937,Low
2025-05-21 23:37:22_36.8878333333333_-121.623166666667,2025-05-21 23:37:22,1.74,-0.12,36.8878333333333,-121.623166666667,Low
2025-05-21 23:19:35_33.274_-116.212,2025-05-21 23:19:35,2.1,10.7,33.274,-116.212,Low
2025-05-21 23:14:59_35.2508333_-118.947,2025-05-21 23:14:59,1.53,4.95,35.2508333,-118.947,Low
2025-05-21 23:10:48_38.7973327636719_-122.752830505371,2025-05-21 23:10:48,0.3,1.14999997615814,38.7973327636719,-122.752830505371,Low
2025-05-21 23:09:26_38.820499420166_-122.823829650879,2025-05-21 23:09:26,0.74,1.75,38.820499420166,-122.823829650879,Low
2025-05-21 22:28:52_38.8141670227051_-122.776336669922,2025-05-21 22:28:52,0.28,5.69000005722046,38.8141670227051,-122.776336669922,Low
2025-05-21 21:47:20_36.9903333333333_-121.656,2025-05-21 21:47:20,0.95,6.35,36.9903333333333,-121.656,Low
2025-05-21 21:35:57_38.8225_-122.840833333333,2025-05-21 21:35:57,0.3,2.46,38.8225,-122.840833333333,Low
2025-05-21 21:28:23_38.8171666666667_-122.821,2025-05-21 21:28:23,0.48,2.59,38.8171666666667,-122.821,Low
2025-05-21 21:06:56_33.878_-117.7818333,2025-05-21 21:06:56,1.84,10.81,33.878,-117.7818333,Low
2025-05-21 21:03:27_32.7063333_-115.4173333,2025-05-21 21:03:27,1.48,17.3,32.7063333,-115.4173333,Low
2025-05-21 20:26:30_38.7878333333333_-122.746,2025-05-21 20:26:30,0.5,1.57,38.7878333333333,-122.746,Low
2025-05-21 20:22:43_38.8393325805664_-122.83716583252,2025-05-21 20:22:43,0.43,1.78999996185303,38.8393325805664,-122.83716583252,Low
2025-05-21 19:56:12_38.7890014648438_-122.764831542969,2025-05-21 19:56:12,0.38,2.9300000667572,38.7890014648438,-122.764831542969,Low
2025-05-21 19:48:11_38.7960014343262_-122.72883605957,2025-05-21 19:48:11,1.08,1.96000003814697,38.7960014343262,-122.72883605957,Low
2025-05-21 19:38:30_33.4811667_-116.553,2025-05-21 19:38:30,0.77,11.99,33.4811667,-116.553,Low
2025-05-21 19:37:57_38.4316666666667_-122.656833333333,2025-05-21 19:37:57,1.14,9.03,38.4316666666667,-122.656833333333,Low
2025-05-21 19:36:50_38.8103332519531_-122.820831298828,2025-05-21 19:36:50,0.96,3.09999990463257,38.8103332519531,-122.820831298828,Low
2025-05-21 19:30:16_33.2876667_-116.2776667,2025-05-21 19:30:16,1.18,3.8,33.2876667,-116.2776667,Low
2025-05-21 18:57:35_35.9083333_-117.7526667,2025-05-21 18:57:35,0.77,7.08,35.9083333,-117.7526667,Low
2025-05-21 18:53:21_38.8173332214355_-122.820167541504,2025-05-21 18:53:21,0.78,2.55999994277954,38.8173332214355,-122.820167541504,Low
2025-05-21 18:09:19_44.2666666666667_-114.063,2025-05-21 18:09:19,0.42,6.91,44.2666666666667,-114.063,Low
2025-05-21 18:04:34_38.7527_-117.9617,2025-05-21 18:04:34,2,11.3,38.7527,-117.9617,Low
2025-05-21 18:01:17_39.0066666666667_-111.411833333333,2025-05-21 18:01:17,1.41,-0.94,39.0066666666667,-111.411833333333,Low
2025-05-21 17:39:20_33.2866667_-116.2816667,2025-05-21 17:39:20,1.01,4.46,33.2866667,-116.2816667,Low
2025-05-21 17:27:11_38.8388328552246_-122.78116607666,2025-05-21 17:27:11,1.08,2.26999998092651,38.8388328552246,-122.78116607666,Low
2025-05-21 17:16:44_37.4936666666667_-118.864833333333,2025-05-21 17:16:44,0.34,3.62,37.4936666666667,-118.864833333333,Low
2025-05-21 16:28:24_33.979_-116.747,2025-05-21 16:28:24,0.65,16.25,33.979,-116.747,Low
2025-05-21 16:25:46_38.8208351135254_-122.799331665039,2025-05-21 16:25:46,0.77,2.05999994277954,38.8208351135254,-122.799331665039,Low
2025-05-21 15:33:43_34.1593333_-118.3638333,2025-05-21 15:33:43,1.17,16.1,34.1593333,-118.3638333,Low
2025-05-21 15:26:56_32.7255_-115.4161667,2025-05-21 15:26:56,1.55,11.84,32.7255,-115.4161667,Low
2025-05-21 15:26:38_32.702_-115.4181667,2025-05-21 15:26:38,1.16,14.51,32.702,-115.4181667,Low
2025-05-21 15:20:38_38.8358345031738_-122.806999206543,2025-05-21 15:20:38,0.96,2.11999988555908,38.8358345031738,-122.806999206543,Low
2025-05-21 15:16:23_32.7141667_-115.4161667,2025-05-21 15:16:23,1.54,16.01,32.7141667,-115.4161667,Low
2025-05-21 15:13:30_38.8193321228027_-122.842330932617,2025-05-21 15:13:30,0.76,1.63999998569489,38.8193321228027,-122.842330932617,Low
2025-05-21 15:05:32_38.8460006713867_-122.826499938965,2025-05-21 15:05:32,0.56,1.12000000476837,38.8460006713867,-122.826499938965,Low
2025-05-21 14:51:50_38.8011665344238_-122.770164489746,2025-05-21 14:51:50,1.08,3.19000005722046,38.8011665344238,-122.770164489746,Low
2025-05-21 14:50:08_33.6675_-116.7518333,2025-05-21 14:50:08,0.31,14.1,33.6675,-116.7518333,Low
2025-05-21 14:39:31_32.7173333_-115.419,2025-05-21 14:39:31,1.53,17.06,32.7173333,-115.419,Low
2025-05-21 14:32:15_38.8366661071777_-122.797668457031,2025-05-21 14:32:15,1.28,1.97000002861023,38.8366661071777,-122.797668457031,Low
2025-05-21 14:30:28_38.8346666666667_-122.799166666667,2025-05-21 14:30:28,0.39,2.01,38.8346666666667,-122.799166666667,Low
2025-05-21 14:30:02_38.7973327636719_-122.803833007812,2025-05-21 14:30:02,0.78,2.01999998092651,38.7973327636719,-122.803833007812,Low
2025-05-21 14:28:39_32.7066667_-115.39,2025-05-21 14:28:39,1.81,15.01,32.7066667,-115.39,Low
2025-05-21 14:28:34_38.8341674804688_-122.797500610352,2025-05-21 14:28:34,1.34,2.0699999332428,38.8341674804688,-122.797500610352,Low
2025-05-21 14:28:29_32.7245_-115.4175,2025-05-21 14:28:29,1.84,16.12,32.7245,-115.4175,Low
2025-05-21 14:27:56_38.8361663818359_-122.798500061035,2025-05-21 14:27:56,0.81,2.27999997138977,38.8361663818359,-122.798500061035,Low
2025-05-21 14:27:42_38.8354988098145_-122.799163818359,2025-05-21 14:27:42,0.76,2.10999989509583,38.8354988098145,-122.799163818359,Low
2025-05-21 14:27:13_38.8344993591309_-122.797836303711,2025-05-21 14:27:13,1.99,2.14000010490417,38.8344993591309,-122.797836303711,Low
2025-05-21 14:26:05_32.7196667_-115.4165,2025-05-21 14:26:05,1.42,15.38,32.7196667,-115.4165,Low
2025-05-21 13:58:19_33.6551667_-116.7568333,2025-05-21 13:58:19,1.02,13.75,33.6551667,-116.7568333,Low
2025-05-21 13:56:51_33.6548333_-116.757,2025-05-21 13:56:51,1.64,13.23,33.6548333,-116.757,Low
2025-05-21 13:55:48_34.3123333_-119.1906667,2025-05-21 13:55:48,1.57,5.92,34.3123333,-119.1906667,Low
2025-05-21 13:44:09_38.8231658935547_-122.855163574219,2025-05-21 13:44:09,1.1,2.49000000953674,38.8231658935547,-122.855163574219,Low
2025-05-21 13:43:30_38.8221664428711_-122.853996276855,2025-05-21 13:43:30,1.79,2.54999995231628,38.8221664428711,-122.853996276855,Low
2025-05-21 13:35:20_33.0988333_-116.5243333,2025-05-21 13:35:20,0.98,6.13,33.0988333,-116.5243333,Low
2025-05-21 12:18:52_33.9958333_-116.9938333,2025-05-21 12:18:52,1.56,17.5,33.9958333,-116.9938333,Low
2025-05-21 12:13:15_34.9131667_-119.6086667,2025-05-21 12:13:15,1.57,10.16,34.9131667,-119.6086667,Low
2025-05-21 12:05:13_35.749_-120.304,2025-05-21 12:05:13,0.86,12.19,35.749,-120.304,Low
2025-05-21 12:00:59_38.8351669311523_-122.790336608887,2025-05-21 12:00:59,0.7,2.15000009536743,38.8351669311523,-122.790336608887,Low
2025-05-21 11:53:10_38.8203333333333_-122.7635,2025-05-21 11:53:10,0.1,2.33,38.8203333333333,-122.7635,Low
2025-05-21 11:27:51_33.2883333_-116.133,2025-05-21 11:27:51,0.75,2.47,33.2883333,-116.133,Low
2025-05-21 11:12:40_37.0535_-121.503666666667,2025-05-21 11:12:40,0.75,5.82,37.0535,-121.503666666667,Low
2025-05-21 11:05:40_38.8240013122559_-122.764999389648,2025-05-21 11:05:40,1.05,1.74000000953674,38.8240013122559,-122.764999389648,Low
2025-05-21 10:52:11_42.6688333333333_-111.297333333333,2025-05-21 10:52:11,1.75,9.12,42.6688333333333,-111.297333333333,Low
2025-05-21 10:36:01_33.4611667_-116.6138333,2025-05-21 10:36:01,0.77,9.85,33.4611667,-116.6138333,Low
2025-05-21 10:29:35_34.0858333_-118.1906667,2025-05-21 10:29:35,1.05,6.21,34.0858333,-118.1906667,Low
2025-05-21 09:50:25_36.4091666666667_-120.974333333333,2025-05-21 09:50:25,2.13,9.45,36.4091666666667,-120.974333333333,Low
2025-05-21 09:48:17_38.8170013427734_-122.796501159668,2025-05-21 09:48:17,1.1,2.54999995231628,38.8170013427734,-122.796501159668,Low
2025-05-21 09:47:59_38.8206672668457_-122.810836791992,2025-05-21 09:47:59,0.82,1.62999999523163,38.8206672668457,-122.810836791992,Low
2025-05-21 09:19:32_38.8266677856445_-122.80549621582,2025-05-21 09:19:32,0.7,1.23000001907349,38.8266677856445,-122.80549621582,Low
2025-05-21 09:19:27_38.8263320922852_-122.80549621582,2025-05-21 09:19:27,1.33,1.37000000476837,38.8263320922852,-122.80549621582,Low
2025-05-21 09:19:00_38.8123321533203_-122.78466796875,2025-05-21 09:19:00,0.73,2.15000009536743,38.8123321533203,-122.78466796875,Low
2025-05-21 08:58:34_36.6499_-116.2745,2025-05-21 08:58:34,-0.5,6.9,36.6499,-116.2745,Low
2025-05-21 08:57:36_39.7048333333333_-110.829166666667,2025-05-21 08:57:36,1.46,-3.33,39.7048333333333,-110.829166666667,Low
2025-05-21 08:39:54_38.8235015869141_-122.801170349121,2025-05-21 08:39:54,0.45,2.96000003814697,38.8235015869141,-122.801170349121,Low
2025-05-21 08:36:59_38.8211669921875_-122.78800201416,2025-05-21 08:36:59,0.78,1.61000001430511,38.8211669921875,-122.78800201416,Low
2025-05-21 08:29:23_40.6883333333333_-111.6065,2025-05-21 08:29:23,0.39,7.29,40.6883333333333,-111.6065,Low
2025-05-21 08:23:45_38.8358345031738_-122.807830810547,2025-05-21 08:23:45,0.71,1.83000004291534,38.8358345031738,-122.807830810547,Low
2025-05-21 08:06:55_38.9996666666667_-111.3975,2025-05-21 08:06:55,1.16,-0.71,38.9996666666667,-111.3975,Low
2025-05-21 08:01:34_35.9083333_-117.761,2025-05-21 08:01:34,1.36,8.56,35.9083333,-117.761,Low
2025-05-21 07:43:56_38.8331680297852_-122.801170349121,2025-05-21 07:43:56,0.23,2.69000005722046,38.8331680297852,-122.801170349121,Low
2025-05-21 07:41:37_38.7941665649414_-122.759002685547,2025-05-21 07:41:37,1.03,3.69000005722046,38.7941665649414,-122.759002685547,Low
2025-05-21 07:24:55_38.8215_-122.813333333333,2025-05-21 07:24:55,0.39,3.17,38.8215,-122.813333333333,Low
2025-05-21 07:03:09_36.037_-120.601666666667,2025-05-21 07:03:09,1.02,3.38,36.037,-120.601666666667,Low
2025-05-21 06:53:15_38.8366661071777_-122.799331665039,2025-05-21 06:53:15,1.44,2.08999991416931,38.8366661071777,-122.799331665039,Low
2025-05-21 06:30:00_38.8236656188965_-122.843330383301,2025-05-21 06:30:00,0.77,2.03999996185303,38.8236656188965,-122.843330383301,Low
2025-05-21 06:17:09_34.156_-118.359,2025-05-21 06:17:09,1.37,16.52,34.156,-118.359,Low
2025-05-21 05:45:34_36.0631666666667_-120.2065,2025-05-21 05:45:34,1.07,10.23,36.0631666666667,-120.2065,Low
2025-05-21 05:31:26_38.8358345031738_-122.811836242676,2025-05-21 05:31:26,1.1,1.95000004768372,38.8358345031738,-122.811836242676,Low
2025-05-21 05:31:14_38.8368339538574_-122.811996459961,2025-05-21 05:31:14,0.44,1.83000004291534,38.8368339538574,-122.811996459961,Low
2025-05-21 05:07:34_41.953_-124.34866666666667,2025-05-21 05:07:34,1.83,-0.67,41.953,-124.34866666666667,Low
2025-05-21 05:06:15_38.8208351135254_-122.766998291016,2025-05-21 05:06:15,0.77,2.45000004768372,38.8208351135254,-122.766998291016,Low
2025-05-21 04:55:54_32.5145_-116.832,2025-05-21 04:55:54,0.84,-0.75,32.5145,-116.832,Low
2025-05-21 04:41:10_38.843334197998_-122.880165100098,2025-05-21 04:41:10,0.45,1.73000001907349,38.843334197998,-122.880165100098,Low
2025-05-21 04:26:53_34.2236667_-117.4771667,2025-05-21 04:26:53,1.3,10.97,34.2236667,-117.4771667,Low
2025-05-21 04:25:15_38.825_-122.785666666667,2025-05-21 04:25:15,0.18,1.74,38.825,-122.785666666667,Low
2025-05-21 04:12:29_33.0078333_-116.3366667,2025-05-21 04:12:29,0.64,9.66,33.0078333,-116.3366667,Low
2025-05-21 04:00:03_35.8795_-117.6991667,2025-05-21 04:00:03,1.12,8.74,35.8795,-117.6991667,Low
2025-05-21 03:39:02_33.462_-116.6145,2025-05-21 03:39:02,1.1,9.15,33.462,-116.6145,Low
2025-05-21 03:15:16_38.7943333333333_-122.728833333333,2025-05-21 03:15:16,0.31,2.32,38.7943333333333,-122.728833333333,Low
2025-05-21 03:10:07_37.6376666666667_-119.364,2025-05-21 03:10:07,2,22.63,37.6376666666667,-119.364,Low
2025-05-21 03:02:48_38.824333190918_-122.846000671387,2025-05-21 03:02:48,0.75,2.02999997138977,38.824333190918,-122.846000671387,Low
2025-05-21 03:00:23_38.788_-122.769166666667,2025-05-21 03:00:23,0.26,1.47,38.788,-122.769166666667,Low
2025-05-21 02:45:27_33.3715_-116.8655,2025-05-21 02:45:27,0.76,9.11,33.3715,-116.8655,Low
2025-05-21 02:44:07_40.1415_-123.032833333333,2025-05-21 02:44:07,2.4,42.73,40.1415,-123.032833333333,Low
2025-05-21 02:43:28_38.7936668395996_-122.754837036133,2025-05-21 02:43:28,0.98,0.449999988079071,38.7936668395996,-122.754837036133,Low
2025-05-21 02:39:19_36.5453333333333_-121.128,2025-05-21 02:39:19,1.01,9.02,36.5453333333333,-121.128,Low
2025-05-21 02:37:06_38.8320007324219_-122.810836791992,2025-05-21 02:37:06,0.72,2.15000009536743,38.8320007324219,-122.810836791992,Low
2025-05-21 02:34:30_38.7993316650391_-122.783332824707,2025-05-21 02:34:30,0.72,3.39000010490417,38.7993316650391,-122.783332824707,Low
2025-05-21 02:13:15_35.8793333_-117.701,2025-05-21 02:13:15,1.6,8.1,35.8793333,-117.701,Low
2025-05-21 01:42:40_32.7216667_-115.419,2025-05-21 01:42:40,2.07,15.8,32.7216667,-115.419,Low
2025-05-21 01:35:02_33.8701667_-117.5066667,2025-05-21 01:35:02,0.95,-0.48,33.8701667,-117.5066667,Low
2025-05-21 01:27:25_32.7211667_-115.4186667,2025-05-21 01:27:25,1.72,15.08,32.7211667,-115.4186667,Low
2025-05-21 01:20:41_34.0131667_-117.1295,2025-05-21 01:20:41,0.79,4.57,34.0131667,-117.1295,Low
2025-05-21 01:08:27_43.4305_-123.805,2025-05-21 01:08:27,1.47,-0.36,43.4305,-123.805,Low
2025-05-21 00:54:23_38.8139991760254_-122.827667236328,2025-05-21 00:54:23,1.06,2.69000005722046,38.8139991760254,-122.827667236328,Low
2025-05-21 00:50:50_34.9865_-118.1903333,2025-05-21 00:50:50,1.43,1.24,34.9865,-118.1903333,Low
2025-05-21 00:47:23_33.3256667_-116.8956667,2025-05-21 00:47:23,0.8,11.29,33.3256667,-116.8956667,Low
2025-05-21 00:26:39_43.627833333333335_-123.85433333333333,2025-05-21 00:26:39,1.57,-0.36,43.627833333333335,-123.85433333333333,Low
2025-05-21 00:02:40_33.164_-115.64,2025-05-21 00:02:40,1.56,4,33.164,-115.64,Low
2025-05-20 23:43:14_38.8409996032715_-122.810333251953,2025-05-20 23:43:14,0.82,1.87000000476837,38.8409996032715,-122.810333251953,Low
2025-05-20 23:33:59_33.0506667_-114.9948333,2025-05-20 23:33:59,1.11,-0.23,33.0506667,-114.9948333,Low
2025-05-20 23:11:26_38.8219985961914_-122.813667297363,2025-05-20 23:11:26,0.81,3.00999999046326,38.8219985961914,-122.813667297363,Low
2025-05-20 22:43:30_33.2666667_-115.6263333,2025-05-20 22:43:30,1.85,3.94,33.2666667,-115.6263333,Low
2025-05-20 22:43:06_33.1551667_-115.6343333,2025-05-20 22:43:06,1.33,3.58,33.1551667,-115.6343333,Low
2025-05-20 22:40:41_38.8233337402344_-122.765335083008,2025-05-20 22:40:41,0.66,2.42000007629395,38.8233337402344,-122.765335083008,Low
2025-05-20 22:33:22_38.792_-122.75,2025-05-20 22:33:22,0.21,0.95,38.792,-122.75,Low
2025-05-20 22:23:55_34.223_-117.4751667,2025-05-20 22:23:55,2.47,11.53,34.223,-117.4751667,Low
2025-05-20 22:09:12_35.6776667_-117.5631667,2025-05-20 22:09:12,0.65,5.08,35.6776667,-117.5631667,Low
2025-05-20 21:51:24_38.8166656494141_-122.804832458496,2025-05-20 21:51:24,1.08,3.09999990463257,38.8166656494141,-122.804832458496,Low
2025-05-20 21:39:17_33.1911667_-116.0513333,2025-05-20 21:39:17,0.57,5.86,33.1911667,-116.0513333,Low
2025-05-20 21:39:11_38.8371658325195_-122.799331665039,2025-05-20 21:39:11,0.63,1.97000002861023,38.8371658325195,-122.799331665039,Low
2025-05-20 21:38:43_38.8125_-122.825332641602,2025-05-20 21:38:43,1.84,1.96000003814697,38.8125,-122.825332641602,Low
2025-05-20 21:34:27_34.0908333_-117.2901667,2025-05-20 21:34:27,1.44,12.75,34.0908333,-117.2901667,Low
2025-05-20 21:18:53_38.8141666666667_-122.812833333333,2025-05-20 21:18:53,0.12,3.6,38.8141666666667,-122.812833333333,Low
2025-05-20 21:18:32_38.8224983215332_-122.797164916992,2025-05-20 21:18:32,0.77,2.64000010490417,38.8224983215332,-122.797164916992,Low
2025-05-20 20:33:44_38.831_-122.814333333333,2025-05-20 20:33:44,0.42,1.9,38.831,-122.814333333333,Low
2025-05-20 20:16:51_39.0504_-119.0101,2025-05-20 20:16:51,1.8,4.8,39.0504,-119.0101,Low
2025-05-20 20:15:33_33.9376667_-117.9068333,2025-05-20 20:15:33,1.3,8.2,33.9376667,-117.9068333,Low
2025-05-20 20:14:18_35.8768333_-117.7035,2025-05-20 20:14:18,1.07,7.26,35.8768333,-117.7035,Low
2025-05-20 19:29:29_33.1635_-115.638,2025-05-20 19:29:29,1.18,3.2,33.1635,-115.638,Low
2025-05-20 19:25:47_34.085_-117.3141667,2025-05-20 19:25:47,0.98,17.1,34.085,-117.3141667,Low
2025-05-20 19:24:01_33.1583333_-115.64,2025-05-20 19:24:01,1.12,2.49,33.1583333,-115.64,Low
2025-05-20 19:14:26_38.8366661071777_-122.829330444336,2025-05-20 19:14:26,1.07,1.98000001907349,38.8366661071777,-122.829330444336,Low
2025-05-20 19:06:20_38.8286666666667_-122.8025,2025-05-20 19:06:20,0.44,1.66,38.8286666666667,-122.8025,Low
2025-05-20 19:03:42_37.9365_-116.1899,2025-05-20 19:03:42,1.5,0,37.9365,-116.1899,Low
2025-05-20 18:34:58_33.117_-116.519,2025-05-20 18:34:58,1.03,13.58,33.117,-116.519,Low
2025-05-20 18:32:43_38.8071670532227_-122.78150177002,2025-05-20 18:32:43,0.59,3.5699999332428,38.8071670532227,-122.78150177002,Low
2025-05-20 18:31:22_38.8216667175293_-122.85383605957,2025-05-20 18:31:22,0.77,2.50999999046326,38.8216667175293,-122.85383605957,Low
2025-05-20 18:30:09_38.8009986877441_-122.815170288086,2025-05-20 18:30:09,1.46,2.64000010490417,38.8009986877441,-122.815170288086,Low
2025-05-20 18:29:54_33.2176667_-115.935,2025-05-20 18:29:54,1.17,7,33.2176667,-115.935,Low
2025-05-20 18:24:46_38.848331451416_-122.818336486816,2025-05-20 18:24:46,0.22,0.589999973773956,38.848331451416,-122.818336486816,Low
2025-05-20 18:23:57_33.7976667_-116.0503333,2025-05-20 18:23:57,0.74,10.28,33.7976667,-116.0503333,Low
2025-05-20 17:48:07_33.9361667_-116.7383333,2025-05-20 17:48:07,1.12,14.83,33.9361667,-116.7383333,Low
2025-05-20 17:48:06_33.9391667_-116.7231667,2025-05-20 17:48:06,1.29,16.54,33.9391667,-116.7231667,Low
2025-05-20 17:46:28_38.8486671447754_-122.817832946777,2025-05-20 17:46:28,0.71,0.340000003576279,38.8486671447754,-122.817832946777,Low
2025-05-20 17:08:35_32.717_-115.4206667,2025-05-20 17:08:35,1.7,17.09,32.717,-115.4206667,Low
2025-05-20 17:00:22_32.7318333_-115.423,2025-05-20 17:00:22,1.45,14.86,32.7318333,-115.423,Low
2025-05-20 17:00:02_32.696_-115.412,2025-05-20 17:00:02,1.44,16.26,32.696,-115.412,Low
2025-05-20 16:59:57_32.7226667_-115.4161667,2025-05-20 16:59:57,1.44,14.34,32.7226667,-115.4161667,Low
2025-05-20 16:57:33_37.2141_-116.5114,2025-05-20 16:57:33,1.2,8.4,37.2141,-116.5114,Low
2025-05-20 16:51:06_35.616_-117.5966667,2025-05-20 16:51:06,0.76,7.51,35.616,-117.5966667,Low
2025-05-20 16:46:30_33.1755_-115.6306667,2025-05-20 16:46:30,1.15,3.34,33.1755,-115.6306667,Low
2025-05-20 16:39:58_40.6088333333333_-122.168166666667,2025-05-20 16:39:58,1.84,11.08,40.6088333333333,-122.168166666667,Low
2025-05-20 16:21:24_38.7931671142578_-122.752998352051,2025-05-20 16:21:24,0.76,1.62999999523163,38.7931671142578,-122.752998352051,Low
2025-05-20 16:08:26_33.5368333_-116.7253333,2025-05-20 16:08:26,0.5,3.93,33.5368333,-116.7253333,Low
2025-05-20 16:06:44_38.787166595459_-122.734336853027,2025-05-20 16:06:44,1.63,0.939999997615814,38.787166595459,-122.734336853027,Low
2025-05-20 15:58:21_32.7221667_-115.4175,2025-05-20 15:58:21,1.91,13.7,32.7221667,-115.4175,Low
2025-05-20 15:50:17_32.7346667_-115.4181667,2025-05-20 15:50:17,1.3,14.44,32.7346667,-115.4181667,Low
2025-05-20 15:35:29_35.9998333_-117.3506667,2025-05-20 15:35:29,1.44,0.66,35.9998333,-117.3506667,Low
2025-05-20 15:30:02_32.7328333_-115.42,2025-05-20 15:30:02,1.31,11.12,32.7328333,-115.42,Low
2025-05-20 15:21:36_45.37283333333333_-121.69966666666667,2025-05-20 15:21:36,1.41,-2.06,45.37283333333333,-121.69966666666667,Low
2025-05-20 15:17:54_38.7864990234375_-122.733169555664,2025-05-20 15:17:54,1.15,1.14999997615814,38.7864990234375,-122.733169555664,Low
2025-05-20 15:17:46_38.834_-122.797833333333,2025-05-20 15:17:46,0.38,2,38.834,-122.797833333333,Low
2025-05-20 15:16:47_36.5675_-117.066,2025-05-20 15:16:47,2.59,1.38,36.5675,-117.066,Low
2025-05-20 15:16:09_33.3436667_-116.1981667,2025-05-20 15:16:09,0.74,10.81,33.3436667,-116.1981667,Low
2025-05-20 15:13:50_32.7376667_-115.425,2025-05-20 15:13:50,1.38,11.43,32.7376667,-115.425,Low
2025-05-20 15:02:47_32.7268333_-115.4115,2025-05-20 15:02:47,1.61,15.4,32.7268333,-115.4115,Low
2025-05-20 15:02:00_32.7265_-115.4171667,2025-05-20 15:02:00,1.67,15.04,32.7265,-115.4171667,Low
2025-05-20 14:59:32_41.9115_-119.579,2025-05-20 14:59:32,2.7,12.8,41.9115,-119.579,Low
2025-05-20 14:53:11_37.1991_-116.5126,2025-05-20 14:53:11,0.9,7,37.1991,-116.5126,Low
2025-05-20 14:41:13_41.8797_-119.5696,2025-05-20 14:41:13,1.6,2.8,41.8797,-119.5696,Low
2025-05-20 14:39:50_32.9988333_-116.2318333,2025-05-20 14:39:50,1,7.24,32.9988333,-116.2318333,Low
2025-05-20 14:18:21_34.0326667_-116.8296667,2025-05-20 14:18:21,0.68,5.68,34.0326667,-116.8296667,Low
2025-05-20 14:16:56_38.8251647949219_-122.796669006348,2025-05-20 14:16:56,1.08,2.50999999046326,38.8251647949219,-122.796669006348,Low
2025-05-20 14:09:24_41.256_-111.765666666667,2025-05-20 14:09:24,0.68,12.69,41.256,-111.765666666667,Low
2025-05-20 14:02:31_33.5138333_-116.56,2025-05-20 14:02:31,0.57,12.95,33.5138333,-116.56,Low
2025-05-20 14:01:35_34.2276667_-116.8481667,2025-05-20 14:01:35,0.86,11.6,34.2276667,-116.8481667,Low
2025-05-20 13:59:33_34.0481667_-117.2591667,2025-05-20 13:59:33,0.92,13.81,34.0481667,-117.2591667,Low
2025-05-20 13:34:35_38.5425_-112.401333333333,2025-05-20 13:34:35,0.92,6.31,38.5425,-112.401333333333,Low
2025-05-20 13:32:18_37.484_-118.808333333333,2025-05-20 13:32:18,0.96,8.14,37.484,-118.808333333333,Low
2025-05-20 13:30:18_34.0055_-117.2186667,2025-05-20 13:30:18,0.66,15.12,34.0055,-117.2186667,Low
2025-05-20 13:17:50_38.5568333333333_-112.4055,2025-05-20 13:17:50,0.97,8.32,38.5568333333333,-112.4055,Low
2025-05-20 13:09:13_37.21_-116.5148,2025-05-20 13:09:13,0.6,8.8,37.21,-116.5148,Low
2025-05-20 13:03:45_38.8223342895508_-122.763000488281,2025-05-20 13:03:45,1.17,2.08999991416931,38.8223342895508,-122.763000488281,Low
2025-05-20 13:03:06_35.34_-117.8021667,2025-05-20 13:03:06,1.59,6.2,35.34,-117.8021667,Low
2025-05-20 12:45:11_36.44_-120.994833333333,2025-05-20 12:45:11,1.36,1.8,36.44,-120.994833333333,Low
2025-05-20 12:36:10_38.7846666666667_-122.729833333333,2025-05-20 12:36:10,0.29,1.98,38.7846666666667,-122.729833333333,Low
2025-05-20 12:31:59_34.2078333_-117.6348333,2025-05-20 12:31:59,0.39,9.33,34.2078333,-117.6348333,Low
2025-05-20 12:23:43_38.8366666666667_-122.785833333333,2025-05-20 12:23:43,0.31,2.37,38.8366666666667,-122.785833333333,Low
2025-05-20 12:02:45_38.829_-122.802333333333,2025-05-20 12:02:45,0.41,2.08,38.829,-122.802333333333,Low
2025-05-20 12:00:00_38.8294982910156_-122.80249786377,2025-05-20 12:00:00,0.43,1.51999998092651,38.8294982910156,-122.80249786377,Low
2025-05-20 11:20:10_38.8148345947266_-122.801170349121,2025-05-20 11:20:10,1.11,2.40000009536743,38.8148345947266,-122.801170349121,Low
2025-05-20 11:12:13_36.8041666666667_-121.3735,2025-05-20 11:12:13,1.2,6.95,36.8041666666667,-121.3735,Low
2025-05-20 11:11:41_34.0028333_-117.22,2025-05-20 11:11:41,1.06,16.52,34.0028333,-117.22,Low
2025-05-20 10:59:09_38.8214988708496_-122.762168884277,2025-05-20 10:59:09,0.7,1.96000003814697,38.8214988708496,-122.762168884277,Low
2025-05-20 10:58:21_38.826000213623_-122.803833007812,2025-05-20 10:58:21,0.72,-0.219999998807907,38.826000213623,-122.803833007812,Low
2025-05-20 10:38:19_38.8923_-119.6898,2025-05-20 10:38:19,1,1,38.8923,-119.6898,Low
2025-05-20 10:32:14_33.1868333_-116.7175,2025-05-20 10:32:14,0.74,9.62,33.1868333,-116.7175,Low
2025-05-20 10:27:15_33.3603333_-116.3773333,2025-05-20 10:27:15,0.75,13.44,33.3603333,-116.3773333,Low
2025-05-20 10:27:08_33.3691667_-116.3925,2025-05-20 10:27:08,0.92,11.31,33.3691667,-116.3925,Low
2025-05-20 10:26:43_35.3343333_-117.8078333,2025-05-20 10:26:43,1.41,6.86,35.3343333,-117.8078333,Low
2025-05-20 10:19:01_38.855_-122.805666666667,2025-05-20 10:19:01,0.49,5.91,38.855,-122.805666666667,Low
2025-05-20 10:17:36_33.7171667_-116.8236667,2025-05-20 10:17:36,0.64,15.51,33.7171667,-116.8236667,Low
2025-05-20 10:09:23_34.5796667_-118.0295,2025-05-20 10:09:23,0.39,9.79,34.5796667,-118.0295,Low
2025-05-20 10:02:34_38.8268333333333_-122.811833333333,2025-05-20 10:02:34,0.43,1.77,38.8268333333333,-122.811833333333,Low
2025-05-20 09:38:23_38.6597_-119.793,2025-05-20 09:38:23,1.5,9.2,38.6597,-119.793,Low
2025-05-20 09:06:42_38.6895_-122.499833333333,2025-05-20 09:06:42,1.44,6.52,38.6895,-122.499833333333,Low
2025-05-20 09:05:22_44.2536666666667_-114.983333333333,2025-05-20 09:05:22,1.5,5.2,44.2536666666667,-114.983333333333,Low
2025-05-20 08:29:25_38.7996673583984_-122.738670349121,2025-05-20 08:29:25,2.09,1.36000001430511,38.7996673583984,-122.738670349121,Low
2025-05-20 08:24:46_33.3735_-116.886,2025-05-20 08:24:46,0.86,6.92,33.3735,-116.886,Low
2025-05-20 07:33:24_35.3206667_-117.809,2025-05-20 07:33:24,1.19,7.21,35.3206667,-117.809,Low
2025-05-20 07:20:52_33.2006667_-115.5906667,2025-05-20 07:20:52,1.72,4.3,33.2006667,-115.5906667,Low
2025-05-20 07:01:53_38.7861671447754_-122.768333435059,2025-05-20 07:01:53,1.05,2.55999994277954,38.7861671447754,-122.768333435059,Low
2025-05-20 07:00:08_33.5341667_-117.3355,2025-05-20 07:00:08,1.02,16.52,33.5341667,-117.3355,Low
2025-05-20 06:51:59_39.0235_-123.465666666667,2025-05-20 06:51:59,1.13,-0.31,39.0235,-123.465666666667,Low
2025-05-20 06:42:53_34.0145_-117.202,2025-05-20 06:42:53,0.88,13.63,34.0145,-117.202,Low
2025-05-20 06:28:10_38.8276666666667_-122.802166666667,2025-05-20 06:28:10,0.39,1.99,38.8276666666667,-122.802166666667,Low
2025-05-20 06:04:45_38.8151664733887_-122.823333740234,2025-05-20 06:04:45,1.08,2.4300000667572,38.8151664733887,-122.823333740234,Low
2025-05-20 05:59:09_38.8154983520508_-122.814834594727,2025-05-20 05:59:09,0.75,2.67000007629395,38.8154983520508,-122.814834594727,Low
2025-05-20 05:59:03_41.8921666666667_-112.490333333333,2025-05-20 05:59:03,0.69,0.9,41.8921666666667,-112.490333333333,Low
2025-05-20 05:56:09_36.6448_-116.2762,2025-05-20 05:56:09,-0.4,9.8,36.6448,-116.2762,Low
2025-05-20 05:51:35_37.4562_-117.1799,2025-05-20 05:51:35,1.8,5.6,37.4562,-117.1799,Low
2025-05-20 05:46:58_38.8125_-122.818832397461,2025-05-20 05:46:58,1.08,1.35000002384186,38.8125,-122.818832397461,Low
2025-05-20 05:38:21_38.8058319091797_-122.780830383301,2025-05-20 05:38:21,0.84,2.95000004768372,38.8058319091797,-122.780830383301,Low
2025-05-20 05:34:35_33.5366667_-116.7256667,2025-05-20 05:34:35,0.62,4.2,33.5366667,-116.7256667,Low
2025-05-20 05:34:02_36.645_-116.2714,2025-05-20 05:34:02,0,6.9,36.645,-116.2714,Low
2025-05-20 05:33:51_36.6416_-116.268,2025-05-20 05:33:51,-0.1,6.3,36.6416,-116.268,Low
2025-05-20 05:18:47_38.7878_-118.8276,2025-05-20 05:18:47,1.6,8.3,38.7878,-118.8276,Low
2025-05-20 05:15:28_38.8026657104492_-122.735336303711,2025-05-20 05:15:28,0.55,2.04999995231628,38.8026657104492,-122.735336303711,Low
2025-05-20 04:35:14_38.7473335266113_-122.703002929688,2025-05-20 04:35:14,1.33,1.5900000333786,38.7473335266113,-122.703002929688,Low
2025-05-20 04:34:58_38.8380012512207_-122.806999206543,2025-05-20 04:34:58,0.66,1.92999994754791,38.8380012512207,-122.806999206543,Low
2025-05-20 04:26:35_32.8025_-115.4513333,2025-05-20 04:26:35,1.39,9.56,32.8025,-115.4513333,Low
2025-05-20 04:23:09_38.7968330383301_-122.736335754395,2025-05-20 04:23:09,0.8,0.610000014305115,38.7968330383301,-122.736335754395,Low
2025-05-20 03:57:22_36.8035_-121.373333333333,2025-05-20 03:57:22,1.24,6.49,36.8035,-121.373333333333,Low
2025-05-20 03:40:44_38.8023338317871_-122.804664611816,2025-05-20 03:40:44,0.29,2,38.8023338317871,-122.804664611816,Low
2025-05-20 03:34:52_34.8931667_-119.0418333,2025-05-20 03:34:52,2.3,12.44,34.8931667,-119.0418333,Low
2025-05-20 03:23:09_38.8429985046387_-122.880996704102,2025-05-20 03:23:09,1.02,2.45000004768372,38.8429985046387,-122.880996704102,Low
2025-05-20 03:16:52_35.0611667_-118.3425,2025-05-20 03:16:52,1.17,-0.9,35.0611667,-118.3425,Low
2025-05-20 03:09:58_36.435_-120.994333333333,2025-05-20 03:09:58,1.42,1.29,36.435,-120.994333333333,Low
2025-05-20 03:04:48_35.6058333_-117.5948333,2025-05-20 03:04:48,1.02,5.9,35.6058333,-117.5948333,Low
2025-05-20 03:04:07_35.3685_-118.7343333,2025-05-20 03:04:07,1.77,6.48,35.3685,-118.7343333,Low
2025-05-20 02:56:33_38.8291664123535_-122.855499267578,2025-05-20 02:56:33,1.08,2.09999990463257,38.8291664123535,-122.855499267578,Low
2025-05-20 02:53:30_36.183_-118.2685,2025-05-20 02:53:30,1.87,5.25,36.183,-118.2685,Low
2025-05-20 02:52:38_38.6987_-117.0936,2025-05-20 02:52:38,1.7,4.1,38.6987,-117.0936,Low
2025-05-20 02:45:55_38.8356666564941_-122.782165527344,2025-05-20 02:45:55,0.73,1.77999997138977,38.8356666564941,-122.782165527344,Low
2025-05-20 02:17:49_38.8146667480469_-122.785331726074,2025-05-20 02:17:49,1.32,1.57000005245209,38.8146667480469,-122.785331726074,Low
2025-05-20 01:59:09_34.3418333_-116.8806667,2025-05-20 01:59:09,1.44,-1.75,34.3418333,-116.8806667,Low
2025-05-20 01:57:59_35.7176666666667_-121.099166666667,2025-05-20 01:57:59,1.28,6.53,35.7176666666667,-121.099166666667,Low
2025-05-20 01:47:14_35.9435_-117.5038333,2025-05-20 01:47:14,1.18,2.52,35.9435,-117.5038333,Low
2025-05-20 01:40:17_37.821_-121.941166666667,2025-05-20 01:40:17,0.87,7.52,37.821,-121.941166666667,Low
2025-05-20 01:38:13_33.1941667_-115.63,2025-05-20 01:38:13,1.25,6.39,33.1941667,-115.63,Low
2025-05-20 01:30:43_38.8358345031738_-122.78483581543,2025-05-20 01:30:43,1.1,1.69000005722046,38.8358345031738,-122.78483581543,Low
2025-05-20 01:19:55_32.6058333_-117.0023333,2025-05-20 01:19:55,1.5,-0.43,32.6058333,-117.0023333,Low
2025-05-20 01:16:47_44.25_-114.9835,2025-05-20 01:16:47,1.68,6.07,44.25,-114.9835,Low
2025-05-20 00:59:02_38.8361663818359_-122.799163818359,2025-05-20 00:59:02,0.79,2.40000009536743,38.8361663818359,-122.799163818359,Low
2025-05-20 00:51:57_38.7983322143555_-122.783836364746,2025-05-20 00:51:57,0.3,3.5,38.7983322143555,-122.783836364746,Low
2025-05-20 00:49:20_35.0346667_-119.0306667,2025-05-20 00:49:20,2.46,13.09,35.0346667,-119.0306667,Low
2025-05-20 00:44:24_38.8346666666667_-122.805166666667,2025-05-20 00:44:24,0.21,2.58,38.8346666666667,-122.805166666667,Low
2025-05-20 00:42:21_38.7835_-122.758333333333,2025-05-20 00:42:21,0.38,2.36,38.7835,-122.758333333333,Low
2025-05-20 00:41:25_35.0341667_-119.0525,2025-05-20 00:41:25,1.47,16.82,35.0341667,-119.0525,Low
2025-05-20 00:41:06_35.0413333_-119.0531667,2025-05-20 00:41:06,1.91,14.05,35.0413333,-119.0531667,Low
2025-05-20 00:40:57_35.0378333_-119.0481667,2025-05-20 00:40:57,1.59,11.45,35.0378333,-119.0481667,Low
2025-05-20 00:39:19_35.048_-119.0391667,2025-05-20 00:39:19,3.76,6.03,35.048,-119.0391667,Low
2025-05-20 00:39:11_35.0455_-119.0426667,2025-05-20 00:39:11,2.13,12.16,35.0455,-119.0426667,Low
2025-05-20 00:02:30_38.8668327331543_-122.803337097168,2025-05-20 00:02:30,0.78,2.29999995231628,38.8668327331543,-122.803337097168,Low
2025-05-19 23:54:12_33.6276667_-116.6825,2025-05-19 23:54:12,0.82,15.81,33.6276667,-116.6825,Low
2025-05-19 23:44:11_33.0528333_-114.9948333,2025-05-19 23:44:11,1.19,-0.2,33.0528333,-114.9948333,Low
2025-05-19 23:23:38_38.8191666666667_-122.761166666667,2025-05-19 23:23:38,0.32,2.18,38.8191666666667,-122.761166666667,Low
2025-05-19 23:12:27_35.6951667_-117.5248333,2025-05-19 23:12:27,0.84,6.7,35.6951667,-117.5248333,Low
2025-05-19 23:08:33_38.8241653442383_-122.814331054688,2025-05-19 23:08:33,0.76,2.02999997138977,38.8241653442383,-122.814331054688,Low
2025-05-19 23:08:21_38.8203315734863_-122.839332580566,2025-05-19 23:08:21,0.49,2.24000000953674,38.8203315734863,-122.839332580566,Low
2025-05-19 23:06:20_36.4383333333333_-120.995166666667,2025-05-19 23:06:20,1.63,3.24,36.4383333333333,-120.995166666667,Low
2025-05-19 22:16:15_38.7878333333333_-122.746333333333,2025-05-19 22:16:15,0.04,1.81,38.7878333333333,-122.746333333333,Low
2025-05-19 22:13:19_38.7793350219727_-122.758666992188,2025-05-19 22:13:19,0.78,1.36000001430511,38.7793350219727,-122.758666992188,Low
2025-05-19 22:12:04_36.6554_-116.2716,2025-05-19 22:12:04,0.4,6.4,36.6554,-116.2716,Low
2025-05-19 22:08:25_41.895_-112.488333333333,2025-05-19 22:08:25,0.98,0.43,41.895,-112.488333333333,Low
2025-05-19 21:58:04_33.6758333_-116.9666667,2025-05-19 21:58:04,0.67,14.67,33.6758333,-116.9666667,Low
2025-05-19 21:31:14_38.8181648254395_-122.82250213623,2025-05-19 21:31:14,0.51,2.53999996185303,38.8181648254395,-122.82250213623,Low
2025-05-19 21:27:53_33.0166667_-116.3241667,2025-05-19 21:27:53,0.8,11.7,33.0166667,-116.3241667,Low
2025-05-19 21:27:47_33.1195_-116.5111667,2025-05-19 21:27:47,0.62,13.44,33.1195,-116.5111667,Low
2025-05-19 20:54:08_38.7986679077148_-122.783500671387,2025-05-19 20:54:08,0.72,3.02999997138977,38.7986679077148,-122.783500671387,Low
2025-05-19 20:44:41_38.772834777832_-122.742332458496,2025-05-19 20:44:41,0.47,1.78999996185303,38.772834777832,-122.742332458496,Low
2025-05-19 20:37:40_38.8321666666667_-122.818,2025-05-19 20:37:40,0.42,2.1,38.8321666666667,-122.818,Low
2025-05-19 20:26:39_33.2446667_-116.6376667,2025-05-19 20:26:39,0.53,11.44,33.2446667,-116.6376667,Low
2025-05-19 20:26:11_36.0115_-120.571833333333,2025-05-19 20:26:11,2,4.25,36.0115,-120.571833333333,Low
2025-05-19 20:24:01_33.4575_-116.617,2025-05-19 20:24:01,1.14,9.18,33.4575,-116.617,Low
2025-05-19 20:14:24_36.6221666666667_-121.260333333333,2025-05-19 20:14:24,1.17,3.37,36.6221666666667,-121.260333333333,Low
2025-05-19 20:09:22_44.3595_-116.11,2025-05-19 20:09:22,1.38,5.1,44.3595,-116.11,Low
2025-05-19 20:09:05_38.8235015869141_-122.846000671387,2025-05-19 20:09:05,0.76,2,38.8235015869141,-122.846000671387,Low
2025-05-19 19:52:36_33.031_-116.5865,2025-05-19 19:52:36,1.05,13.17,33.031,-116.5865,Low
2025-05-19 19:49:44_37.4583333333333_-118.831166666667,2025-05-19 19:49:44,0.79,1.74,37.4583333333333,-118.831166666667,Low
2025-05-19 19:49:34_33.5918333_-116.7325,2025-05-19 19:49:34,-0.02,12.89,33.5918333,-116.7325,Low
2025-05-19 19:49:19_33.5936667_-116.7316667,2025-05-19 19:49:19,0.61,12.59,33.5936667,-116.7316667,Low
2025-05-19 19:24:16_38.8173332214355_-122.785331726074,2025-05-19 19:24:16,0.85,0.769999980926514,38.8173332214355,-122.785331726074,Low
2025-05-19 19:19:01_33.3655_-116.8135,2025-05-19 19:19:01,0.34,8.95,33.3655,-116.8135,Low
2025-05-19 19:18:52_38.780834197998_-122.73983001709,2025-05-19 19:18:52,1.27,0.699999988079071,38.780834197998,-122.73983001709,Low
2025-05-19 18:50:31_36.8018333333333_-121.375666666667,2025-05-19 18:50:31,0.92,6.2,36.8018333333333,-121.375666666667,Low
2025-05-19 18:37:45_37.3296666666667_-118.389,2025-05-19 18:37:45,1.6,13.07,37.3296666666667,-118.389,Low
2025-05-19 18:25:35_33.5958333_-116.7278333,2025-05-19 18:25:35,0.62,12.72,33.5958333,-116.7278333,Low
2025-05-19 18:20:42_35.9271666666667_-120.475666666667,2025-05-19 18:20:42,1.89,9.62,35.9271666666667,-120.475666666667,Low
2025-05-19 18:18:30_38.8111666666667_-122.8185,2025-05-19 18:18:30,0.39,2.83,38.8111666666667,-122.8185,Low
2025-05-19 18:10:00_40.0375_-123.763833333333,2025-05-19 18:10:00,1.53,19.76,40.0375,-123.763833333333,Low
2025-05-19 18:08:55_40.0381666666667_-123.773,2025-05-19 18:08:55,1.55,20.05,40.0381666666667,-123.773,Low
2025-05-19 18:03:39_38.8131675720215_-122.820831298828,2025-05-19 18:03:39,1.08,2.24000000953674,38.8131675720215,-122.820831298828,Low
2025-05-19 17:23:29_33.9803333_-118.3306667,2025-05-19 17:23:29,1.06,11.61,33.9803333,-118.3306667,Low
2025-05-19 17:17:06_38.8106651306152_-122.829170227051,2025-05-19 17:17:06,0.76,2.10999989509583,38.8106651306152,-122.829170227051,Low
2025-05-19 17:09:17_33.7568333_-117.5225,2025-05-19 17:09:17,1.04,12.52,33.7568333,-117.5225,Low
2025-05-19 17:02:28_35.9791667_-117.4843333,2025-05-19 17:02:28,0.68,7.96,35.9791667,-117.4843333,Low
2025-05-19 16:48:45_37.4695_-112.847666666667,2025-05-19 16:48:45,1.03,18.8,37.4695,-112.847666666667,Low
2025-05-19 16:42:13_36.5648_-117.0763,2025-05-19 16:42:13,0.5,0,36.5648,-117.0763,Low
2025-05-19 16:19:20_32.0965_-115.1101667,2025-05-19 16:19:20,2.99,15.89,32.0965,-115.1101667,Low
2025-05-19 16:19:08_32.0868333_-115.1375,2025-05-19 16:19:08,1.97,6.76,32.0868333,-115.1375,Low
2025-05-19 16:18:41_34.3043333_-117.013,2025-05-19 16:18:41,0.97,4.25,34.3043333,-117.013,Low
2025-05-19 16:08:32_35.7501666666667_-121.140666666667,2025-05-19 16:08:32,1,7.18,35.7501666666667,-121.140666666667,Low
2025-05-19 16:03:10_38.8423347473145_-122.838996887207,2025-05-19 16:03:10,0.76,1.52999997138977,38.8423347473145,-122.838996887207,Low
2025-05-19 16:03:08_36.8026666666667_-121.372,2025-05-19 16:03:08,1.57,6.83,36.8026666666667,-121.372,Low
2025-05-19 16:00:26_38.4636666666667_-112.808666666667,2025-05-19 16:00:26,-0.05,4.75,38.4636666666667,-112.808666666667,Low
2025-05-19 15:50:40_33.1691667_-116.4423333,2025-05-19 15:50:40,0.87,14.09,33.1691667,-116.4423333,Low
2025-05-19 15:42:24_38.8333320617676_-122.814834594727,2025-05-19 15:42:24,0.31,1.37000000476837,38.8333320617676,-122.814834594727,Low
2025-05-19 15:36:29_38.8158340454102_-122.821334838867,2025-05-19 15:36:29,1.37,2.10999989509583,38.8158340454102,-122.821334838867,Low
2025-05-19 15:36:08_38.8166656494141_-122.822166442871,2025-05-19 15:36:08,1.08,2.17000007629395,38.8166656494141,-122.822166442871,Low
2025-05-19 15:34:20_38.800666809082_-122.814666748047,2025-05-19 15:34:20,1.07,2.80999994277954,38.800666809082,-122.814666748047,Low
2025-05-19 15:30:20_38.7946666666667_-122.809666666667,2025-05-19 15:30:20,-0.22,3.79,38.7946666666667,-122.809666666667,Low
2025-05-19 15:28:12_38.7941665649414_-122.762832641602,2025-05-19 15:28:12,0.88,0.400000005960464,38.7941665649414,-122.762832641602,Low
2025-05-19 15:27:25_38.8211669921875_-122.802833557129,2025-05-19 15:27:25,1.11,2.61999988555908,38.8211669921875,-122.802833557129,Low
2025-05-19 15:17:59_37.7366666666667_-118.824666666667,2025-05-19 15:17:59,0.72,6.63,37.7366666666667,-118.824666666667,Low
2025-05-19 15:14:22_33.7303333_-116.1126667,2025-05-19 15:14:22,1.1,3.81,33.7303333,-116.1126667,Low
2025-05-19 15:10:52_32.8976667_-116.021,2025-05-19 15:10:52,1.12,8.36,32.8976667,-116.021,Low
2025-05-19 14:59:55_38.796501159668_-122.78116607666,2025-05-19 14:59:55,0.77,3.59999990463257,38.796501159668,-122.78116607666,Low
2025-05-19 14:54:22_36.8005_-121.372166666667,2025-05-19 14:54:22,1.09,7.11,36.8005,-121.372166666667,Low
2025-05-19 14:49:46_36.8016666666667_-121.3725,2025-05-19 14:49:46,0.97,6.51,36.8016666666667,-121.3725,Low
2025-05-19 14:49:39_36.801_-121.372833333333,2025-05-19 14:49:39,0.68,7.86,36.801,-121.372833333333,Low
2025-05-19 14:48:29_44.4176666666667_-113.0405,2025-05-19 14:48:29,1.22,5.87,44.4176666666667,-113.0405,Low
2025-05-19 14:46:34_33.2703333_-116.4221667,2025-05-19 14:46:34,0.71,5.4,33.2703333,-116.4221667,Low
2025-05-19 14:34:43_39.7203333333333_-123.509333333333,2025-05-19 14:34:43,1.38,11.86,39.7203333333333,-123.509333333333,Low
2025-05-19 14:22:58_35.761_-117.5841667,2025-05-19 14:22:58,0.66,6.68,35.761,-117.5841667,Low
2025-05-19 14:22:35_35.9113333_-117.6605,2025-05-19 14:22:35,0,9.82,35.9113333,-117.6605,Low
2025-05-19 14:16:12_38.7908325195312_-122.752830505371,2025-05-19 14:16:12,0.75,4.03999996185303,38.7908325195312,-122.752830505371,Low
2025-05-19 14:12:41_40.481_-111.976666666667,2025-05-19 14:12:41,0.32,9.38,40.481,-111.976666666667,Low
2025-05-19 13:16:45_36.0498333333333_-120.217833333333,2025-05-19 13:16:45,1.15,8.37,36.0498333333333,-120.217833333333,Low
2025-05-19 13:05:53_34.0163333_-116.7778333,2025-05-19 13:05:53,1.07,15.41,34.0163333,-116.7778333,Low
2025-05-19 13:02:11_33.6208333_-116.7351667,2025-05-19 13:02:11,0.89,16.12,33.6208333,-116.7351667,Low
2025-05-19 12:47:39_36.0203333_-117.7756667,2025-05-19 12:47:39,0.93,1.33,36.0203333,-117.7756667,Low
2025-05-19 12:42:39_39.1437_-119.0699,2025-05-19 12:42:39,0.3,2.6,39.1437,-119.0699,Low
2025-05-19 12:41:41_39.161_-119.0579,2025-05-19 12:41:41,1.2,2.7,39.161,-119.0579,Low
2025-05-19 12:17:32_37.237_-122.155333333333,2025-05-19 12:17:32,0.96,7.28,37.237,-122.155333333333,Low
2025-05-19 12:15:48_37.241_-122.1515,2025-05-19 12:15:48,0.93,9.89,37.241,-122.1515,Low
2025-05-19 11:58:28_35.3315_-117.8126667,2025-05-19 11:58:28,1.42,7.21,35.3315,-117.8126667,Low
2025-05-19 11:48:16_38.8033332824707_-122.781997680664,2025-05-19 11:48:16,0.99,-0.0799999982118607,38.8033332824707,-122.781997680664,Low
2025-05-19 11:19:03_33.5316667_-116.728,2025-05-19 11:19:03,0.46,4.29,33.5316667,-116.728,Low
2025-05-19 11:11:49_34.2846667_-118.3738333,2025-05-19 11:11:49,1.99,8.47,34.2846667,-118.3738333,Low
2025-05-19 10:40:57_38.7931666666667_-122.747666666667,2025-05-19 10:40:57,0.51,2.27,38.7931666666667,-122.747666666667,Low
2025-05-19 10:35:19_38.8226666666667_-122.842,2025-05-19 10:35:19,0.27,2.25,38.8226666666667,-122.842,Low
2025-05-19 10:15:58_37.892_-110.804833333333,2025-05-19 10:15:58,1.33,9.06,37.892,-110.804833333333,Low
2025-05-19 09:43:37_36.8026666666667_-121.3735,2025-05-19 09:43:37,2,6.15,36.8026666666667,-121.3735,Low
2025-05-19 09:39:43_36.8038333333333_-121.373833333333,2025-05-19 09:39:43,1.33,5.94,36.8038333333333,-121.373833333333,Low
2025-05-19 09:09:35_41.8936666666667_-112.4895,2025-05-19 09:09:35,2.07,5.17,41.8936666666667,-112.4895,Low
2025-05-19 09:01:13_38.8381652832031_-122.797996520996,2025-05-19 09:01:13,0.7,2.77999997138977,38.8381652832031,-122.797996520996,Low
2025-05-19 08:43:29_33.5365_-116.7141667,2025-05-19 08:43:29,0.52,5.34,33.5365,-116.7141667,Low
2025-05-19 08:38:12_38.8235015869141_-122.845497131348,2025-05-19 08:38:12,0.44,2.09999990463257,38.8235015869141,-122.845497131348,Low
2025-05-19 08:36:30_38.8354988098145_-122.789329528809,2025-05-19 08:36:30,1.07,1.80999994277954,38.8354988098145,-122.789329528809,Low
2025-05-19 08:34:22_38.8336666666667_-122.812,2025-05-19 08:34:22,-0.18,2.34,38.8336666666667,-122.812,Low
2025-05-19 08:33:08_40.331_-124.936,2025-05-19 08:33:08,2.71,11.68,40.331,-124.936,Low
2025-05-19 08:31:43_33.8455_-117.6788333,2025-05-19 08:31:43,0.84,8.79,33.8455,-117.6788333,Low
2025-05-19 08:29:46_34.0001667_-116.9991667,2025-05-19 08:29:46,2.13,10.01,34.0001667,-116.9991667,Low
2025-05-19 08:14:31_41.8916666666667_-112.484,2025-05-19 08:14:31,2.05,6.16,41.8916666666667,-112.484,Low
2025-05-19 08:10:43_37.4548333333333_-118.830166666667,2025-05-19 08:10:43,1.96,2.98,37.4548333333333,-118.830166666667,Low
2025-05-19 08:04:04_37.4588333333333_-118.573166666667,2025-05-19 08:04:04,1.16,11.19,37.4588333333333,-118.573166666667,Low
2025-05-19 07:50:19_34.5205_-118.0976667,2025-05-19 07:50:19,1.68,8.71,34.5205,-118.0976667,Low
2025-05-19 07:15:26_38.7636666666667_-122.73,2025-05-19 07:15:26,0.29,3.03,38.7636666666667,-122.73,Low
2025-05-19 07:02:14_38.8326683044434_-122.798500061035,2025-05-19 07:02:14,0.2,2.08999991416931,38.8326683044434,-122.798500061035,Low
2025-05-19 06:29:19_43.5231666666667_-111.114833333333,2025-05-19 06:29:19,0.94,4.72,43.5231666666667,-111.114833333333,Low
2025-05-19 06:19:31_38.8026657104492_-122.78099822998,2025-05-19 06:19:31,0.98,2.76999998092651,38.8026657104492,-122.78099822998,Low
2025-05-19 06:11:21_38.8248333333333_-122.852333333333,2025-05-19 06:11:21,0.48,3.12,38.8248333333333,-122.852333333333,Low
2025-05-19 05:50:33_38.803165435791_-122.78133392334,2025-05-19 05:50:33,1.4,-0.340000003576279,38.803165435791,-122.78133392334,Low
2025-05-19 05:36:37_34.1115_-117.9671667,2025-05-19 05:36:37,1.71,11.13,34.1115,-117.9671667,Low
2025-05-19 05:25:00_38.8188323974609_-122.84400177002,2025-05-19 05:25:00,0.67,1.58000004291534,38.8188323974609,-122.84400177002,Low
2025-05-19 05:24:34_38.7635_-122.730166666667,2025-05-19 05:24:34,0.34,2.85,38.7635,-122.730166666667,Low
2025-05-19 05:11:12_38.7938346862793_-122.779663085938,2025-05-19 05:11:12,0.43,3.34999990463257,38.7938346862793,-122.779663085938,Low
2025-05-19 04:54:14_35.0343333_-117.6696667,2025-05-19 04:54:14,1.68,-0.79,35.0343333,-117.6696667,Low
2025-05-19 04:37:46_38.7955017089844_-122.779167175293,2025-05-19 04:37:46,0.36,3.33999991416931,38.7955017089844,-122.779167175293,Low
2025-05-19 04:33:10_34.1391667_-118.3476667,2025-05-19 04:33:10,0.97,15.48,34.1391667,-118.3476667,Low
2025-05-19 04:26:38_37.5201666666667_-118.8265,2025-05-19 04:26:38,2.62,4.34,37.5201666666667,-118.8265,Low
2025-05-19 03:44:34_38.8216667175293_-122.852500915527,2025-05-19 03:44:34,0.81,2.52999997138977,38.8216667175293,-122.852500915527,Low
2025-05-19 03:35:32_40.9941666666667_-111.6255,2025-05-19 03:35:32,0.72,8.39,40.9941666666667,-111.6255,Low
2025-05-19 03:02:00_41.8896666666667_-112.490166666667,2025-05-19 03:02:00,1.42,-1.58,41.8896666666667,-112.490166666667,Low
2025-05-19 02:55:03_41.891_-112.487666666667,2025-05-19 02:55:03,1.19,0.75,41.891,-112.487666666667,Low
2025-05-19 02:21:09_36.6683333333333_-120.701666666667,2025-05-19 02:21:09,1.83,8.26,36.6683333333333,-120.701666666667,Low
2025-05-19 02:10:02_34.1553333_-118.3561667,2025-05-19 02:10:02,0.72,16.33,34.1553333,-118.3561667,Low
2025-05-19 01:50:15_35.6996667_-117.5023333,2025-05-19 01:50:15,0.89,4.82,35.6996667,-117.5023333,Low
2025-05-19 01:46:56_38.7506666666667_-122.876666666667,2025-05-19 01:46:56,0.51,3.36,38.7506666666667,-122.876666666667,Low
2025-05-19 01:38:06_36.0486666666667_-120.216166666667,2025-05-19 01:38:06,0.89,7.07,36.0486666666667,-120.216166666667,Low
2025-05-19 01:29:33_38.8196678161621_-122.842330932617,2025-05-19 01:29:33,0.95,2.3199999332428,38.8196678161621,-122.842330932617,Low
2025-05-19 01:14:17_35.9998333_-117.9426667,2025-05-19 01:14:17,0.19,1.14,35.9998333,-117.9426667,Low
2025-05-19 01:01:40_44.1545_-113.59,2025-05-19 01:01:40,1.65,5,44.1545,-113.59,Low
2025-05-19 00:47:51_32.7611667_-116.0228333,2025-05-19 00:47:51,1.06,8.89,32.7611667,-116.0228333,Low
2025-05-19 00:45:13_35.817_-118.0431667,2025-05-19 00:45:13,1.28,5.78,35.817,-118.0431667,Low
2025-05-19 00:28:34_34.0596667_-117.2593333,2025-05-19 00:28:34,0.8,15.94,34.0596667,-117.2593333,Low
2025-05-19 00:27:39_37.8786666666667_-121.955333333333,2025-05-19 00:27:39,2.02,2.34,37.8786666666667,-121.955333333333,Low
2025-05-19 00:08:01_44.5253333333333_-114.171,2025-05-19 00:08:01,0.58,4,44.5253333333333,-114.171,Low
2025-05-18 23:57:22_38.781665802002_-122.74333190918,2025-05-18 23:57:22,0.72,0.759999990463257,38.781665802002,-122.74333190918,Low
2025-05-18 23:42:53_38.7825012207031_-122.744331359863,2025-05-18 23:42:53,1.37,0.740000009536743,38.7825012207031,-122.744331359863,Low
2025-05-18 23:41:04_37.4636666666667_-118.8495,2025-05-18 23:41:04,1.3,5.47,37.4636666666667,-118.8495,Low
2025-05-18 23:25:09_38.773_-122.734333333333,2025-05-18 23:25:09,0.37,1.21,38.773,-122.734333333333,Low
2025-05-18 23:21:19_33.7006667_-116.8028333,2025-05-18 23:21:19,0.87,16.57,33.7006667,-116.8028333,Low
2025-05-18 23:15:41_38.8411674499512_-122.838996887207,2025-05-18 23:15:41,0.76,1.72000002861023,38.8411674499512,-122.838996887207,Low
2025-05-18 22:00:05_33.3051667_-116.3741667,2025-05-18 22:00:05,0.82,12.16,33.3051667,-116.3741667,Low
2025-05-18 21:43:43_38.8371658325195_-122.800331115723,2025-05-18 21:43:43,0.7,1.46000003814697,38.8371658325195,-122.800331115723,Low
2025-05-18 21:40:51_34.0076667_-117.2615,2025-05-18 21:40:51,1.08,11.29,34.0076667,-117.2615,Low
2025-05-18 21:36:58_36.0098333_-117.96,2025-05-18 21:36:58,1.31,7.13,36.0098333,-117.96,Low
2025-05-18 21:27:42_34.1586667_-118.3581667,2025-05-18 21:27:42,1.2,16.51,34.1586667,-118.3581667,Low
2025-05-18 21:26:48_38.8385_-122.798,2025-05-18 21:26:48,0.25,2.01,38.8385,-122.798,Low
2025-05-18 20:41:19_38.1764_-117.8261,2025-05-18 20:41:19,1.6,8.3,38.1764,-117.8261,Low
2025-05-18 20:19:23_38.8178333333333_-122.760166666667,2025-05-18 20:19:23,0.33,2.16,38.8178333333333,-122.760166666667,Low
2025-05-18 19:41:59_38.1554_-117.9553,2025-05-18 19:41:59,1.2,11.7,38.1554,-117.9553,Low
2025-05-18 19:27:50_38.8068351745605_-122.832336425781,2025-05-18 19:27:50,0.82,3.73000001907349,38.8068351745605,-122.832336425781,Low
2025-05-18 19:00:10_33.9853333_-118.3386667,2025-05-18 19:00:10,1.83,10.46,33.9853333,-118.3386667,Low
2025-05-18 18:57:51_38.7838325500488_-122.749496459961,2025-05-18 18:57:51,0.8,0.400000005960464,38.7838325500488,-122.749496459961,Low
2025-05-18 18:40:36_38.832332611084_-122.797500610352,2025-05-18 18:40:36,0.29,2.20000004768372,38.832332611084,-122.797500610352,Low
2025-05-18 18:40:28_38.8346672058105_-122.795166015625,2025-05-18 18:40:28,0.2,2.39000010490417,38.8346672058105,-122.795166015625,Low
2025-05-18 18:33:11_36.2711666666667_-120.858666666667,2025-05-18 18:33:11,1.82,7.1,36.2711666666667,-120.858666666667,Low
2025-05-18 18:29:19_33.8378333_-116.9863333,2025-05-18 18:29:19,1.1,9.68,33.8378333,-116.9863333,Low
2025-05-18 18:22:21_33.7_-116.8143333,2025-05-18 18:22:21,1.11,13.47,33.7,-116.8143333,Low
2025-05-18 18:10:12_38.7789993286133_-122.718330383301,2025-05-18 18:10:12,1,1.92999994754791,38.7789993286133,-122.718330383301,Low
2025-05-18 18:07:56_33.494_-116.781,2025-05-18 18:07:56,0.58,7.31,33.494,-116.781,Low
2025-05-18 18:00:37_33.53_-116.7323333,2025-05-18 18:00:37,0.44,5.59,33.53,-116.7323333,Low
2025-05-18 17:44:44_38.842_-122.8235,2025-05-18 17:44:44,0.38,2.17,38.842,-122.8235,Low
2025-05-18 17:37:17_38.1176666666667_-121.915166666667,2025-05-18 17:37:17,1.75,27.48,38.1176666666667,-121.915166666667,Low
2025-05-18 17:34:44_38.8405_-122.8225,2025-05-18 17:34:44,0.25,1.75,38.8405,-122.8225,Low
2025-05-18 17:21:43_38.8214988708496_-122.8193359375,2025-05-18 17:21:43,0.91,2.72000002861023,38.8214988708496,-122.8193359375,Low
2025-05-18 17:11:39_33.5293333_-116.7316667,2025-05-18 17:11:39,0.37,5.06,33.5293333,-116.7316667,Low
2025-05-18 17:05:04_38.1205_-121.927,2025-05-18 17:05:04,1.74,26.09,38.1205,-121.927,Low
2025-05-18 17:04:06_38.7598342895508_-122.726997375488,2025-05-18 17:04:06,1.1,1.79999995231628,38.7598342895508,-122.726997375488,Low
2025-05-18 17:02:59_36.5782_-117.0755,2025-05-18 17:02:59,1.6,5.8,36.5782,-117.0755,Low
2025-05-18 16:45:50_33.4825_-116.7501667,2025-05-18 16:45:50,0.93,9.75,33.4825,-116.7501667,Low
2025-05-18 16:36:26_38.8380012512207_-122.795669555664,2025-05-18 16:36:26,0.77,1.89999997615814,38.8380012512207,-122.795669555664,Low
2025-05-18 16:29:28_34.1216667_-117.4618333,2025-05-18 16:29:28,0.54,6.54,34.1216667,-117.4618333,Low
2025-05-18 16:28:34_38.800666809082_-122.783164978027,2025-05-18 16:28:34,1.09,3.10999989509583,38.800666809082,-122.783164978027,Low
2025-05-18 16:01:59_38.8368339538574_-122.796836853027,2025-05-18 16:01:59,0.97,1.95000004768372,38.8368339538574,-122.796836853027,Low
2025-05-18 16:01:53_38.8371658325195_-122.797836303711,2025-05-18 16:01:53,0.21,2.32999992370605,38.8371658325195,-122.797836303711,Low
2025-05-18 15:54:50_33.5371667_-116.7998333,2025-05-18 15:54:50,0.45,6.16,33.5371667,-116.7998333,Low
2025-05-18 15:46:05_36.9895_-115.9876,2025-05-18 15:46:05,0.4,7.1,36.9895,-115.9876,Low
2025-05-18 15:44:59_33.6875_-116.776,2025-05-18 15:44:59,0.44,14.24,33.6875,-116.776,Low
2025-05-18 15:40:52_37.344_-122.140166666667,2025-05-18 15:40:52,1.22,8.28,37.344,-122.140166666667,Low
2025-05-18 15:38:20_33.357_-116.3448333,2025-05-18 15:38:20,0.76,11.92,33.357,-116.3448333,Low
2025-05-18 15:31:54_38.8008346557617_-122.814834594727,2025-05-18 15:31:54,1.31,2.75999999046326,38.8008346557617,-122.814834594727,Low
2025-05-18 15:27:04_36.5126_-113.9808,2025-05-18 15:27:04,1.9,8.4,36.5126,-113.9808,Low
2025-05-18 15:22:21_37.0526666666667_-121.477666666667,2025-05-18 15:22:21,1.28,7.98,37.0526666666667,-121.477666666667,Low
2025-05-18 15:18:46_36.9161666666667_-121.6415,2025-05-18 15:18:46,0.94,4.68,36.9161666666667,-121.6415,Low
2025-05-18 15:07:00_38.8331666666667_-122.7905,2025-05-18 15:07:00,0.41,2.1,38.8331666666667,-122.7905,Low
2025-05-18 15:06:26_38.8301666666667_-122.8155,2025-05-18 15:06:26,0.41,2.12,38.8301666666667,-122.8155,Low
2025-05-18 15:05:16_32.5826667_-116.1198333,2025-05-18 15:05:16,1.07,8.49,32.5826667,-116.1198333,Low
2025-05-18 14:25:24_36.8493333333333_-121.311833333333,2025-05-18 14:25:24,0.89,7.04,36.8493333333333,-121.311833333333,Low
2025-05-18 14:13:50_38.833667755127_-122.793502807617,2025-05-18 14:13:50,0.58,-0.819999992847443,38.833667755127,-122.793502807617,Low
2025-05-18 14:11:11_33.4946667_-116.4025,2025-05-18 14:11:11,1.03,6.28,33.4946667,-116.4025,Low
2025-05-18 14:10:57_33.2311667_-116.7365,2025-05-18 14:10:57,1.24,11.4,33.2311667,-116.7365,Low
2025-05-18 13:37:21_35.3405_-117.797,2025-05-18 13:37:21,1.23,6.84,35.3405,-117.797,Low
2025-05-18 13:25:26_38.8346672058105_-122.791000366211,2025-05-18 13:25:26,0.72,1.72000002861023,38.8346672058105,-122.791000366211,Low
2025-05-18 13:18:55_42.0348333333333_-111.502333333333,2025-05-18 13:18:55,2.28,6.53,42.0348333333333,-111.502333333333,Low
2025-05-18 12:30:56_38.8091659545898_-122.813499450684,2025-05-18 12:30:56,0.65,3.07999992370605,38.8091659545898,-122.813499450684,Low
2025-05-18 12:20:45_38.8281669616699_-122.785331726074,2025-05-18 12:20:45,0.72,1.36000001430511,38.8281669616699,-122.785331726074,Low
2025-05-18 12:15:02_37.238_-117.6606,2025-05-18 12:15:02,1.3,6,37.238,-117.6606,Low
2025-05-18 12:14:05_36.0488333333333_-120.208,2025-05-18 12:14:05,1.01,8.21,36.0488333333333,-120.208,Low
2025-05-18 12:01:07_33.5268333_-116.7335,2025-05-18 12:01:07,0.44,6.12,33.5268333,-116.7335,Low
2025-05-18 11:08:08_33.4938333_-116.5828333,2025-05-18 11:08:08,0.72,6.14,33.4938333,-116.5828333,Low
2025-05-18 10:56:06_35.326_-117.8108333,2025-05-18 10:56:06,1.05,8.03,35.326,-117.8108333,Low
2025-05-18 10:37:27_38.9945_-111.403,2025-05-18 10:37:27,1.13,-1.36,38.9945,-111.403,Low
2025-05-18 10:34:37_36.657_-116.2732,2025-05-18 10:34:37,-0.1,6.5,36.657,-116.2732,Low
2025-05-18 10:11:32_37.4605_-118.755666666667,2025-05-18 10:11:32,0.9,3.33,37.4605,-118.755666666667,Low
2025-05-18 09:59:41_33.5368333_-116.723,2025-05-18 09:59:41,0.45,4.8,33.5368333,-116.723,Low
2025-05-18 09:55:17_34.5231667_-116.3056667,2025-05-18 09:55:17,2.07,0.4,34.5231667,-116.3056667,Low
2025-05-18 09:53:51_38.8166656494141_-122.821166992188,2025-05-18 09:53:51,1.08,2.63000011444092,38.8166656494141,-122.821166992188,Low
2025-05-18 09:49:25_37.39_-118.610333333333,2025-05-18 09:49:25,1.28,8.94,37.39,-118.610333333333,Low
2025-05-18 09:27:26_33.6366667_-116.7056667,2025-05-18 09:27:26,0.91,13.6,33.6366667,-116.7056667,Low
2025-05-18 09:11:12_38.8361663818359_-122.804832458496,2025-05-18 09:11:12,0.21,1.48000001907349,38.8361663818359,-122.804832458496,Low
2025-05-18 09:09:42_38.9205_-122.530666666667,2025-05-18 09:09:42,2.11,4.04,38.9205,-122.530666666667,Low
2025-05-18 09:08:54_37.1591666666667_-121.547333333333,2025-05-18 09:08:54,0.86,6.77,37.1591666666667,-121.547333333333,Low
2025-05-18 08:47:35_38.7758331298828_-122.722503662109,2025-05-18 08:47:35,0.84,-0.140000000596046,38.7758331298828,-122.722503662109,Low
2025-05-18 08:47:08_38.775333404541_-122.72233581543,2025-05-18 08:47:08,1.14,-0.170000001788139,38.775333404541,-122.72233581543,Low
2025-05-18 08:38:57_38.914_-122.918833333333,2025-05-18 08:38:57,0.9,4.17,38.914,-122.918833333333,Low
2025-05-18 08:37:06_36.5546666666667_-121.0835,2025-05-18 08:37:06,1.07,12.23,36.5546666666667,-121.0835,Low
2025-05-18 08:36:33_38.8219985961914_-122.82250213623,2025-05-18 08:36:33,0.89,1.8400000333786,38.8219985961914,-122.82250213623,Low
2025-05-18 08:26:20_38.835334777832_-122.801498413086,2025-05-18 08:26:20,0.74,2.22000002861023,38.835334777832,-122.801498413086,Low
2025-05-18 08:25:39_37.57_-119.011833333333,2025-05-18 08:25:39,1.17,1.37,37.57,-119.011833333333,Low
2025-05-18 08:10:41_38.8281669616699_-122.814666748047,2025-05-18 08:10:41,1.84,2.07999992370605,38.8281669616699,-122.814666748047,Low
2025-05-18 08:10:00_33.6438333_-116.7181667,2025-05-18 08:10:00,0.69,13.08,33.6438333,-116.7181667,Low
2025-05-18 07:54:47_38.8243333333333_-122.803166666667,2025-05-18 07:54:47,0.48,2.64,38.8243333333333,-122.803166666667,Low
2025-05-18 07:54:28_38.8241653442383_-122.803001403809,2025-05-18 07:54:28,0.36,2.63000011444092,38.8241653442383,-122.803001403809,Low
2025-05-18 07:51:40_38.8238334655762_-122.803833007812,2025-05-18 07:51:40,0.78,2.38000011444092,38.8238334655762,-122.803833007812,Low
2025-05-18 07:49:56_38.8226661682129_-122.80233001709,2025-05-18 07:49:56,2.45,2.84999990463257,38.8226661682129,-122.80233001709,Low
2025-05-18 07:26:41_44.6148333333333_-113.535833333333,2025-05-18 07:26:41,0.61,5.05,44.6148333333333,-113.535833333333,Low
2025-05-18 07:22:30_33.395_-116.3736667,2025-05-18 07:22:30,1.1,8.69,33.395,-116.3736667,Low
2025-05-18 07:18:33_38.8199996948242_-122.821662902832,2025-05-18 07:18:33,0.76,1.77999997138977,38.8199996948242,-122.821662902832,Low
2025-05-18 07:04:11_36.6698333333333_-121.350666666667,2025-05-18 07:04:11,0.81,1.69,36.6698333333333,-121.350666666667,Low
2025-05-18 06:53:30_37.5371666666667_-118.825666666667,2025-05-18 06:53:30,0.6,4.65,37.5371666666667,-118.825666666667,Low
2025-05-18 06:35:59_42.0394_-126.4085,2025-05-18 06:35:59,2.9,10,42.0394,-126.4085,Low
2025-05-18 06:26:10_33.9688333_-117.2261667,2025-05-18 06:26:10,1.04,12.94,33.9688333,-117.2261667,Low
2025-05-18 06:25:45_39.1578333333333_-123.126333333333,2025-05-18 06:25:45,1.34,8.07,39.1578333333333,-123.126333333333,Low
2025-05-18 06:11:25_40.2918333333333_-124.631166666667,2025-05-18 06:11:25,1.75,7.79,40.2918333333333,-124.631166666667,Low
2025-05-18 06:10:52_38.7993316650391_-122.752502441406,2025-05-18 06:10:52,1.02,1.95000004768372,38.7993316650391,-122.752502441406,Low
2025-05-18 05:57:51_38.780834197998_-122.717163085938,2025-05-18 05:57:51,1.09,2.45000004768372,38.780834197998,-122.717163085938,Low
2025-05-18 05:34:40_38.8303333333333_-122.816666666667,2025-05-18 05:34:40,0.25,1.71,38.8303333333333,-122.816666666667,Low
2025-05-18 05:04:15_38.821_-122.787,2025-05-18 05:04:15,0.33,1.72,38.821,-122.787,Low
2025-05-18 04:55:38_38.7949981689453_-122.765502929688,2025-05-18 04:55:38,1.07,3.25999999046326,38.7949981689453,-122.765502929688,Low
2025-05-18 04:37:47_33.318_-116.339,2025-05-18 04:37:47,1.21,11.75,33.318,-116.339,Low
2025-05-18 04:27:22_38.8228333333333_-122.844833333333,2025-05-18 04:27:22,0.28,1.95,38.8228333333333,-122.844833333333,Low
2025-05-18 04:26:30_38.8143348693848_-122.818496704102,2025-05-18 04:26:30,0.69,2.9300000667572,38.8143348693848,-122.818496704102,Low
2025-05-18 04:10:16_38.828_-122.8015,2025-05-18 04:10:16,0.45,1.82,38.828,-122.8015,Low
2025-05-18 03:01:17_38.7936668395996_-122.784332275391,2025-05-18 03:01:17,1.07,3.33999991416931,38.7936668395996,-122.784332275391,Low
2025-05-18 03:00:58_35.544_-118.3223333,2025-05-18 03:00:58,1.82,7.16,35.544,-118.3223333,Low
2025-05-18 02:42:04_38.7803333333333_-122.7115,2025-05-18 02:42:04,0.33,2.21,38.7803333333333,-122.7115,Low
2025-05-18 02:20:16_38.7838333333333_-122.986833333333,2025-05-18 02:20:16,0.74,2.6,38.7838333333333,-122.986833333333,Low
2025-05-18 02:12:30_35.9016667_-117.7406667,2025-05-18 02:12:30,0.67,9.78,35.9016667,-117.7406667,Low
2025-05-18 02:11:18_38.8361663818359_-122.806663513184,2025-05-18 02:11:18,1.34,1.75999999046326,38.8361663818359,-122.806663513184,Low
2025-05-18 02:06:03_34.3983333_-118.4353333,2025-05-18 02:06:03,1.65,7.41,34.3983333,-118.4353333,Low
2025-05-18 01:46:05_36.5358333333333_-121.079166666667,2025-05-18 01:46:05,1.05,1.98,36.5358333333333,-121.079166666667,Low
2025-05-18 01:42:57_38.7518348693848_-122.709831237793,2025-05-18 01:42:57,0.95,0.810000002384186,38.7518348693848,-122.709831237793,Low
2025-05-18 01:06:02_38.8235_-122.8035,2025-05-18 01:06:02,0.53,2.36,38.8235,-122.8035,Low
2025-05-18 00:57:25_36.1658333_-118.0206667,2025-05-18 00:57:25,1,6.98,36.1658333,-118.0206667,Low
2025-05-18 00:21:08_38.8451652526855_-122.828002929688,2025-05-18 00:21:08,0.76,2.21000003814697,38.8451652526855,-122.828002929688,Low
2025-05-18 00:18:35_36.6354_-115.7357,2025-05-18 00:18:35,2.7,10.1,36.6354,-115.7357,Low
2025-05-18 00:11:39_36.6301_-115.7358,2025-05-18 00:11:39,1,12.3,36.6301,-115.7358,Low
2025-05-18 00:05:23_39.0056666666667_-112.114666666667,2025-05-18 00:05:23,1.26,14.75,39.0056666666667,-112.114666666667,Low
2025-05-17 23:58:10_35.7691667_-118.336,2025-05-17 23:58:10,1.26,4.65,35.7691667,-118.336,Low
2025-05-17 23:31:09_38.836498260498_-122.808670043945,2025-05-17 23:31:09,0.84,2.40000009536743,38.836498260498,-122.808670043945,Low
2025-05-17 23:21:11_33.6448333_-116.716,2025-05-17 23:21:11,0.77,12.21,33.6448333,-116.716,Low
2025-05-17 23:15:32_39.0075_-112.115,2025-05-17 23:15:32,1.36,16.06,39.0075,-112.115,Low
2025-05-17 23:13:50_38.8363342285156_-122.808166503906,2025-05-17 23:13:50,0.44,1.55999994277954,38.8363342285156,-122.808166503906,Low
2025-05-17 22:49:08_38.7893333435059_-122.74666595459,2025-05-17 22:49:08,0.78,1.9099999666214,38.7893333435059,-122.74666595459,Low
2025-05-17 22:46:39_36.558_-121.07,2025-05-17 22:46:39,0.95,10.97,36.558,-121.07,Low
2025-05-17 22:29:29_36.5525_-121.093333333333,2025-05-17 22:29:29,1.62,10.04,36.5525,-121.093333333333,Low
2025-05-17 22:13:44_33.4458333_-116.9451667,2025-05-17 22:13:44,0.71,9.5,33.4458333,-116.9451667,Low
2025-05-17 22:07:34_33.3768333_-116.8595,2025-05-17 22:07:34,0.71,8.54,33.3768333,-116.8595,Low
2025-05-17 21:46:41_33.3725_-116.8638333,2025-05-17 21:46:41,0.87,9.12,33.3725,-116.8638333,Low
2025-05-17 21:41:48_34.1736667_-116.8216667,2025-05-17 21:41:48,0.89,8.88,34.1736667,-116.8216667,Low
2025-05-17 21:26:31_38.8194999694824_-122.841667175293,2025-05-17 21:26:31,1.09,1.94000005722046,38.8194999694824,-122.841667175293,Low
2025-05-17 21:13:14_38.7965_-122.781666666667,2025-05-17 21:13:14,0.32,3.42,38.7965,-122.781666666667,Low
2025-05-17 21:09:35_38.8181648254395_-122.846168518066,2025-05-17 21:09:35,0.76,5.05000019073486,38.8181648254395,-122.846168518066,Low
2025-05-17 20:50:02_35.9463333_-117.6678333,2025-05-17 20:50:02,0.81,6.97,35.9463333,-117.6678333,Low
2025-05-17 20:46:51_33.654_-116.7758333,2025-05-17 20:46:51,1.99,12.92,33.654,-116.7758333,Low
2025-05-17 20:37:55_38.8356666666667_-122.7975,2025-05-17 20:37:55,0.41,2,38.8356666666667,-122.7975,Low
2025-05-17 20:33:33_44.3471666666667_-115.179833333333,2025-05-17 20:33:33,1.08,3.81,44.3471666666667,-115.179833333333,Low
2025-05-17 20:28:47_38.8370018005371_-122.796333312988,2025-05-17 20:28:47,0.75,2.11999988555908,38.8370018005371,-122.796333312988,Low
2025-05-17 20:24:08_36.6506666666667_-120.885666666667,2025-05-17 20:24:08,1.47,3.38,36.6506666666667,-120.885666666667,Low
2025-05-17 20:18:13_38.7618333333333_-122.728833333333,2025-05-17 20:18:13,0.3,1.62,38.7618333333333,-122.728833333333,Low
2025-05-17 20:08:53_36.4793333333333_-121.054166666667,2025-05-17 20:08:53,1.7,9.52,36.4793333333333,-121.054166666667,Low
2025-05-17 20:04:43_36.478_-121.060166666667,2025-05-17 20:04:43,1.99,9.04,36.478,-121.060166666667,Low
2025-05-17 19:54:36_35.3535_-117.8053333,2025-05-17 19:54:36,1.3,8.32,35.3535,-117.8053333,Low
2025-05-17 19:41:29_34.025_-117.0898333,2025-05-17 19:41:29,1,15.91,34.025,-117.0898333,Low
2025-05-17 19:40:16_38.8208351135254_-122.805000305176,2025-05-17 19:40:16,1.53,2.82999992370605,38.8208351135254,-122.805000305176,Low
2025-05-17 19:33:25_36.7211_-115.8669,2025-05-17 19:33:25,0,0,36.7211,-115.8669,Low
2025-05-17 19:21:32_38.8363342285156_-122.781829833984,2025-05-17 19:21:32,1.26,1.58000004291534,38.8363342285156,-122.781829833984,Low
2025-05-17 18:57:06_38.8241666666667_-122.761666666667,2025-05-17 18:57:06,0.48,1.93,38.8241666666667,-122.761666666667,Low
2025-05-17 18:52:50_35.6836667_-117.4306667,2025-05-17 18:52:50,0.33,5.54,35.6836667,-117.4306667,Low
2025-05-17 18:50:33_38.8406677246094_-122.824501037598,2025-05-17 18:50:33,1.41,1.95000004768372,38.8406677246094,-122.824501037598,Low
2025-05-17 18:33:26_35.3346667_-117.8078333,2025-05-17 18:33:26,1.06,6.82,35.3346667,-117.8078333,Low
2025-05-17 18:17:35_34.2806667_-117.0266667,2025-05-17 18:17:35,0.79,7.88,34.2806667,-117.0266667,Low
2025-05-17 18:12:25_34.0078333_-117.1375,2025-05-17 18:12:25,1.04,16.67,34.0078333,-117.1375,Low
2025-05-17 18:10:50_38.7908333333333_-122.764166666667,2025-05-17 18:10:50,2.91,4.16,38.7908333333333,-122.764166666667,Low
2025-05-17 18:07:23_44.4226666666667_-114.068,2025-05-17 18:07:23,0.85,7.83,44.4226666666667,-114.068,Low
2025-05-17 17:31:08_44.3648333333333_-115.1975,2025-05-17 17:31:08,1.74,6.25,44.3648333333333,-115.1975,Low
2025-05-17 17:30:55_33.4668333_-116.8811667,2025-05-17 17:30:55,0.44,15.7,33.4668333,-116.8811667,Low
2025-05-17 16:54:45_38.1466666666667_-122.271666666667,2025-05-17 16:54:45,0.92,7.94,38.1466666666667,-122.271666666667,Low
2025-05-17 16:48:34_38.7931671142578_-122.731002807617,2025-05-17 16:48:34,0.61,2.17000007629395,38.7931671142578,-122.731002807617,Low
2025-05-17 16:43:57_38.8228340148926_-122.800163269043,2025-05-17 16:43:57,1.03,2.71000003814697,38.8228340148926,-122.800163269043,Low
2025-05-17 16:40:08_38.7820014953613_-122.724334716797,2025-05-17 16:40:08,1.1,1.60000002384186,38.7820014953613,-122.724334716797,Low
2025-05-17 16:39:16_37.5235_-118.770833333333,2025-05-17 16:39:16,0.93,6.84,37.5235,-118.770833333333,Low
2025-05-17 16:22:06_33.9611667_-117.142,2025-05-17 16:22:06,1.55,15.26,33.9611667,-117.142,Low
2025-05-17 16:15:06_35.3416667_-117.8073333,2025-05-17 16:15:06,0.98,8.23,35.3416667,-117.8073333,Low
2025-05-17 16:09:33_36.7093333333333_-121.414166666667,2025-05-17 16:09:33,0.82,1.72,36.7093333333333,-121.414166666667,Low
2025-05-17 16:04:36_38.7921676635742_-122.769836425781,2025-05-17 16:04:36,1.02,3.51999998092651,38.7921676635742,-122.769836425781,Low
2025-05-17 16:03:49_36.075_-117.843,2025-05-17 16:03:49,1.5,1.93,36.075,-117.843,Low
2025-05-17 15:47:11_36.0835_-120.0415,2025-05-17 15:47:11,1.41,8.08,36.0835,-120.0415,Low
2025-05-17 15:46:09_38.8156666666667_-122.817166666667,2025-05-17 15:46:09,0.32,2.51,38.8156666666667,-122.817166666667,Low
2025-05-17 14:26:27_38.8146666666667_-122.839,2025-05-17 14:26:27,-0.32,1.27,38.8146666666667,-122.839,Low
2025-05-17 13:29:06_38.8224983215332_-122.805000305176,2025-05-17 13:29:06,0.36,3.0699999332428,38.8224983215332,-122.805000305176,Low
2025-05-17 13:29:01_38.8224983215332_-122.80249786377,2025-05-17 13:29:01,1.01,1.77999997138977,38.8224983215332,-122.80249786377,Low
2025-05-17 13:17:51_38.8110008239746_-122.8193359375,2025-05-17 13:17:51,0.75,1.87000000476837,38.8110008239746,-122.8193359375,Low
2025-05-17 13:15:34_36.5388_-113.9057,2025-05-17 13:15:34,1.3,3.1,36.5388,-113.9057,Low
2025-05-17 13:12:57_38.8223342895508_-122.804000854492,2025-05-17 13:12:57,0.92,2.52999997138977,38.8223342895508,-122.804000854492,Low
2025-05-17 12:58:48_38.8316650390625_-122.810333251953,2025-05-17 12:58:48,0.69,1.91999995708466,38.8316650390625,-122.810333251953,Low
2025-05-17 12:35:01_34.2121667_-117.7401667,2025-05-17 12:35:01,1.05,13.53,34.2121667,-117.7401667,Low
2025-05-17 12:15:51_36.1211667_-117.8601667,2025-05-17 12:15:51,1.15,3.44,36.1211667,-117.8601667,Low
2025-05-17 11:55:57_38.8356666666667_-122.782333333333,2025-05-17 11:55:57,0.42,2.13,38.8356666666667,-122.782333333333,Low
2025-05-17 11:46:52_36.4993_-113.9978,2025-05-17 11:46:52,1.7,1.5,36.4993,-113.9978,Low
2025-05-17 11:32:02_38.8333320617676_-122.801834106445,2025-05-17 11:32:02,0.7,1.37000000476837,38.8333320617676,-122.801834106445,Low
2025-05-17 11:24:48_36.5072_-113.9981,2025-05-17 11:24:48,3.8,10.02,36.5072,-113.9981,Low
2025-05-17 11:21:18_40.2741666666667_-124.6265,2025-05-17 11:21:18,3.5,5.63,40.2741666666667,-124.6265,Low
2025-05-17 11:20:31_33.5563333_-116.5703333,2025-05-17 11:20:31,0.49,14.99,33.5563333,-116.5703333,Low
2025-05-17 11:20:13_33.5583333_-116.5725,2025-05-17 11:20:13,0.54,15.54,33.5583333,-116.5725,Low
2025-05-17 11:17:01_35.6308333_-117.4793333,2025-05-17 11:17:01,1.44,8.9,35.6308333,-117.4793333,Low
2025-05-17 11:15:09_38.4433_-116.4928,2025-05-17 11:15:09,1.5,6.1,38.4433,-116.4928,Low
2025-05-17 11:06:16_37.4813333333333_-118.493333333333,2025-05-17 11:06:16,1.5,15.81,37.4813333333333,-118.493333333333,Low
2025-05-17 10:58:58_38.7664985656738_-122.700164794922,2025-05-17 10:58:58,1.21,1.64999997615814,38.7664985656738,-122.700164794922,Low
2025-05-17 10:55:02_38.8151664733887_-122.795997619629,2025-05-17 10:55:02,0.85,2.3199999332428,38.8151664733887,-122.795997619629,Low
2025-05-17 10:53:26_33.9666667_-117.2043333,2025-05-17 10:53:26,1,13.74,33.9666667,-117.2043333,Low
2025-05-17 10:51:47_40.2758333333333_-124.611833333333,2025-05-17 10:51:47,2.85,6.36,40.2758333333333,-124.611833333333,Low
2025-05-17 10:48:42_38.8123321533203_-122.818664550781,2025-05-17 10:48:42,1.07,2.50999999046326,38.8123321533203,-122.818664550781,Low
2025-05-17 10:44:43_38.4189_-116.4866,2025-05-17 10:44:43,1.2,7.6,38.4189,-116.4866,Low
2025-05-17 10:40:03_37.4498333333333_-121.414833333333,2025-05-17 10:40:03,1.31,6.32,37.4498333333333,-121.414833333333,Low
2025-05-17 10:35:59_40.2845_-124.643333333333,2025-05-17 10:35:59,2.91,4.94,40.2845,-124.643333333333,Low
2025-05-17 10:28:30_38.9666666666667_-123.061,2025-05-17 10:28:30,1.72,2.96,38.9666666666667,-123.061,Low
2025-05-17 10:15:38_38.7656669616699_-122.741668701172,2025-05-17 10:15:38,1.73,1.61000001430511,38.7656669616699,-122.741668701172,Low
2025-05-17 10:14:30_40.3173333333333_-124.650333333333,2025-05-17 10:14:30,2.3,7.83,40.3173333333333,-124.650333333333,Low
2025-05-17 10:06:52_40.281_-124.661333333333,2025-05-17 10:06:52,2.46,6.28,40.281,-124.661333333333,Low
2025-05-17 10:04:26_34.3191667_-117.7146667,2025-05-17 10:04:26,1.09,7.34,34.3191667,-117.7146667,Low
2025-05-17 09:42:05_33.3695_-116.3881667,2025-05-17 09:42:05,0.88,12.98,33.3695,-116.3881667,Low
2025-05-17 09:36:51_37.1215_-117.3256,2025-05-17 09:36:51,1.7,9.1,37.1215,-117.3256,Low
2025-05-17 09:23:18_40.317_-124.8725,2025-05-17 09:23:18,2.33,13.54,40.317,-124.8725,Low
2025-05-17 09:16:59_36.2786666666667_-121.379333333333,2025-05-17 09:16:59,1.36,12.51,36.2786666666667,-121.379333333333,Low
2025-05-17 09:09:09_40.2783333333333_-124.631166666667,2025-05-17 09:09:09,2.92,5.19,40.2783333333333,-124.631166666667,Low
2025-05-17 08:58:02_38.8186666666667_-122.7645,2025-05-17 08:58:02,0.37,1.9,38.8186666666667,-122.7645,Low
2025-05-17 08:57:10_38.8398333333333_-122.81,2025-05-17 08:57:10,0.34,1.85,38.8398333333333,-122.81,Low
2025-05-17 08:53:10_35.3478333_-117.7933333,2025-05-17 08:53:10,0.77,6.75,35.3478333,-117.7933333,Low
2025-05-17 08:36:58_38.8373336791992_-122.822998046875,2025-05-17 08:36:58,0.76,1.94000005722046,38.8373336791992,-122.822998046875,Low
2025-05-17 08:23:19_38.836498260498_-122.807830810547,2025-05-17 08:23:19,0.22,1.6599999666214,38.836498260498,-122.807830810547,Low
2025-05-17 08:09:56_38.835334777832_-122.807830810547,2025-05-17 08:09:56,1.62,1.76999998092651,38.835334777832,-122.807830810547,Low
2025-05-17 07:50:19_37.482_-118.502666666667,2025-05-17 07:50:19,2.03,13.64,37.482,-118.502666666667,Low
2025-05-17 07:37:34_38.8106651306152_-122.822334289551,2025-05-17 07:37:34,0.31,3.02999997138977,38.8106651306152,-122.822334289551,Low
2025-05-17 07:33:31_33.9713333_-116.824,2025-05-17 07:33:31,0.78,16.24,33.9713333,-116.824,Low
2025-05-17 07:23:59_41.0859_-126.1358,2025-05-17 07:23:59,2.5,10,41.0859,-126.1358,Low
2025-05-17 07:07:15_36.7918333333333_-121.388833333333,2025-05-17 07:07:15,1.08,5.16,36.7918333333333,-121.388833333333,Low
2025-05-17 06:43:54_37.4856666666667_-118.500166666667,2025-05-17 06:43:54,1.07,14.28,37.4856666666667,-118.500166666667,Low
2025-05-17 06:39:41_38.828_-122.786,2025-05-17 06:39:41,0.33,2.17,38.828,-122.786,Low
2025-05-17 06:10:22_38.8294982910156_-122.807830810547,2025-05-17 06:10:22,0.97,2.09999990463257,38.8294982910156,-122.807830810547,Low
2025-05-17 06:05:31_38.8376666666667_-122.784,2025-05-17 06:05:31,0.27,2.04,38.8376666666667,-122.784,Low
2025-05-17 05:42:25_38.4951666666667_-112.8385,2025-05-17 05:42:25,1.55,-0.27,38.4951666666667,-112.8385,Low
2025-05-17 05:38:52_39.0013333333333_-111.393833333333,2025-05-17 05:38:52,1.14,0.03,39.0013333333333,-111.393833333333,Low
2025-05-17 05:05:05_38.828498840332_-122.800498962402,2025-05-17 05:05:05,0.76,2.28999996185303,38.828498840332,-122.800498962402,Low
2025-05-17 05:04:21_38.8383331298828_-122.784164428711,2025-05-17 05:04:21,1.04,1.74000000953674,38.8383331298828,-122.784164428711,Low
2025-05-17 05:03:45_44.3528333333333_-116.117166666667,2025-05-17 05:03:45,1.94,8.96,44.3528333333333,-116.117166666667,Low
2025-05-17 04:39:25_38.7816666666667_-122.716833333333,2025-05-17 04:39:25,0.42,2.02,38.7816666666667,-122.716833333333,Low
2025-05-17 04:31:57_38.8181666666667_-122.813333333333,2025-05-17 04:31:57,0.35,3.03,38.8181666666667,-122.813333333333,Low
2025-05-17 03:50:48_38.8186683654785_-122.770835876465,2025-05-17 03:50:48,0.56,-0.469999998807907,38.8186683654785,-122.770835876465,Low
2025-05-17 03:41:05_38.8230018615723_-122.807334899902,2025-05-17 03:41:05,1.08,2.75,38.8230018615723,-122.807334899902,Low
2025-05-17 03:33:15_35.3093333_-118.601,2025-05-17 03:33:15,1.32,5.16,35.3093333,-118.601,Low
2025-05-17 03:10:42_44.558_-114.2665,2025-05-17 03:10:42,2.03,3.99,44.558,-114.2665,Low
2025-05-17 03:07:58_35.943_-120.47,2025-05-17 03:07:58,-0.08,5.08,35.943,-120.47,Low
2025-05-17 02:57:22_38.8245_-122.803166666667,2025-05-17 02:57:22,0.55,2.48,38.8245,-122.803166666667,Low
2025-05-17 02:55:31_38.7925_-122.7575,2025-05-17 02:55:31,0.27,0.81,38.7925,-122.7575,Low
2025-05-17 02:53:10_39.722_-123.507,2025-05-17 02:53:10,1.99,11.36,39.722,-123.507,Low
2025-05-17 02:44:35_42.239_-122.92,2025-05-17 02:44:35,1.59,-1.35,42.239,-122.92,Low
2025-05-17 02:28:14_38.7916679382324_-122.777336120605,2025-05-17 02:28:14,1.11,1.42999994754791,38.7916679382324,-122.777336120605,Low
2025-05-17 02:26:03_33.0338333_-115.9865,2025-05-17 02:26:03,0.83,9.11,33.0338333,-115.9865,Low
2025-05-17 02:04:57_38.8188333333333_-122.790833333333,2025-05-17 02:04:57,0.31,1.85,38.8188333333333,-122.790833333333,Low
2025-05-17 01:46:25_38.8333320617676_-122.815002441406,2025-05-17 01:46:25,0.72,1.96000003814697,38.8333320617676,-122.815002441406,Low
2025-05-17 01:37:45_40.3298333333333_-124.803166666667,2025-05-17 01:37:45,2.05,7.19,40.3298333333333,-124.803166666667,Low
2025-05-17 01:30:25_44.7155_-123.03566666666667,2025-05-17 01:30:25,2.13,-0.37,44.7155,-123.03566666666667,Low
2025-05-17 01:19:25_41.8925_-112.492333333333,2025-05-17 01:19:25,1.76,2.57,41.8925,-112.492333333333,Low
2025-05-17 01:18:50_33.5735_-116.721,2025-05-17 01:18:50,0.31,3.75,33.5735,-116.721,Low
2025-05-17 01:16:35_41.8976666666667_-112.491833333333,2025-05-17 01:16:35,1.16,-1.78,41.8976666666667,-112.491833333333,Low
2025-05-17 01:11:24_37.1436666666667_-121.5425,2025-05-17 01:11:24,0.79,3.46,37.1436666666667,-121.5425,Low
2025-05-17 00:58:28_38.818_-122.762333333333,2025-05-17 00:58:28,0.25,2.44,38.818,-122.762333333333,Low
2025-05-17 00:46:45_39.5428333333333_-123.373,2025-05-17 00:46:45,1.3,8.37,39.5428333333333,-123.373,Low
2025-05-17 00:41:29_35.0943333_-119.1136667,2025-05-17 00:41:29,2.03,14.73,35.0943333,-119.1136667,Low
2025-05-17 00:35:24_38.8238333333333_-122.811833333333,2025-05-17 00:35:24,-0.12,2.71,38.8238333333333,-122.811833333333,Low
2025-05-17 00:31:24_33.8786667_-117.503,2025-05-17 00:31:24,0.98,-0.47,33.8786667,-117.503,Low
2025-05-17 00:31:10_35.7586667_-118.4208333,2025-05-17 00:31:10,1.88,5.83,35.7586667,-118.4208333,Low
2025-05-17 00:26:36_32.9361667_-115.5418333,2025-05-17 00:26:36,1.32,11.79,32.9361667,-115.5418333,Low
2025-05-17 00:24:38_34.9868333_-118.1898333,2025-05-17 00:24:38,1.67,-0.92,34.9868333,-118.1898333,Low
2025-05-17 00:13:49_38.8236656188965_-122.807502746582,2025-05-17 00:13:49,0.84,2.64000010490417,38.8236656188965,-122.807502746582,Low
2025-05-17 00:08:12_38.8193333333333_-122.815,2025-05-17 00:08:12,0.16,3.51,38.8193333333333,-122.815,Low
2025-05-17 00:04:34_35.7598333_-118.4215,2025-05-17 00:04:34,1.83,6.32,35.7598333,-118.4215,Low
2025-05-17 00:03:03_41.8848333333333_-112.4835,2025-05-17 00:03:03,2.76,3.68,41.8848333333333,-112.4835,Low
2025-05-16 23:54:54_38.8370018005371_-122.788497924805,2025-05-16 23:54:54,0.2,1.51999998092651,38.8370018005371,-122.788497924805,Low
2025-05-16 23:46:56_33.0573333_-115.0015,2025-05-16 23:46:56,1.47,-0.2,33.0573333,-115.0015,Low
2025-05-16 23:27:29_38.7861671447754_-122.763496398926,2025-05-16 23:27:29,0.75,2.89000010490417,38.7861671447754,-122.763496398926,Low
2025-05-16 23:21:26_38.7811666666667_-122.757166666667,2025-05-16 23:21:26,0.09,1.44,38.7811666666667,-122.757166666667,Low
2025-05-16 22:46:28_38.8186683654785_-122.812835693359,2025-05-16 22:46:28,0.76,3.13000011444092,38.8186683654785,-122.812835693359,Low
2025-05-16 22:39:10_38.836498260498_-122.782836914062,2025-05-16 22:39:10,0.82,2.02999997138977,38.836498260498,-122.782836914062,Low
2025-05-16 22:31:53_38.828498840332_-122.800163269043,2025-05-16 22:31:53,1.04,2.10999989509583,38.828498840332,-122.800163269043,Low
2025-05-16 22:17:47_38.828498840332_-122.800834655762,2025-05-16 22:17:47,1.05,1.87000000476837,38.828498840332,-122.800834655762,Low
2025-05-16 22:17:06_38.7943344116211_-122.780502319336,2025-05-16 22:17:06,1.06,3.29999995231628,38.7943344116211,-122.780502319336,Low
2025-05-16 22:15:53_37.3115_-121.676166666667,2025-05-16 22:15:53,1.95,7.68,37.3115,-121.676166666667,Low
2025-05-16 22:14:32_33.675_-116.7211667,2025-05-16 22:14:32,2.23,15.86,33.675,-116.7211667,Low
2025-05-16 22:10:46_36.9548333333333_-121.5765,2025-05-16 22:10:46,1.98,7.11,36.9548333333333,-121.5765,Low
2025-05-16 22:02:19_37.284_-121.659666666667,2025-05-16 22:02:19,0.97,2.46,37.284,-121.659666666667,Low
2025-05-16 21:59:16_33.533_-116.7218333,2025-05-16 21:59:16,0.5,5.69,33.533,-116.7218333,Low
2025-05-16 21:47:10_38.8181648254395_-122.821334838867,2025-05-16 21:47:10,0.79,2.35999989509583,38.8181648254395,-122.821334838867,Low
2025-05-16 21:42:05_35.638_-117.5658333,2025-05-16 21:42:05,2.1,9.5,35.638,-117.5658333,Low
2025-05-16 21:20:54_37.1075_-117.1449,2025-05-16 21:20:54,1,5.1,37.1075,-117.1449,Low
2025-05-16 21:20:15_38.826831817627_-122.784332275391,2025-05-16 21:20:15,0.76,1.70000004768372,38.826831817627,-122.784332275391,Low
2025-05-16 21:08:24_33.2353333_-116.2188333,2025-05-16 21:08:24,0.84,6.69,33.2353333,-116.2188333,Low
2025-05-16 20:49:51_38.835334777832_-122.806663513184,2025-05-16 20:49:51,0.55,2.3199999332428,38.835334777832,-122.806663513184,Low
2025-05-16 20:34:47_38.8263333333333_-122.802333333333,2025-05-16 20:34:47,0.45,3.43,38.8263333333333,-122.802333333333,Low
2025-05-16 20:34:21_38.8258323669434_-122.802833557129,2025-05-16 20:34:21,1.08,3.0699999332428,38.8258323669434,-122.802833557129,Low
2025-05-16 20:24:37_38.8233333333333_-122.824333333333,2025-05-16 20:24:37,0.45,2.74,38.8233333333333,-122.824333333333,Low
2025-05-16 20:07:26_40.3001666666667_-124.651166666667,2025-05-16 20:07:26,2.64,7.97,40.3001666666667,-124.651166666667,Low
2025-05-16 19:57:42_38.8373336791992_-122.836334228516,2025-05-16 19:57:42,1.31,1.02999997138977,38.8373336791992,-122.836334228516,Low
2025-05-16 19:28:12_38.8196678161621_-122.794334411621,2025-05-16 19:28:12,0.9,2.83999991416931,38.8196678161621,-122.794334411621,Low
2025-05-16 19:10:45_39.1638_-119.0252,2025-05-16 19:10:45,2.2,8,39.1638,-119.0252,Low
2025-05-16 18:58:39_38.7936668395996_-122.806335449219,2025-05-16 18:58:39,0.77,3.08999991416931,38.7936668395996,-122.806335449219,Low
2025-05-16 18:52:04_33.0893333_-116.0366667,2025-05-16 18:52:04,0.94,10.76,33.0893333,-116.0366667,Low
2025-05-16 18:50:19_33.534_-116.7258333,2025-05-16 18:50:19,0.4,4.69,33.534,-116.7258333,Low
2025-05-16 18:47:01_33.0668333_-116.5975,2025-05-16 18:47:01,0.56,13.05,33.0668333,-116.5975,Low
2025-05-16 18:44:16_33.5405_-116.7236667,2025-05-16 18:44:16,0.11,4.98,33.5405,-116.7236667,Low
2025-05-16 18:43:56_33.5405_-116.7251667,2025-05-16 18:43:56,0.33,4.45,33.5405,-116.7251667,Low
2025-05-16 18:43:11_33.5321667_-116.7286667,2025-05-16 18:43:11,1.31,3.3,33.5321667,-116.7286667,Low
2025-05-16 18:04:45_38.8196678161621_-122.794166564941,2025-05-16 18:04:45,1.03,2.95000004768372,38.8196678161621,-122.794166564941,Low
2025-05-16 17:46:47_38.7743339538574_-122.745834350586,2025-05-16 17:46:47,0.72,2.53999996185303,38.7743339538574,-122.745834350586,Low
2025-05-16 17:43:10_33.512_-116.7615,2025-05-16 17:43:10,0.48,11.45,33.512,-116.7615,Low
2025-05-16 17:42:47_38.7741661071777_-122.744499206543,2025-05-16 17:42:47,2.47,2.11999988555908,38.7741661071777,-122.744499206543,Low
2025-05-16 17:35:51_38.8219985961914_-122.845664978027,2025-05-16 17:35:51,1.19,2.3199999332428,38.8219985961914,-122.845664978027,Low
2025-05-16 17:26:11_38.8301658630371_-122.790832519531,2025-05-16 17:26:11,0.69,1.71000003814697,38.8301658630371,-122.790832519531,Low
2025-05-16 17:14:30_35.4876667_-118.4033333,2025-05-16 17:14:30,1.09,7.88,35.4876667,-118.4033333,Low
2025-05-16 17:00:37_35.3405_-117.805,2025-05-16 17:00:37,0.64,9.44,35.3405,-117.805,Low
2025-05-16 16:40:01_44.4436666666667_-114.4825,2025-05-16 16:40:01,0.57,4.93,44.4436666666667,-114.4825,Low
2025-05-16 16:32:57_38.7854995727539_-122.773170471191,2025-05-16 16:32:57,0.78,0.990000009536743,38.7854995727539,-122.773170471191,Low
2025-05-16 16:30:24_38.8293333333333_-122.810833333333,2025-05-16 16:30:24,0.41,1.48,38.8293333333333,-122.810833333333,Low
2025-05-16 16:29:23_38.8361663818359_-122.807998657227,2025-05-16 16:29:23,0.22,1.79999995231628,38.8361663818359,-122.807998657227,Low
2025-05-16 16:27:03_38.8358333333333_-122.807333333333,2025-05-16 16:27:03,0.49,2.15,38.8358333333333,-122.807333333333,Low
2025-05-16 16:26:38_38.8056678771973_-122.778831481934,2025-05-16 16:26:38,0.56,3.50999999046326,38.8056678771973,-122.778831481934,Low
2025-05-16 16:20:35_38.7700004577637_-122.703163146973,2025-05-16 16:20:35,1.44,1.53999996185303,38.7700004577637,-122.703163146973,Low
2025-05-16 16:19:31_36.0088333333333_-120.571166666667,2025-05-16 16:19:31,0.83,3.86,36.0088333333333,-120.571166666667,Low
2025-05-16 16:07:24_37.3403_-114.648,2025-05-16 16:07:24,1.5,9.4,37.3403,-114.648,Low
2025-05-16 16:00:30_36.0086666666667_-120.569833333333,2025-05-16 16:00:30,0.7,4.08,36.0086666666667,-120.569833333333,Low
2025-05-16 15:40:21_38.8383331298828_-122.807998657227,2025-05-16 15:40:21,0.7,1.89999997615814,38.8383331298828,-122.807998657227,Low
2025-05-16 15:08:16_39.2216666666667_-120.092833333333,2025-05-16 15:08:16,1.41,3.99,39.2216666666667,-120.092833333333,Low
2025-05-16 14:58:00_38.8235015869141_-122.84366607666,2025-05-16 14:58:00,0.25,1.67999994754791,38.8235015869141,-122.84366607666,Low
2025-05-16 14:49:40_38.8264999389648_-122.785667419434,2025-05-16 14:49:40,1.1,1.80999994277954,38.8264999389648,-122.785667419434,Low
2025-05-16 14:33:16_38.7938346862793_-122.741668701172,2025-05-16 14:33:16,0.46,1.97000002861023,38.7938346862793,-122.741668701172,Low
2025-05-16 13:47:13_36.7658_-115.9463,2025-05-16 13:47:13,0.9,2.9,36.7658,-115.9463,Low
2025-05-16 13:44:14_38.8436660766602_-122.774002075195,2025-05-16 13:44:14,0.87,4.03999996185303,38.8436660766602,-122.774002075195,Low
2025-05-16 13:42:46_33.5355_-116.7251667,2025-05-16 13:42:46,0.71,4.19,33.5355,-116.7251667,Low
2025-05-16 13:40:36_33.5348333_-116.7256667,2025-05-16 13:40:36,0.84,3.88,33.5348333,-116.7256667,Low
2025-05-16 13:40:14_33.5416667_-116.7208333,2025-05-16 13:40:14,0.45,4.43,33.5416667,-116.7208333,Low
2025-05-16 13:31:27_39.031_-111.387666666667,2025-05-16 13:31:27,1.56,-3.47,39.031,-111.387666666667,Low
2025-05-16 13:17:58_38.8133316040039_-122.79467010498,2025-05-16 13:17:58,0.75,3.16000008583069,38.8133316040039,-122.79467010498,Low
2025-05-16 12:41:08_36.5077_-113.972,2025-05-16 12:41:08,2.5,9.834,36.5077,-113.972,Low
2025-05-16 12:28:00_38.8325004577637_-122.816329956055,2025-05-16 12:28:00,0.94,1.3400000333786,38.8325004577637,-122.816329956055,Low
2025-05-16 12:19:27_38.8388328552246_-122.82266998291,2025-05-16 12:19:27,0.72,1.64999997615814,38.8388328552246,-122.82266998291,Low
2025-05-16 12:18:39_40.6325_-111.573833333333,2025-05-16 12:18:39,-0.32,7.79,40.6325,-111.573833333333,Low
2025-05-16 12:07:31_38.5898333333333_-122.787666666667,2025-05-16 12:07:31,2.23,6.67,38.5898333333333,-122.787666666667,Low
2025-05-16 12:06:01_33.6851667_-116.7285,2025-05-16 12:06:01,0.89,16.87,33.6851667,-116.7285,Low
2025-05-16 12:05:55_38.7919998168945_-122.754997253418,2025-05-16 12:05:55,1.04,0.5,38.7919998168945,-122.754997253418,Low
2025-05-16 12:04:41_38.769_-122.728166666667,2025-05-16 12:04:41,0.31,1.25,38.769,-122.728166666667,Low
2025-05-16 11:57:33_31.6253333_-116.3565,2025-05-16 11:57:33,2.85,15.67,31.6253333,-116.3565,Low
2025-05-16 11:50:11_33.536_-116.7265,2025-05-16 11:50:11,0.65,4.4,33.536,-116.7265,Low
2025-05-16 11:36:45_33.3291667_-116.3548333,2025-05-16 11:36:45,0.72,11.65,33.3291667,-116.3548333,Low
2025-05-16 11:35:46_33.5413333_-116.723,2025-05-16 11:35:46,0.39,4.16,33.5413333,-116.723,Low
2025-05-16 11:35:03_33.5376667_-116.7251667,2025-05-16 11:35:03,0.73,4.25,33.5376667,-116.7251667,Low
2025-05-16 11:25:47_33.5418333_-116.718,2025-05-16 11:25:47,0.25,4.26,33.5418333,-116.718,Low
2025-05-16 11:25:42_33.5396667_-116.7261667,2025-05-16 11:25:42,0.46,4.39,33.5396667,-116.7261667,Low
2025-05-16 11:24:54_33.5313333_-116.731,2025-05-16 11:24:54,1.53,3.61,33.5313333,-116.731,Low
2025-05-16 11:07:37_33.1595_-115.6368333,2025-05-16 11:07:37,0.83,3.83,33.1595,-115.6368333,Low
2025-05-16 10:52:51_33.5386667_-116.7245,2025-05-16 10:52:51,0.07,4.39,33.5386667,-116.7245,Low
2025-05-16 10:52:36_33.54_-116.7248333,2025-05-16 10:52:36,0.32,4.2,33.54,-116.7248333,Low
2025-05-16 10:26:57_33.5393333_-116.7301667,2025-05-16 10:26:57,0.15,5.12,33.5393333,-116.7301667,Low
2025-05-16 10:23:22_37.1614_-115.5777,2025-05-16 10:23:22,1.6,7.4,37.1614,-115.5777,Low
2025-05-16 09:57:16_38.817_-122.823,2025-05-16 09:57:16,0.43,2.56,38.817,-122.823,Low
2025-05-16 09:56:27_33.6925_-116.789,2025-05-16 09:56:27,0.74,17.97,33.6925,-116.789,Low
2025-05-16 09:54:41_38.8064994812012_-122.782669067383,2025-05-16 09:54:41,0.46,3.02999997138977,38.8064994812012,-122.782669067383,Low
2025-05-16 09:50:04_34.1123333_-117.4673333,2025-05-16 09:50:04,1.78,3.75,34.1123333,-117.4673333,Low
2025-05-16 09:47:00_34.1108333_-117.4655,2025-05-16 09:47:00,1.29,2.94,34.1108333,-117.4655,Low
2025-05-16 09:28:55_33.6806667_-116.7238333,2025-05-16 09:28:55,1.03,16.26,33.6806667,-116.7238333,Low
2025-05-16 09:10:01_38.8143348693848_-122.817497253418,2025-05-16 09:10:01,1.08,1.50999999046326,38.8143348693848,-122.817497253418,Low
2025-05-16 09:09:33_38.8133316040039_-122.814666748047,2025-05-16 09:09:33,1.84,1.75,38.8133316040039,-122.814666748047,Low
2025-05-16 08:53:56_38.8274993896484_-122.801330566406,2025-05-16 08:53:56,1.1,2.00999999046326,38.8274993896484,-122.801330566406,Low
2025-05-16 08:44:18_33.5555_-116.7096667,2025-05-16 08:44:18,0.23,2.59,33.5555,-116.7096667,Low
2025-05-16 08:18:45_44.3653333333333_-115.2,2025-05-16 08:18:45,1.93,5.54,44.3653333333333,-115.2,Low
2025-05-16 08:13:40_35.359_-117.8015,2025-05-16 08:13:40,1.01,8.03,35.359,-117.8015,Low
2025-05-16 08:03:43_44.3859_-115.1587,2025-05-16 08:03:43,3.1,10,44.3859,-115.1587,Low
2025-05-16 07:52:06_37.1062_-117.1449,2025-05-16 07:52:06,1.1,5.4,37.1062,-117.1449,Low
2025-05-16 07:49:51_38.7928352355957_-122.761329650879,2025-05-16 07:49:51,1.25,2.96000003814697,38.7928352355957,-122.761329650879,Low
2025-05-16 07:38:35_36.4248333333333_-119.958166666667,2025-05-16 07:38:35,2.05,20.44,36.4248333333333,-119.958166666667,Low
2025-05-16 07:29:57_39.155_-119.0411,2025-05-16 07:29:57,1.8,8.6,39.155,-119.0411,Low
2025-05-16 07:20:27_38.8056678771973_-122.78099822998,2025-05-16 07:20:27,2.17,2.70000004768372,38.8056678771973,-122.78099822998,Low
2025-05-16 07:02:04_38.8326683044434_-122.817169189453,2025-05-16 07:02:04,0.53,1.91999995708466,38.8326683044434,-122.817169189453,Low
2025-05-16 06:53:25_40.4961_-126.3701,2025-05-16 06:53:25,2.8,10,40.4961,-126.3701,Low
2025-05-16 06:40:44_37.8055_-122.065333333333,2025-05-16 06:40:44,2.9,7.62,37.8055,-122.065333333333,Low
2025-05-16 06:34:23_38.8306655883789_-122.875335693359,2025-05-16 06:34:23,1.08,2.45000004768372,38.8306655883789,-122.875335693359,Low
2025-05-16 05:53:46_38.8134994506836_-122.82266998291,2025-05-16 05:53:46,1.05,1.87999999523163,38.8134994506836,-122.82266998291,Low
2025-05-16 05:50:30_38.8361663818359_-122.785667419434,2025-05-16 05:50:30,0.33,1.20000004768372,38.8361663818359,-122.785667419434,Low
2025-05-16 05:31:25_40.644_-111.575166666667,2025-05-16 05:31:25,0.12,9.57,40.644,-111.575166666667,Low
2025-05-16 05:30:27_40.6405_-111.575333333333,2025-05-16 05:30:27,0.02,9.13,40.6405,-111.575333333333,Low
2025-05-16 05:26:35_38.8016662597656_-122.772499084473,2025-05-16 05:26:35,0.77,1.39999997615814,38.8016662597656,-122.772499084473,Low
2025-05-16 05:25:20_33.6948333_-118.0593333,2025-05-16 05:25:20,1.96,16.04,33.6948333,-118.0593333,Low
2025-05-16 05:15:56_38.8300018310547_-122.812164306641,2025-05-16 05:15:56,1.03,1.32000005245209,38.8300018310547,-122.812164306641,Low
2025-05-16 05:12:08_38.8098335266113_-122.821334838867,2025-05-16 05:12:08,1.05,2.71000003814697,38.8098335266113,-122.821334838867,Low
2025-05-16 04:59:55_38.0411666666667_-122.304833333333,2025-05-16 04:59:55,0.91,8.21,38.0411666666667,-122.304833333333,Low
2025-05-16 04:54:35_44.1796666666667_-115.120833333333,2025-05-16 04:54:35,1.14,2.86,44.1796666666667,-115.120833333333,Low
2025-05-16 04:48:16_35.2323333_-120.1478333,2025-05-16 04:48:16,1.14,8.29,35.2323333,-120.1478333,Low
2025-05-16 04:31:03_38.7939987182617_-122.806167602539,2025-05-16 04:31:03,1.1,3.4300000667572,38.7939987182617,-122.806167602539,Low
2025-05-16 04:12:09_33.0528333_-115.0001667,2025-05-16 04:12:09,1.36,-0.23,33.0528333,-115.0001667,Low
2025-05-16 04:04:41_39.0517_-119.0161,2025-05-16 04:04:41,2.3,5.7,39.0517,-119.0161,Low
2025-05-16 03:58:20_38.7536666666667_-122.704,2025-05-16 03:58:20,0.54,2.54,38.7536666666667,-122.704,Low
2025-05-16 03:55:03_33.424_-116.6586667,2025-05-16 03:55:03,1.29,4.39,33.424,-116.6586667,Low
2025-05-16 03:45:50_34.0488333_-117.2441667,2025-05-16 03:45:50,0.82,15.45,34.0488333,-117.2441667,Low
2025-05-16 03:45:36_34.0438333_-117.2376667,2025-05-16 03:45:36,1.19,13.67,34.0438333,-117.2376667,Low
2025-05-16 03:35:18_33.158_-115.9595,2025-05-16 03:35:18,1.15,7.94,33.158,-115.9595,Low
2025-05-16 03:35:16_38.6645_-117.1207,2025-05-16 03:35:16,1.8,5.4,38.6645,-117.1207,Low
2025-05-16 03:30:08_38.816333770752_-122.820503234863,2025-05-16 03:30:08,0.75,2.58999991416931,38.816333770752,-122.820503234863,Low
2025-05-16 03:13:35_38.8178329467773_-122.765663146973,2025-05-16 03:13:35,1.1,1.87000000476837,38.8178329467773,-122.765663146973,Low
2025-05-16 02:53:52_38.8121666666667_-122.7935,2025-05-16 02:53:52,-0.2,1.42,38.8121666666667,-122.7935,Low
2025-05-16 02:52:48_33.8673333_-116.8881667,2025-05-16 02:52:48,0.82,11.6,33.8673333,-116.8881667,Low
2025-05-16 02:28:49_35.344_-117.8015,2025-05-16 02:28:49,2.66,7.25,35.344,-117.8015,Low
2025-05-16 02:26:03_38.8308334350586_-122.814834594727,2025-05-16 02:26:03,1.05,1.69000005722046,38.8308334350586,-122.814834594727,Low
2025-05-16 02:17:03_34.6338333_-117.1191667,2025-05-16 02:17:03,1.11,-1.29,34.6338333,-117.1191667,Low
2025-05-16 02:04:42_38.8311653137207_-122.81616973877,2025-05-16 02:04:42,0.3,1.76999998092651,38.8311653137207,-122.81616973877,Low
2025-05-16 01:32:58_37.5313333333333_-118.622,2025-05-16 01:32:58,1.01,11.29,37.5313333333333,-118.622,Low
2025-05-16 01:13:43_38.7701683044434_-122.729164123535,2025-05-16 01:13:43,1.02,1.10000002384186,38.7701683044434,-122.729164123535,Low
2025-05-16 01:08:59_37.4901666666667_-118.9875,2025-05-16 01:08:59,0.93,3.79,37.4901666666667,-118.9875,Low
2025-05-16 01:01:32_38.8170013427734_-122.80583190918,2025-05-16 01:01:32,1.22,2.99000000953674,38.8170013427734,-122.80583190918,Low
2025-05-16 01:00:27_41.1725_-111.499833333333,2025-05-16 01:00:27,1.11,14.07,41.1725,-111.499833333333,Low
2025-05-16 00:54:44_36.3783333333333_-121.2215,2025-05-16 00:54:44,1.66,3.97,36.3783333333333,-121.2215,Low
2025-05-16 00:35:44_33.7365_-117.429,2025-05-16 00:35:44,1.13,-0.64,33.7365,-117.429,Low
2025-05-16 00:33:12_34.9913333_-118.1896667,2025-05-16 00:33:12,1.54,-0.92,34.9913333,-118.1896667,Low
2025-05-16 00:24:07_36.1155_-117.9068333,2025-05-16 00:24:07,1.2,2.99,36.1155,-117.9068333,Low
2025-05-16 00:15:55_44.325_-115.193666666667,2025-05-16 00:15:55,1.25,7.16,44.325,-115.193666666667,Low
2025-05-16 00:15:20_38.8213348388672_-122.843170166016,2025-05-16 00:15:20,0.45,2.13000011444092,38.8213348388672,-122.843170166016,Low
2025-05-16 00:11:13_40.7288333333333_-112.070166666667,2025-05-16 00:11:13,0.49,8.73,40.7288333333333,-112.070166666667,Low
2025-05-15 23:49:39_38.8251666666667_-122.852166666667,2025-05-15 23:49:39,0.26,2.41,38.8251666666667,-122.852166666667,Low
2025-05-15 23:34:38_36.3832_-114.4294,2025-05-15 23:34:38,2.5,3.1,36.3832,-114.4294,Low
2025-05-15 23:31:34_38.8346666666667_-122.795833333333,2025-05-15 23:31:34,-0.11,2.26,38.8346666666667,-122.795833333333,Low
2025-05-15 22:47:42_33.8526667_-117.4953333,2025-05-15 22:47:42,1.54,-0.5,33.8526667,-117.4953333,Low
2025-05-15 22:45:25_39.1507_-119.0437,2025-05-15 22:45:25,1.1,5.1,39.1507,-119.0437,Low
2025-05-15 22:42:27_34.6156667_-117.3225,2025-05-15 22:42:27,1.12,-0.87,34.6156667,-117.3225,Low
2025-05-15 22:36:28_33.6718333_-116.7078333,2025-05-15 22:36:28,0.83,12.84,33.6718333,-116.7078333,Low
2025-05-15 22:04:59_38.8316650390625_-122.818336486816,2025-05-15 22:04:59,0.73,1.53999996185303,38.8316650390625,-122.818336486816,Low
2025-05-15 21:47:32_37.0302_-116.2893,2025-05-15 21:47:32,0.8,4.8,37.0302,-116.2893,Low
2025-05-15 21:38:16_42.34583333333333_-122.03983333333333,2025-05-15 21:38:16,1.6400000000000001,11.32,42.34583333333333,-122.03983333333333,Low
2025-05-15 20:58:17_38.9038333333333_-122.997333333333,2025-05-15 20:58:17,1.02,3.09,38.9038333333333,-122.997333333333,Low
2025-05-15 20:48:54_38.7946662902832_-122.777168273926,2025-05-15 20:48:54,2.29,3.25,38.7946662902832,-122.777168273926,Low
2025-05-15 20:47:19_38.7943333333333_-122.782666666667,2025-05-15 20:47:19,-0.07,3.68,38.7943333333333,-122.782666666667,Low
2025-05-15 20:40:03_32.9805_-116.392,2025-05-15 20:40:03,0.52,4.63,32.9805,-116.392,Low
2025-05-15 20:38:13_35.3226667_-117.8095,2025-05-15 20:38:13,1.05,8.67,35.3226667,-117.8095,Low
2025-05-15 20:35:36_38.8346672058105_-122.88200378418,2025-05-15 20:35:36,0.4,2.32999992370605,38.8346672058105,-122.88200378418,Low
2025-05-15 20:07:02_38.8183333333333_-122.822333333333,2025-05-15 20:07:02,0.38,2.73,38.8183333333333,-122.822333333333,Low
2025-05-15 19:32:26_38.8188323974609_-122.787666320801,2025-05-15 19:32:26,1.03,0.25,38.8188323974609,-122.787666320801,Low
2025-05-15 19:31:59_37.4978333333333_-118.843333333333,2025-05-15 19:31:59,1.11,8.67,37.4978333333333,-118.843333333333,Low
2025-05-15 19:21:02_39.1666666666667_-123.168333333333,2025-05-15 19:21:02,1.35,6.77,39.1666666666667,-123.168333333333,Low
2025-05-15 19:20:32_39.5425_-123.369666666667,2025-05-15 19:20:32,1.92,8.29,39.5425,-123.369666666667,Low
2025-05-15 18:41:18_38.7961654663086_-122.780670166016,2025-05-15 18:41:18,0.65,3.15000009536743,38.7961654663086,-122.780670166016,Low
2025-05-15 17:59:32_41.2158_-116.7283,2025-05-15 17:59:32,3.1,5.7,41.2158,-116.7283,Low
2025-05-15 17:57:54_38.818_-122.8195,2025-05-15 17:57:54,0.23,2.6,38.818,-122.8195,Low
2025-05-15 17:56:51_33.5848333_-116.7526667,2025-05-15 17:56:51,0.81,11.82,33.5848333,-116.7526667,Low
2025-05-15 17:55:45_38.8193321228027_-122.817832946777,2025-05-15 17:55:45,0.73,2.40000009536743,38.8193321228027,-122.817832946777,Low
2025-05-15 17:53:45_38.8178333333333_-122.762333333333,2025-05-15 17:53:45,0.26,2.07,38.8178333333333,-122.762333333333,Low
2025-05-15 17:53:03_36.3775_-120.9615,2025-05-15 17:53:03,1.1,10.19,36.3775,-120.9615,Low
2025-05-15 17:51:34_38.756_-122.730833333333,2025-05-15 17:51:34,0.51,1.77,38.756,-122.730833333333,Low
2025-05-15 17:47:49_35.3553333_-117.7978333,2025-05-15 17:47:49,0.68,7.48,35.3553333,-117.7978333,Low
2025-05-15 17:47:15_35.3233333_-117.816,2025-05-15 17:47:15,0.97,9.74,35.3233333,-117.816,Low
2025-05-15 17:45:04_33.5343333_-116.7186667,2025-05-15 17:45:04,0.21,5.24,33.5343333,-116.7186667,Low
2025-05-15 17:33:37_37.8063333333333_-122.061666666667,2025-05-15 17:33:37,2.19,6.65,37.8063333333333,-122.061666666667,Low
2025-05-15 17:15:52_34.0545_-116.3653333,2025-05-15 17:15:52,0.14,5.8,34.0545,-116.3653333,Low
2025-05-15 17:03:00_38.8408317565918_-122.839668273926,2025-05-15 17:03:00,1.1,1.95000004768372,38.8408317565918,-122.839668273926,Low
2025-05-15 16:18:35_38.816333770752_-122.825164794922,2025-05-15 16:18:35,0.76,2.65000009536743,38.816333770752,-122.825164794922,Low
2025-05-15 16:15:34_38.8413314819336_-122.839500427246,2025-05-15 16:15:34,0.67,1.85000002384186,38.8413314819336,-122.839500427246,Low
2025-05-15 16:13:31_38.8406677246094_-122.839500427246,2025-05-15 16:13:31,1.06,1.91999995708466,38.8406677246094,-122.839500427246,Low
2025-05-15 15:52:09_41.1151_-116.7381,2025-05-15 15:52:09,2.2,7.5,41.1151,-116.7381,Low
2025-05-15 15:46:25_38.8233337402344_-122.800666809082,2025-05-15 15:46:25,1.1,2.60999989509583,38.8233337402344,-122.800666809082,Low
2025-05-15 15:24:09_33.2708333_-116.4266667,2025-05-15 15:24:09,0.79,5.32,33.2708333,-116.4266667,Low
2025-05-15 15:20:56_33.4945_-116.4871667,2025-05-15 15:20:56,0.58,12.85,33.4945,-116.4871667,Low
2025-05-15 15:17:46_32.9803333_-116.394,2025-05-15 15:17:46,0.94,4.52,32.9803333,-116.394,Low
2025-05-15 15:10:00_32.9798333_-116.3963333,2025-05-15 15:10:00,1.26,3.91,32.9798333,-116.3963333,Low
2025-05-15 15:05:55_38.8219985961914_-122.809501647949,2025-05-15 15:05:55,0.72,3.03999996185303,38.8219985961914,-122.809501647949,Low
2025-05-15 15:00:20_36.602_-121.226833333333,2025-05-15 15:00:20,0.7,8.52,36.602,-121.226833333333,Low
2025-05-15 14:51:44_39.0613_-119.0191,2025-05-15 14:51:44,1.2,6.4,39.0613,-119.0191,Low
2025-05-15 14:47:39_35.6406667_-117.4593333,2025-05-15 14:47:39,0.77,5.88,35.6406667,-117.4593333,Low
2025-05-15 14:42:48_38.7750015258789_-122.718002319336,2025-05-15 14:42:48,0.52,2.34999990463257,38.7750015258789,-122.718002319336,Low
2025-05-15 14:29:23_37.6363333333333_-119.018166666667,2025-05-15 14:29:23,0.49,-1.4,37.6363333333333,-119.018166666667,Low
2025-05-15 14:29:07_37.6328333333333_-119.016166666667,2025-05-15 14:29:07,0.48,-0.4,37.6328333333333,-119.016166666667,Low
2025-05-15 14:21:39_38.7773323059082_-122.747329711914,2025-05-15 14:21:39,0.81,4.09000015258789,38.7773323059082,-122.747329711914,Low
2025-05-15 14:19:11_38.8356666666667_-122.786166666667,2025-05-15 14:19:11,0.36,2.08,38.8356666666667,-122.786166666667,Low
2025-05-15 14:14:18_37.4865_-121.4915,2025-05-15 14:14:18,1.35,6.09,37.4865,-121.4915,Low
2025-05-15 14:06:52_38.8408317565918_-122.837501525879,2025-05-15 14:06:52,0.75,1.70000004768372,38.8408317565918,-122.837501525879,Low
2025-05-15 14:03:01_35.6261667_-117.4581667,2025-05-15 14:03:01,0.81,10.82,35.6261667,-117.4581667,Low
2025-05-15 13:53:13_35.6273333_-117.4628333,2025-05-15 13:53:13,0.71,9.76,35.6273333,-117.4628333,Low
2025-05-15 13:52:32_35.6235_-117.4655,2025-05-15 13:52:32,0.73,9.14,35.6235,-117.4655,Low
2025-05-15 13:52:13_33.269_-116.4185,2025-05-15 13:52:13,0.55,5.13,33.269,-116.4185,Low
2025-05-15 13:45:01_38.8141670227051_-122.818336486816,2025-05-15 13:45:01,0.77,1.41999995708466,38.8141670227051,-122.818336486816,Low
2025-05-15 13:19:25_38.8368339538574_-122.789833068848,2025-05-15 13:19:25,0.7,1.95000004768372,38.8368339538574,-122.789833068848,Low
2025-05-15 13:15:37_33.5831667_-116.756,2025-05-15 13:15:37,0.8,12.28,33.5831667,-116.756,Low
2025-05-15 13:05:50_37.7216666666667_-122.541833333333,2025-05-15 13:05:50,1.51,7.72,37.7216666666667,-122.541833333333,Low
2025-05-15 12:38:14_41.1864_-116.7329,2025-05-15 12:38:14,3.5,6.3,41.1864,-116.7329,Low
2025-05-15 12:36:34_41.2382_-116.7282,2025-05-15 12:36:34,3.8,5.8,41.2382,-116.7282,Low
2025-05-15 12:35:08_44.5658333333333_-114.278833333333,2025-05-15 12:35:08,1.86,4.47,44.5658333333333,-114.278833333333,Low
2025-05-15 12:23:03_33.5816667_-116.7561667,2025-05-15 12:23:03,0.93,12.71,33.5816667,-116.7561667,Low
2025-05-15 12:22:34_38.7681655883789_-122.727668762207,2025-05-15 12:22:34,0.74,1.0900000333786,38.7681655883789,-122.727668762207,Low
2025-05-15 12:21:18_38.9945_-111.409666666667,2025-05-15 12:21:18,1.26,-1.86,38.9945,-111.409666666667,Low
2025-05-15 12:16:18_38.837_-122.797,2025-05-15 12:16:18,0.34,2.32,38.837,-122.797,Low
2025-05-15 12:15:13_35.6783333_-117.4818333,2025-05-15 12:15:13,1.09,5.9,35.6783333,-117.4818333,Low
2025-05-15 12:08:24_33.998_-116.8088333,2025-05-15 12:08:24,0.74,12.67,33.998,-116.8088333,Low
2025-05-15 11:57:20_38.7993316650391_-122.736167907715,2025-05-15 11:57:20,1.13,0.379999995231628,38.7993316650391,-122.736167907715,Low
2025-05-15 11:21:14_33.5806667_-116.7561667,2025-05-15 11:21:14,1.04,12.59,33.5806667,-116.7561667,Low
2025-05-15 10:52:54_38.8033332824707_-122.81600189209,2025-05-15 10:52:54,0.44,3.0699999332428,38.8033332824707,-122.81600189209,Low
2025-05-15 10:47:27_38.8026657104492_-122.81600189209,2025-05-15 10:47:27,1.5,2.94000005722046,38.8026657104492,-122.81600189209,Low
2025-05-15 10:33:08_34.1856667_-117.2928333,2025-05-15 10:33:08,0.84,1.73,34.1856667,-117.2928333,Low
2025-05-15 10:29:53_38.8333333333333_-122.792833333333,2025-05-15 10:29:53,0.32,2.16,38.8333333333333,-122.792833333333,Low
2025-05-15 10:29:13_38.8325004577637_-122.796333312988,2025-05-15 10:29:13,0.97,2.28999996185303,38.8325004577637,-122.796333312988,Low
2025-05-15 10:19:16_44.5631666666667_-114.2825,2025-05-15 10:19:16,2.07,7.25,44.5631666666667,-114.2825,Low
2025-05-15 10:07:34_38.5203333333333_-119.504,2025-05-15 10:07:34,2.39,6.21,38.5203333333333,-119.504,Low
2025-05-15 09:59:31_34.034_-117.2551667,2025-05-15 09:59:31,1.51,15.07,34.034,-117.2551667,Low
2025-05-15 09:52:48_39.7599_-119.2919,2025-05-15 09:52:48,1.9,10.9,39.7599,-119.2919,Low
2025-05-15 09:37:57_37.7046_-116.0022,2025-05-15 09:37:57,1.8,13.8,37.7046,-116.0022,Low
2025-05-15 09:26:51_38.814998626709_-122.82250213623,2025-05-15 09:26:51,0.76,2.38000011444092,38.814998626709,-122.82250213623,Low
2025-05-15 09:25:49_34.089_-118.197,2025-05-15 09:25:49,1.11,10.44,34.089,-118.197,Low
2025-05-15 09:15:18_44.5603_-114.2873,2025-05-15 09:15:18,3,13.642,44.5603,-114.2873,Low
2025-05-15 09:06:21_35.9678333333333_-120.511666666667,2025-05-15 09:06:21,0.37,2.79,35.9678333333333,-120.511666666667,Low
2025-05-15 09:00:38_36.7439_-116.3009,2025-05-15 09:00:38,-0.2,8,36.7439,-116.3009,Low
2025-05-15 08:59:38_34.1003333_-118.1876667,2025-05-15 08:59:38,1.42,9.59,34.1003333,-118.1876667,Low
2025-05-15 08:56:03_40.3421666666667_-124.5295,2025-05-15 08:56:03,2.74,25.44,40.3421666666667,-124.5295,Low
2025-05-15 08:45:47_36.5745_-121.1655,2025-05-15 08:45:47,1.13,3.91,36.5745,-121.1655,Low
2025-05-15 08:42:57_38.8353333333333_-122.797833333333,2025-05-15 08:42:57,0.38,2.5,38.8353333333333,-122.797833333333,Low
2025-05-15 08:42:26_37.5796666666667_-121.583833333333,2025-05-15 08:42:26,1.15,9.9,37.5796666666667,-121.583833333333,Low
2025-05-15 08:40:57_39.401_-120.251166666667,2025-05-15 08:40:57,2.39,10.02,39.401,-120.251166666667,Low
2025-05-15 08:28:54_38.7596666666667_-122.728833333333,2025-05-15 08:28:54,0.3,2.25,38.7596666666667,-122.728833333333,Low
2025-05-15 08:10:44_38.1681_-117.8223,2025-05-15 08:10:44,1.8,10.3,38.1681,-117.8223,Low
2025-05-15 07:54:07_38.8358333333333_-122.8165,2025-05-15 07:54:07,0.02,1.88,38.8358333333333,-122.8165,Low
2025-05-15 07:47:40_36.1495_-120.297,2025-05-15 07:47:40,1.7,12.87,36.1495,-120.297,Low
2025-05-15 07:46:45_38.801_-122.78,2025-05-15 07:46:45,0.28,3.77,38.801,-122.78,Low
2025-05-15 07:33:32_38.8193321228027_-122.766670227051,2025-05-15 07:33:32,0.71,2.65000009536743,38.8193321228027,-122.766670227051,Low
2025-05-15 07:27:23_34.1028333_-116.9846667,2025-05-15 07:27:23,0.86,4.33,34.1028333,-116.9846667,Low
2025-05-15 07:20:52_35.3221667_-118.5761667,2025-05-15 07:20:52,2.13,3.57,35.3221667,-118.5761667,Low
2025-05-15 07:15:03_38.8296661376953_-122.799003601074,2025-05-15 07:15:03,0.21,2.54999995231628,38.8296661376953,-122.799003601074,Low
2025-05-15 07:00:20_40.2978333333333_-124.363333333333,2025-05-15 07:00:20,1.49,7.66,40.2978333333333,-124.363333333333,Low
2025-05-15 06:54:16_40.0366666666667_-123.775666666667,2025-05-15 06:54:16,1.62,18.86,40.0366666666667,-123.775666666667,Low
2025-05-15 06:41:58_33.5521667_-116.669,2025-05-15 06:41:58,1.2,9.94,33.5521667,-116.669,Low
2025-05-15 06:37:33_36.7402_-116.2065,2025-05-15 06:37:33,-0.1,6.4,36.7402,-116.2065,Low
2025-05-15 05:55:18_33.1663333_-116.5326667,2025-05-15 05:55:18,1.22,15.06,33.1663333,-116.5326667,Low
2025-05-15 05:54:08_33.1686667_-116.3911667,2025-05-15 05:54:08,0.88,4.67,33.1686667,-116.3911667,Low
2025-05-15 05:37:24_35.9558333333333_-120.497166666667,2025-05-15 05:37:24,0.49,5.09,35.9558333333333,-120.497166666667,Low
2025-05-15 05:27:55_38.8296661376953_-122.853668212891,2025-05-15 05:27:55,0.45,2.44000005722046,38.8296661376953,-122.853668212891,Low
2025-05-15 05:15:17_36.1378333333333_-120.245333333333,2025-05-15 05:15:17,2.7,11.06,36.1378333333333,-120.245333333333,Low
2025-05-15 05:14:31_39.4965_-119.5418,2025-05-15 05:14:31,1.3,15.8,39.4965,-119.5418,Low
2025-05-15 05:12:09_34.1523333_-118.3576667,2025-05-15 05:12:09,1.66,16.05,34.1523333,-118.3576667,Low
2025-05-15 05:11:05_34.1523333_-118.3575,2025-05-15 05:11:05,1.93,16.2,34.1523333,-118.3575,Low
2025-05-15 05:06:57_35.6396667_-117.4631667,2025-05-15 05:06:57,1.13,4.8,35.6396667,-117.4631667,Low
2025-05-15 04:54:36_33.8308333_-116.959,2025-05-15 04:54:36,0.95,17.4,33.8308333,-116.959,Low
2025-05-15 04:53:58_38.8361663818359_-122.793334960938,2025-05-15 04:53:58,1.63,1.98000001907349,38.8361663818359,-122.793334960938,Low
2025-05-15 04:38:22_38.8053333333333_-122.782,2025-05-15 04:38:22,-0.02,2.89,38.8053333333333,-122.782,Low
2025-05-15 04:35:24_38.8386666666667_-122.783833333333,2025-05-15 04:35:24,0.3,1.62,38.8386666666667,-122.783833333333,Low
2025-05-15 04:17:24_34.1195_-116.9686667,2025-05-15 04:17:24,0.89,5.98,34.1195,-116.9686667,Low
2025-05-15 03:53:47_37.6525_-121.673666666667,2025-05-15 03:53:47,1.22,3.13,37.6525,-121.673666666667,Low
2025-05-15 03:38:30_38.8194999694824_-122.763000488281,2025-05-15 03:38:30,0.29,2.54999995231628,38.8194999694824,-122.763000488281,Low
2025-05-15 03:29:31_38.8201675415039_-122.766502380371,2025-05-15 03:29:31,1.22,1.88999998569489,38.8201675415039,-122.766502380371,Low
2025-05-15 03:00:31_38.8408317565918_-122.822166442871,2025-05-15 03:00:31,0.76,1.57000005245209,38.8408317565918,-122.822166442871,Low
2025-05-15 03:00:04_38.8061666666667_-122.797166666667,2025-05-15 03:00:04,0.52,3.27,38.8061666666667,-122.797166666667,Low
2025-05-15 02:50:20_40.4162_-125.9044,2025-05-15 02:50:20,2.5,10,40.4162,-125.9044,Low
2025-05-15 02:37:18_38.7891654968262_-122.75,2025-05-15 02:37:18,1.08,0.430000007152557,38.7891654968262,-122.75,Low
2025-05-15 02:06:40_38.8209991455078_-122.840835571289,2025-05-15 02:06:40,0.69,2.00999999046326,38.8209991455078,-122.840835571289,Low
2025-05-15 02:02:13_33.7233333_-117.3396667,2025-05-15 02:02:13,0.93,-0.54,33.7233333,-117.3396667,Low
2025-05-15 01:50:13_38.8191680908203_-122.822334289551,2025-05-15 01:50:13,1.65,2.39000010490417,38.8191680908203,-122.822334289551,Low
2025-05-15 01:40:09_39.3549_-119.9947,2025-05-15 01:40:09,1.1,6.5,39.3549,-119.9947,Low
2025-05-15 01:30:20_38.8120002746582_-122.804832458496,2025-05-15 01:30:20,0.92,2.20000004768372,38.8120002746582,-122.804832458496,Low
2025-05-15 01:18:00_34.15_-118.3545,2025-05-15 01:18:00,1.41,17.32,34.15,-118.3545,Low
2025-05-15 01:16:59_33.0623333_-116.6075,2025-05-15 01:16:59,1,12.89,33.0623333,-116.6075,Low
2025-05-15 01:13:32_44.592166666666664_-121.42866666666667,2025-05-15 01:13:32,1.3800000000000001,3.25,44.592166666666664,-121.42866666666667,Low
2025-05-15 01:06:18_34.1755_-117.9268333,2025-05-15 01:06:18,0.68,-0.91,34.1755,-117.9268333,Low
2025-05-15 00:57:42_33.9263333_-116.9216667,2025-05-15 00:57:42,0.87,9.71,33.9263333,-116.9216667,Low
2025-05-15 00:45:24_37.6316666666667_-119.028833333333,2025-05-15 00:45:24,0.39,-2.84,37.6316666666667,-119.028833333333,Low
2025-05-15 00:43:02_38.8386666666667_-122.7835,2025-05-15 00:43:02,0.15,1.69,38.8386666666667,-122.7835,Low
2025-05-15 00:13:12_33.962_-117.1576667,2025-05-15 00:13:12,0.81,17.12,33.962,-117.1576667,Low
2025-05-15 00:04:25_39.0619_-119.0076,2025-05-15 00:04:25,1.2,2.1,39.0619,-119.0076,Low
2025-05-14 23:56:32_38.8219985961914_-122.804000854492,2025-05-14 23:56:32,0.74,3.28999996185303,38.8219985961914,-122.804000854492,Low
2025-05-14 23:51:58_39.0684_-119.0136,2025-05-14 23:51:58,1.3,5.7,39.0684,-119.0136,Low
2025-05-14 23:44:05_38.8279991149902_-122.801170349121,2025-05-14 23:44:05,0.71,2.1800000667572,38.8279991149902,-122.801170349121,Low
2025-05-14 23:36:02_38.7835_-122.732333333333,2025-05-14 23:36:02,0.47,1.84,38.7835,-122.732333333333,Low
2025-05-14 23:28:17_36.1505_-120.295333333333,2025-05-14 23:28:17,1.4,12.06,36.1505,-120.295333333333,Low
2025-05-14 23:17:02_38.7936668395996_-122.77116394043,2025-05-14 23:17:02,0.77,3.89000010490417,38.7936668395996,-122.77116394043,Low
2025-05-14 23:15:37_38.8025016784668_-122.780502319336,2025-05-14 23:15:37,1.16,-0.540000021457672,38.8025016784668,-122.780502319336,Low
2025-05-14 23:05:38_38.2456_-118.508,2025-05-14 23:05:38,1.3,7.3,38.2456,-118.508,Low
2025-05-14 23:04:39_38.7443333333333_-122.703166666667,2025-05-14 23:04:39,1.22,1.34,38.7443333333333,-122.703166666667,Low
2025-05-14 23:00:11_33.1738333_-116.3803333,2025-05-14 23:00:11,0.16,3.27,33.1738333,-116.3803333,Low
2025-05-14 22:54:55_38.8281666666667_-122.812333333333,2025-05-14 22:54:55,0.26,2.6,38.8281666666667,-122.812333333333,Low
2025-05-14 22:00:32_33.1673333_-116.3936667,2025-05-14 22:00:32,1.23,6.75,33.1673333,-116.3936667,Low
2025-05-14 21:38:17_36.6465_-121.308833333333,2025-05-14 21:38:17,1.3,6.84,36.6465,-121.308833333333,Low
2025-05-14 21:05:29_35.2543333_-119.4328333,2025-05-14 21:05:29,2.01,1.16,35.2543333,-119.4328333,Low
2025-05-14 20:48:01_33.964_-118.2313333,2025-05-14 20:48:01,1.7,15.8,33.964,-118.2313333,Low
2025-05-14 20:39:33_41.2083_-116.7162,2025-05-14 20:39:33,2,7.8,41.2083,-116.7162,Low
2025-05-14 20:37:32_38.7961654663086_-122.778831481934,2025-05-14 20:37:32,1.29,3.38000011444092,38.7961654663086,-122.778831481934,Low
2025-05-14 20:32:10_34.2203333_-117.6211667,2025-05-14 20:32:10,1.15,4.59,34.2203333,-117.6211667,Low
2025-05-14 20:22:22_38.8358333333333_-122.781833333333,2025-05-14 20:22:22,0.42,2.2,38.8358333333333,-122.781833333333,Low
2025-05-14 20:02:39_38.8349990844727_-122.80883026123,2025-05-14 20:02:39,1.72,2.22000002861023,38.8349990844727,-122.80883026123,Low
2025-05-14 19:46:54_38.788501739502_-122.77766418457,2025-05-14 19:46:54,0.28,2.82999992370605,38.788501739502,-122.77766418457,Low
2025-05-14 19:36:06_36.6597_-116.2713,2025-05-14 19:36:06,0,6.3,36.6597,-116.2713,Low
2025-05-14 19:11:08_38.7853317260742_-122.775497436523,2025-05-14 19:11:08,1.32,3.39000010490417,38.7853317260742,-122.775497436523,Low
2025-05-14 19:02:18_41.153_-116.7412,2025-05-14 19:02:18,2.8,7.9,41.153,-116.7412,Low
2025-05-14 19:01:56_38.7845001220703_-122.77766418457,2025-05-14 19:01:56,1.11,3.27999997138977,38.7845001220703,-122.77766418457,Low
2025-05-14 18:56:30_38.7849998474121_-122.77449798584,2025-05-14 18:56:30,1.66,3.54999995231628,38.7849998474121,-122.77449798584,Low
2025-05-14 18:56:24_38.7853317260742_-122.774002075195,2025-05-14 18:56:24,2.04,3.3199999332428,38.7853317260742,-122.774002075195,Low
2025-05-14 18:53:32_38.8308334350586_-122.813835144043,2025-05-14 18:53:32,1.35,1.76999998092651,38.8308334350586,-122.813835144043,Low
2025-05-14 18:50:14_38.7859992980957_-122.774833679199,2025-05-14 18:50:14,0.7,3.50999999046326,38.7859992980957,-122.774833679199,Low
2025-05-14 18:39:54_38.7851676940918_-122.77466583252,2025-05-14 18:39:54,1.17,3.42000007629395,38.7851676940918,-122.77466583252,Low
2025-05-14 18:37:37_38.7863349914551_-122.776496887207,2025-05-14 18:37:37,0.78,3.66000008583069,38.7863349914551,-122.776496887207,Low
2025-05-14 18:21:43_41.3112_-116.5648,2025-05-14 18:21:43,2.1,3.9,41.3112,-116.5648,Low
2025-05-14 18:21:26_41.216_-116.7146,2025-05-14 18:21:26,2.2,7.1,41.216,-116.7146,Low
2025-05-14 18:21:04_41.1673_-116.7146,2025-05-14 18:21:04,2.1,7.3,41.1673,-116.7146,Low
2025-05-14 18:05:18_41.2074_-116.7261,2025-05-14 18:05:18,3.9,7.6,41.2074,-116.7261,Low
2025-05-14 17:54:06_38.8359985351562_-122.789169311523,2025-05-14 17:54:06,0.68,1.75,38.8359985351562,-122.789169311523,Low
2025-05-14 17:36:15_34.0888333_-118.1928333,2025-05-14 17:36:15,1.06,10.79,34.0888333,-118.1928333,Low
2025-05-14 17:33:23_38.7908325195312_-122.734169006348,2025-05-14 17:33:23,1.52,1.42999994754791,38.7908325195312,-122.734169006348,Low
2025-05-14 17:32:09_41.217_-116.6817,2025-05-14 17:32:09,3,0,41.217,-116.6817,Low
2025-05-14 17:31:21_41.1797_-116.7457,2025-05-14 17:31:21,3,5.9,41.1797,-116.7457,Low
2025-05-14 17:06:45_33.8071667_-116.7758333,2025-05-14 17:06:45,0.63,13.58,33.8071667,-116.7758333,Low
2025-05-14 17:03:23_38.9975_-111.412833333333,2025-05-14 17:03:23,1.44,-2.78,38.9975,-111.412833333333,Low
2025-05-14 16:54:49_43.1911_-126.2861,2025-05-14 16:54:49,2.9,10,43.1911,-126.2861,Low
2025-05-14 16:09:53_43.65983333333333_-121.10916666666667,2025-05-14 16:09:53,0.71,0.92,43.65983333333333,-121.10916666666667,Low
2025-05-14 15:58:03_38.8371666666667_-122.780833333333,2025-05-14 15:58:03,0.28,2.32,38.8371666666667,-122.780833333333,Low
2025-05-14 15:36:41_33.2686667_-116.4273333,2025-05-14 15:36:41,1.02,4.68,33.2686667,-116.4273333,Low
2025-05-14 15:32:16_38.7986679077148_-122.798164367676,2025-05-14 15:32:16,0.4,1.33000004291534,38.7986679077148,-122.798164367676,Low
2025-05-14 15:28:48_38.8381652832031_-122.782501220703,2025-05-14 15:28:48,0.8,1.94000005722046,38.8381652832031,-122.782501220703,Low
2025-05-14 15:19:48_37.0591666666667_-121.475333333333,2025-05-14 15:19:48,0.81,10.94,37.0591666666667,-121.475333333333,Low
2025-05-14 15:15:47_38.7861666666667_-122.780333333333,2025-05-14 15:15:47,0.17,2.65,38.7861666666667,-122.780333333333,Low
2025-05-14 15:09:15_39.0066666666667_-111.404333333333,2025-05-14 15:09:15,1.46,-0.85,39.0066666666667,-111.404333333333,Low
2025-05-14 15:06:11_33.3411667_-116.3105,2025-05-14 15:06:11,0.83,12.94,33.3411667,-116.3105,Low
2025-05-14 14:52:48_38.168_-112.5575,2025-05-14 14:52:48,0.55,5.98,38.168,-112.5575,Low
2025-05-14 14:32:47_38.7878341674805_-122.74633026123,2025-05-14 14:32:47,1.04,1.9099999666214,38.7878341674805,-122.74633026123,Low
2025-05-14 14:16:28_35.355_-117.8033333,2025-05-14 14:16:28,0.99,7.24,35.355,-117.8033333,Low
2025-05-14 13:39:48_35.3091667_-118.6016667,2025-05-14 13:39:48,1.57,4.9,35.3091667,-118.6016667,Low
2025-05-14 13:24:44_34.1475_-117.2995,2025-05-14 13:24:44,2.23,9.46,34.1475,-117.2995,Low
2025-05-14 12:38:30_38.8176651000977_-122.808670043945,2025-05-14 12:38:30,0.57,3.1800000667572,38.8176651000977,-122.808670043945,Low
2025-05-14 12:38:01_38.8188323974609_-122.806831359863,2025-05-14 12:38:01,1.77,2.9300000667572,38.8188323974609,-122.806831359863,Low
2025-05-14 12:28:07_39.1536_-119.0655,2025-05-14 12:28:07,1.2,7.5,39.1536,-119.0655,Low
2025-05-14 11:55:04_37.8758333333333_-118.528666666667,2025-05-14 11:55:04,1.2,11.3,37.8758333333333,-118.528666666667,Low
2025-05-14 11:50:25_33.4996667_-116.4881667,2025-05-14 11:50:25,1.2,12.2,33.4996667,-116.4881667,Low
2025-05-14 11:38:01_35.2586667_-118.5331667,2025-05-14 11:38:01,1.54,6.2,35.2586667,-118.5331667,Low
2025-05-14 11:27:47_38.8043327331543_-122.78466796875,2025-05-14 11:27:47,0.77,3.29999995231628,38.8043327331543,-122.78466796875,Low
2025-05-14 11:15:13_37.5655_-121.830833333333,2025-05-14 11:15:13,0.65,8.71,37.5655,-121.830833333333,Low
2025-05-14 10:50:41_38.8385_-122.809833333333,2025-05-14 10:50:41,0.33,2.43,38.8385,-122.809833333333,Low
2025-05-14 10:50:25_40.2898333333333_-124.431833333333,2025-05-14 10:50:25,1.89,9.34,40.2898333333333,-124.431833333333,Low
2025-05-14 10:45:08_38.8310012817383_-122.818832397461,2025-05-14 10:45:08,0.76,1.8400000333786,38.8310012817383,-122.818832397461,Low
2025-05-14 10:42:11_33.3528333_-116.3566667,2025-05-14 10:42:11,1.06,12.57,33.3528333,-116.3566667,Low
2025-05-14 10:34:52_33.8713333_-116.8446667,2025-05-14 10:34:52,0.88,14.02,33.8713333,-116.8446667,Low
2025-05-14 09:43:16_40.9771666666667_-123.733166666667,2025-05-14 09:43:16,2.52,28.12,40.9771666666667,-123.733166666667,Low
2025-05-14 09:11:22_38.8381666666667_-122.781333333333,2025-05-14 09:11:22,0.29,2.53,38.8381666666667,-122.781333333333,Low
2025-05-14 09:07:58_44.1948333333333_-115.117833333333,2025-05-14 09:07:58,2.03,5.3,44.1948333333333,-115.117833333333,Low
2025-05-14 08:54:12_37.0391666666667_-121.4925,2025-05-14 08:54:12,0.69,7.86,37.0391666666667,-121.4925,Low
2025-05-14 08:44:51_44.1701666666667_-115.11,2025-05-14 08:44:51,1.61,10,44.1701666666667,-115.11,Low
2025-05-14 08:43:22_38.8018333333333_-122.783333333333,2025-05-14 08:43:22,0.34,3.51,38.8018333333333,-122.783333333333,Low
2025-05-14 08:35:54_38.8338333333333_-122.797833333333,2025-05-14 08:35:54,0.42,2.51,38.8338333333333,-122.797833333333,Low
2025-05-14 08:35:31_37.4781666666667_-121.829166666667,2025-05-14 08:35:31,1.13,7.09,37.4781666666667,-121.829166666667,Low
2025-05-14 08:34:50_38.8363333333333_-122.799333333333,2025-05-14 08:34:50,0.35,2.29,38.8363333333333,-122.799333333333,Low
2025-05-14 08:31:39_44.1891666666667_-115.113,2025-05-14 08:31:39,1.48,5.65,44.1891666666667,-115.113,Low
2025-05-14 08:17:17_38.8251647949219_-122.852333068848,2025-05-14 08:17:17,0.7,2.50999999046326,38.8251647949219,-122.852333068848,Low
2025-05-14 08:14:23_44.1692_-115.125,2025-05-14 08:14:23,2.4,3.778,44.1692,-115.125,Low
2025-05-14 08:08:09_38.8019981384277_-122.822334289551,2025-05-14 08:08:09,0.78,3,38.8019981384277,-122.822334289551,Low
2025-05-14 08:03:11_35.3313333_-117.8103333,2025-05-14 08:03:11,1.77,6.76,35.3313333,-117.8103333,Low
2025-05-14 07:09:22_36.9765_-121.630333333333,2025-05-14 07:09:22,0.87,4.36,36.9765,-121.630333333333,Low
2025-05-14 06:45:13_37.3321666666667_-122.203666666667,2025-05-14 06:45:13,0.97,8.59,37.3321666666667,-122.203666666667,Low
2025-05-14 06:21:48_38.8106651306152_-122.820335388184,2025-05-14 06:21:48,0.75,2.79999995231628,38.8106651306152,-122.820335388184,Low
2025-05-14 06:20:55_38.7976684570312_-122.784164428711,2025-05-14 06:20:55,1.28,3.32999992370605,38.7976684570312,-122.784164428711,Low
2025-05-14 05:47:12_38.761_-122.729166666667,2025-05-14 05:47:12,0.33,2.51,38.761,-122.729166666667,Low
2025-05-14 05:36:40_34.0005_-116.2813333,2025-05-14 05:36:40,1.54,7.37,34.0005,-116.2813333,Low
2025-05-14 05:29:16_33.9036667_-118.03,2025-05-14 05:29:16,0.84,11.51,33.9036667,-118.03,Low
2025-05-14 05:19:26_39.5303_-119.629,2025-05-14 05:19:26,1.6,1.8,39.5303,-119.629,Low
2025-05-14 05:18:55_36.2983333333333_-120.870833333333,2025-05-14 05:18:55,0.91,6.39,36.2983333333333,-120.870833333333,Low
2025-05-14 04:47:13_38.787166595459_-122.766998291016,2025-05-14 04:47:13,0.95,2.63000011444092,38.787166595459,-122.766998291016,Low
2025-05-14 04:44:40_44.9165_-122.58683333333333,2025-05-14 04:44:40,1.67,16.12,44.9165,-122.58683333333333,Low
2025-05-14 04:13:48_33.4741667_-116.5043333,2025-05-14 04:13:48,1.29,12.14,33.4741667,-116.5043333,Low
2025-05-14 04:08:10_39.5616_-119.5034,2025-05-14 04:08:10,1.3,5.4,39.5616,-119.5034,Low
2025-05-14 04:03:27_38.7651672363281_-122.739501953125,2025-05-14 04:03:27,0.8,1.69000005722046,38.7651672363281,-122.739501953125,Low
2025-05-14 03:47:56_37.2449_-117.5608,2025-05-14 03:47:56,1.4,12.9,37.2449,-117.5608,Low
2025-05-14 03:30:03_37.0575_-121.4825,2025-05-14 03:30:03,1.09,7.66,37.0575,-121.4825,Low
2025-05-14 03:11:13_36.2208333333333_-120.806166666667,2025-05-14 03:11:13,1.06,8,36.2208333333333,-120.806166666667,Low
2025-05-14 02:50:56_38.8219985961914_-122.811668395996,2025-05-14 02:50:56,1.41,2.78999996185303,38.8219985961914,-122.811668395996,Low
2025-05-14 02:50:36_34.5496667_-118.1565,2025-05-14 02:50:36,1.56,5.07,34.5496667,-118.1565,Low
2025-05-14 02:32:44_38.8245010375977_-122.806503295898,2025-05-14 02:32:44,1.25,-0.639999985694885,38.8245010375977,-122.806503295898,Low
2025-05-14 01:58:11_33.5738333_-116.7558333,2025-05-14 01:58:11,1.47,13.33,33.5738333,-116.7558333,Low
2025-05-14 01:58:09_33.5835_-116.7576667,2025-05-14 01:58:09,1.28,12.74,33.5835,-116.7576667,Low
2025-05-14 01:53:38_38.8129997253418_-122.825996398926,2025-05-14 01:53:38,0.26,2.26999998092651,38.8129997253418,-122.825996398926,Low
2025-05-14 01:51:23_33.2035_-116.9646667,2025-05-14 01:51:23,1.78,18.29,33.2035,-116.9646667,Low
2025-05-14 01:44:50_33.3291667_-116.3,2025-05-14 01:44:50,1.5,11.01,33.3291667,-116.3,Low
2025-05-14 01:38:39_37.2954_-117.5834,2025-05-14 01:38:39,1.5,7.8,37.2954,-117.5834,Low
2025-05-14 01:28:43_35.0576667_-118.3343333,2025-05-14 01:28:43,1.17,-0.98,35.0576667,-118.3343333,Low
2025-05-14 01:14:14_33.2743333_-116.4213333,2025-05-14 01:14:14,1.06,5.85,33.2743333,-116.4213333,Low
2025-05-14 00:57:46_38.7975006103516_-122.752502441406,2025-05-14 00:57:46,0.34,2.35999989509583,38.7975006103516,-122.752502441406,Low
2025-05-14 00:46:02_38.787166595459_-122.767501831055,2025-05-14 00:46:02,1.81,1.72000002861023,38.787166595459,-122.767501831055,Low
2025-05-14 00:36:04_38.9936666666667_-111.409666666667,2025-05-14 00:36:04,1.25,-0.58,38.9936666666667,-111.409666666667,Low
2025-05-14 00:20:12_33.7176667_-116.8386667,2025-05-14 00:20:12,0.99,14.33,33.7176667,-116.8386667,Low
2025-05-13 23:48:48_33.5875_-116.7511667,2025-05-13 23:48:48,0.45,11.88,33.5875,-116.7511667,Low
2025-05-13 23:48:35_33.5843333_-116.751,2025-05-13 23:48:35,1.07,12.36,33.5843333,-116.751,Low
2025-05-13 23:38:05_36.8955_-121.619833333333,2025-05-13 23:38:05,1.58,-0.12,36.8955,-121.619833333333,Low
2025-05-13 23:00:59_39.0551_-118.5598,2025-05-13 23:00:59,1.6,14.1,39.0551,-118.5598,Low
2025-05-13 22:20:43_38.8256683349609_-122.804336547852,2025-05-13 22:20:43,0.56,1.53999996185303,38.8256683349609,-122.804336547852,Low
2025-05-13 22:19:37_38.8256683349609_-122.80583190918,2025-05-13 22:19:37,1.1,1.35000002384186,38.8256683349609,-122.80583190918,Low
2025-05-13 22:15:08_33.2306667_-116.7328333,2025-05-13 22:15:08,0.82,11.09,33.2306667,-116.7328333,Low
2025-05-13 22:14:06_38.8103332519531_-122.827835083008,2025-05-13 22:14:06,1.18,2.09999990463257,38.8103332519531,-122.827835083008,Low
2025-05-13 21:44:38_38.8001670837402_-122.776496887207,2025-05-13 21:44:38,1.05,3.29999995231628,38.8001670837402,-122.776496887207,Low
2025-05-13 21:01:37_38.825_-122.810333333333,2025-05-13 21:01:37,-0.22,2.83,38.825,-122.810333333333,Low
2025-05-13 20:56:05_33.5896667_-116.7493333,2025-05-13 20:56:05,0.81,11.49,33.5896667,-116.7493333,Low
2025-05-13 20:55:34_33.4771667_-116.4993333,2025-05-13 20:55:34,1.09,12.5,33.4771667,-116.4993333,Low
2025-05-13 20:28:50_38.8170013427734_-122.794998168945,2025-05-13 20:28:50,0.76,2.63000011444092,38.8170013427734,-122.794998168945,Low
2025-05-13 20:28:00_34.0505_-116.3596667,2025-05-13 20:28:00,0.95,4.73,34.0505,-116.3596667,Low
2025-05-13 20:06:25_38.7956657409668_-122.765998840332,2025-05-13 20:06:25,0.75,3.60999989509583,38.7956657409668,-122.765998840332,Low
2025-05-13 18:49:29_37.8081666666667_-122.051333333333,2025-05-13 18:49:29,0.7,4.08,37.8081666666667,-122.051333333333,Low
2025-05-13 18:31:48_38.8241653442383_-122.844497680664,2025-05-13 18:31:48,0.42,1.66999995708466,38.8241653442383,-122.844497680664,Low
2025-05-13 18:27:00_38.8361663818359_-122.782333374023,2025-05-13 18:27:00,0.69,1.77999997138977,38.8361663818359,-122.782333374023,Low
2025-05-13 18:25:24_40.5008333333333_-124.434833333333,2025-05-13 18:25:24,1.69,17.67,40.5008333333333,-124.434833333333,Low
2025-05-13 18:10:51_33.374_-116.8643333,2025-05-13 18:10:51,0.71,8.77,33.374,-116.8643333,Low
2025-05-13 17:51:15_36.0493333333333_-120.619833333333,2025-05-13 17:51:15,0.8,-0.6,36.0493333333333,-120.619833333333,Low
2025-05-13 17:39:55_36.6868333333333_-121.322333333333,2025-05-13 17:39:55,1.45,3.98,36.6868333333333,-121.322333333333,Low
2025-05-13 17:36:45_38.8026657104492_-122.780502319336,2025-05-13 17:36:45,1.06,2.92000007629395,38.8026657104492,-122.780502319336,Low
2025-05-13 17:09:58_38.8245010375977_-122.812835693359,2025-05-13 17:09:58,1.33,2.02999997138977,38.8245010375977,-122.812835693359,Low
2025-05-13 16:55:32_38.7953333333333_-122.726666666667,2025-05-13 16:55:32,0.31,2.08,38.7953333333333,-122.726666666667,Low
2025-05-13 16:48:33_38.7955_-122.782166666667,2025-05-13 16:48:33,0.14,3.6,38.7955,-122.782166666667,Low
2025-05-13 16:29:13_38.8226661682129_-122.761833190918,2025-05-13 16:29:13,0.27,2.24000000953674,38.8226661682129,-122.761833190918,Low
2025-05-13 16:25:11_38.8311653137207_-122.810668945312,2025-05-13 16:25:11,1.05,1.85000002384186,38.8311653137207,-122.810668945312,Low
2025-05-13 16:09:08_33.3748333_-116.8501667,2025-05-13 16:09:08,0.64,10.44,33.3748333,-116.8501667,Low
2025-05-13 15:41:54_38.8155_-122.8105,2025-05-13 15:41:54,-0.32,0.66,38.8155,-122.8105,Low
2025-05-13 15:30:09_33.3443333_-116.9105,2025-05-13 15:30:09,0.65,15.17,33.3443333,-116.9105,Low
2025-05-13 15:08:56_33.913_-116.8683333,2025-05-13 15:08:56,1.55,11.15,33.913,-116.8683333,Low
2025-05-13 15:08:31_33.9726667_-117.2218333,2025-05-13 15:08:31,0.84,13.54,33.9726667,-117.2218333,Low
2025-05-13 14:45:55_38.4534_-116.4912,2025-05-13 14:45:55,1.3,0,38.4534,-116.4912,Low
2025-05-13 14:42:38_40.4608333333333_-121.594166666667,2025-05-13 14:42:38,1.42,8.28,40.4608333333333,-121.594166666667,Low
2025-05-13 14:40:15_33.3216667_-116.3923333,2025-05-13 14:40:15,1.08,12.46,33.3216667,-116.3923333,Low
2025-05-13 14:22:48_37.2177_-117.1176,2025-05-13 14:22:48,1.1,7.5,37.2177,-117.1176,Low
2025-05-13 13:59:37_38.8380012512207_-122.807662963867,2025-05-13 13:59:37,0.7,1.94000005722046,38.8380012512207,-122.807662963867,Low
2025-05-13 13:43:45_38.8361663818359_-122.789665222168,2025-05-13 13:43:45,0.78,1.57000005245209,38.8361663818359,-122.789665222168,Low
2025-05-13 13:20:11_38.8255004882812_-122.806663513184,2025-05-13 13:20:11,0.82,1.37999999523163,38.8255004882812,-122.806663513184,Low
2025-05-13 13:09:28_32.9645_-117.7145,2025-05-13 13:09:28,2.22,17.87,32.9645,-117.7145,Low
2025-05-13 13:06:32_39.3621_-119.9971,2025-05-13 13:06:32,-0.2,5.6,39.3621,-119.9971,Low
2025-05-13 13:04:20_39.3473_-119.996,2025-05-13 13:04:20,0.3,7.2,39.3473,-119.996,Low
2025-05-13 13:03:49_39.3485_-119.9958,2025-05-13 13:03:49,0.7,7,39.3485,-119.9958,Low
2025-05-13 12:57:39_38.779167175293_-122.724670410156,2025-05-13 12:57:39,1.21,1.39999997615814,38.779167175293,-122.724670410156,Low
2025-05-13 12:53:01_33.0713333_-116.6065,2025-05-13 12:53:01,0.82,12.16,33.0713333,-116.6065,Low
2025-05-13 12:36:06_34.0395_-117.2503333,2025-05-13 12:36:06,0.92,15.04,34.0395,-117.2503333,Low
2025-05-13 12:34:32_37.2173_-117.1191,2025-05-13 12:34:32,1.8,7.4,37.2173,-117.1191,Low
2025-05-13 12:07:25_38.7975006103516_-122.782501220703,2025-05-13 12:07:25,0.75,3.32999992370605,38.7975006103516,-122.782501220703,Low
2025-05-13 11:43:24_37.2174_-117.1202,2025-05-13 11:43:24,2.7,7.3,37.2174,-117.1202,Low
2025-05-13 11:34:12_38.7908325195312_-122.775497436523,2025-05-13 11:34:12,1.79,1.8400000333786,38.7908325195312,-122.775497436523,Low
2025-05-13 11:32:46_38.6875_-122.497333333333,2025-05-13 11:32:46,0.98,6.85,38.6875,-122.497333333333,Low
2025-05-13 11:13:29_33.3815_-116.9308333,2025-05-13 11:13:29,1.07,12.19,33.3815,-116.9308333,Low
2025-05-13 10:40:12_38.8178329467773_-122.81600189209,2025-05-13 10:40:12,1.3,2.24000000953674,38.8178329467773,-122.81600189209,Low
2025-05-13 10:36:10_38.8428344726562_-122.795997619629,2025-05-13 10:36:10,1.29,1.97000002861023,38.8428344726562,-122.795997619629,Low
2025-05-13 10:35:56_35.8815_-117.6991667,2025-05-13 10:35:56,1.08,5.03,35.8815,-117.6991667,Low
2025-05-13 10:32:32_38.820499420166_-122.823165893555,2025-05-13 10:32:32,0.87,2.5,38.820499420166,-122.823165893555,Low
2025-05-13 10:10:21_39.1264_-119.0612,2025-05-13 10:10:21,1.6,6.3,39.1264,-119.0612,Low
2025-05-13 09:55:45_33.5366667_-116.7283333,2025-05-13 09:55:45,0.04,6.14,33.5366667,-116.7283333,Low
2025-05-13 09:40:13_44.1996666666667_-115.115833333333,2025-05-13 09:40:13,1.62,0.36,44.1996666666667,-115.115833333333,Low
2025-05-13 09:26:39_38.8030014038086_-122.778999328613,2025-05-13 09:26:39,0.77,3.28999996185303,38.8030014038086,-122.778999328613,Low
2025-05-13 09:25:53_37.8731666666667_-122.216833333333,2025-05-13 09:25:53,2.25,7.05,37.8731666666667,-122.216833333333,Low
2025-05-13 09:24:13_34.188_-117.3798333,2025-05-13 09:24:13,1.29,12.56,34.188,-117.3798333,Low
2025-05-13 09:23:58_34.0966667_-116.4038333,2025-05-13 09:23:58,0.62,12.47,34.0966667,-116.4038333,Low
2025-05-13 08:55:14_35.3501667_-117.8156667,2025-05-13 08:55:14,1.29,8.8,35.3501667,-117.8156667,Low
2025-05-13 08:55:09_35.3538333_-117.8108333,2025-05-13 08:55:09,1.44,8.47,35.3538333,-117.8108333,Low
2025-05-13 08:32:07_37.4723333333333_-118.773166666667,2025-05-13 08:32:07,1.89,9.17,37.4723333333333,-118.773166666667,Low
2025-05-13 08:24:00_37.6051666666667_-121.754333333333,2025-05-13 08:24:00,0.81,5.13,37.6051666666667,-121.754333333333,Low
2025-05-13 08:22:30_45.3715_-121.69833333333334,2025-05-13 08:22:30,0.74,-0.99,45.3715,-121.69833333333334,Low
2025-05-13 08:02:49_34.2196667_-117.5241667,2025-05-13 08:02:49,0.82,9.62,34.2196667,-117.5241667,Low
2025-05-13 07:19:30_33.0688333_-116.6528333,2025-05-13 07:19:30,-0.2,9.63,33.0688333,-116.6528333,Low
2025-05-13 07:19:09_33.4743333_-116.5525,2025-05-13 07:19:09,0.55,11.92,33.4743333,-116.5525,Low
2025-05-13 07:18:16_45.032666666666664_-117.24533333333333,2025-05-13 07:18:16,2.13,6.86,45.032666666666664,-117.24533333333333,Low
2025-05-13 07:08:18_36.2791666666667_-120.8635,2025-05-13 07:08:18,2.52,9.5,36.2791666666667,-120.8635,Low
2025-05-13 06:55:52_38.82_-122.821,2025-05-13 06:55:52,0.32,2.57,38.82,-122.821,Low
2025-05-13 06:49:41_36.3748333333333_-120.953,2025-05-13 06:49:41,1.18,11.77,36.3748333333333,-120.953,Low
2025-05-13 06:47:59_36.3838333333333_-120.961333333333,2025-05-13 06:47:59,1.84,8.9,36.3838333333333,-120.961333333333,Low
2025-05-13 05:58:41_37.8095_-122.049833333333,2025-05-13 05:58:41,0.7,3.75,37.8095,-122.049833333333,Low
2025-05-13 05:25:56_35.9103333_-117.7411667,2025-05-13 05:25:56,1.09,8.14,35.9103333,-117.7411667,Low
2025-05-13 05:24:45_35.9093333_-117.7426667,2025-05-13 05:24:45,1.07,7.92,35.9093333,-117.7426667,Low
2025-05-13 05:14:14_38.804500579834_-122.846336364746,2025-05-13 05:14:14,0.82,-0.469999998807907,38.804500579834,-122.846336364746,Low
2025-05-13 05:13:40_35.9141667_-117.739,2025-05-13 05:13:40,1.55,8.89,35.9141667,-117.739,Low
2025-05-13 05:00:41_35.911_-117.74,2025-05-13 05:00:41,1.27,8.53,35.911,-117.74,Low
2025-05-13 04:50:36_38.1591_-117.8833,2025-05-13 04:50:36,2.2,8.6,38.1591,-117.8833,Low
2025-05-13 04:13:08_44.1831666666667_-115.111666666667,2025-05-13 04:13:08,1.46,5.66,44.1831666666667,-115.111666666667,Low
2025-05-13 03:59:34_38.8091659545898_-122.780334472656,2025-05-13 03:59:34,0.28,2.78999996185303,38.8091659545898,-122.780334472656,Low
2025-05-13 03:57:01_33.9706667_-116.8608333,2025-05-13 03:57:01,1.54,17.43,33.9706667,-116.8608333,Low
2025-05-13 03:35:32_44.1946666666667_-115.110833333333,2025-05-13 03:35:32,1.3,0.24,44.1946666666667,-115.110833333333,Low
2025-05-13 03:25:12_33.4946667_-116.4041667,2025-05-13 03:25:12,0.88,8.41,33.4946667,-116.4041667,Low
2025-05-13 03:19:04_33.271_-116.425,2025-05-13 03:19:04,1.12,5.84,33.271,-116.425,Low
2025-05-13 03:13:11_37.8073333333333_-122.061666666667,2025-05-13 03:13:11,1.63,5.05,37.8073333333333,-122.061666666667,Low
2025-05-13 02:55:57_38.8123321533203_-122.828834533691,2025-05-13 02:55:57,0.72,1.73000001907349,38.8123321533203,-122.828834533691,Low
2025-05-13 02:47:38_33.491_-116.4665,2025-05-13 02:47:38,0.96,4.49,33.491,-116.4665,Low
2025-05-13 02:28:16_33.2688333_-116.434,2025-05-13 02:28:16,2.12,4.84,33.2688333,-116.434,Low
2025-05-13 01:56:48_37.935_-122.324,2025-05-13 01:56:48,1.16,3.63,37.935,-122.324,Low
2025-05-13 01:55:31_38.7798333333333_-122.756833333333,2025-05-13 01:55:31,0.3,1.36,38.7798333333333,-122.756833333333,Low
2025-05-13 01:53:18_42.216_-111.393833333333,2025-05-13 01:53:18,1.99,0.34,42.216,-111.393833333333,Low
2025-05-13 01:49:10_33.703_-116.7148333,2025-05-13 01:49:10,0.91,17.21,33.703,-116.7148333,Low
2025-05-13 01:37:39_38.8424987792969_-122.880500793457,2025-05-13 01:37:39,0.37,2.32999992370605,38.8424987792969,-122.880500793457,Low
2025-05-13 01:37:16_38.8428344726562_-122.879837036133,2025-05-13 01:37:16,1.06,2.23000001907349,38.8428344726562,-122.879837036133,Low
2025-05-13 01:17:29_35.9091666666667_-120.5735,2025-05-13 01:17:29,0.66,10.63,35.9091666666667,-120.5735,Low
2025-05-13 01:06:17_36.9975_-119.805833333333,2025-05-13 01:06:17,1.88,-0.39,36.9975,-119.805833333333,Low
2025-05-13 01:05:39_33.3323333_-117.1355,2025-05-13 01:05:39,1.01,-0.51,33.3323333,-117.1355,Low
2025-05-13 01:03:17_33.8633333_-117.5013333,2025-05-13 01:03:17,1.17,-0.51,33.8633333,-117.5013333,Low
2025-05-13 00:53:04_38.8151666666667_-122.7865,2025-05-13 00:53:04,0.18,1.49,38.8151666666667,-122.7865,Low
2025-05-13 00:44:07_36.5886666666667_-121.176666666667,2025-05-13 00:44:07,1.5,8.62,36.5886666666667,-121.176666666667,Low
2025-05-13 00:34:35_38.8151664733887_-122.824165344238,2025-05-13 00:34:35,0.78,2.27999997138977,38.8151664733887,-122.824165344238,Low
2025-05-13 00:31:19_38.7538333333333_-122.714166666667,2025-05-13 00:31:19,0.37,1.84,38.7538333333333,-122.714166666667,Low
2025-05-13 00:30:46_38.8228333333333_-122.765666666667,2025-05-13 00:30:46,0.4,2.7,38.8228333333333,-122.765666666667,Low
2025-05-13 00:29:24_34.995_-118.1951667,2025-05-13 00:29:24,1.46,-1.17,34.995,-118.1951667,Low
2025-05-13 00:14:21_33.3996667_-116.3966667,2025-05-13 00:14:21,1.51,6.18,33.3996667,-116.3966667,Low
2025-05-13 00:12:28_38.8064994812012_-122.781669616699,2025-05-13 00:12:28,0.72,1.92999994754791,38.8064994812012,-122.781669616699,Low
2025-05-13 00:10:27_38.8306655883789_-122.819000244141,2025-05-13 00:10:27,1.05,1.54999995231628,38.8306655883789,-122.819000244141,Low
2025-05-13 00:00:55_32.8233333_-115.5996667,2025-05-13 00:00:55,1.54,15.15,32.8233333,-115.5996667,Low
2025-05-12 23:46:11_34.1751667_-117.43,2025-05-12 23:46:11,1.08,6.15,34.1751667,-117.43,Low
2025-05-12 23:28:07_38.8400001525879_-122.876663208008,2025-05-12 23:28:07,1.01,2.41000008583069,38.8400001525879,-122.876663208008,Low
2025-05-12 23:23:35_38.8388328552246_-122.810333251953,2025-05-12 23:23:35,0.72,1.86000001430511,38.8388328552246,-122.810333251953,Low
2025-05-12 22:22:08_34.0076667_-117.2213333,2025-05-12 22:22:08,1.13,16.56,34.0076667,-117.2213333,Low
2025-05-12 22:22:01_38.8266666666667_-122.855666666667,2025-05-12 22:22:01,0.75,2.19,38.8266666666667,-122.855666666667,Low
2025-05-12 22:15:58_38.7695_-122.727833333333,2025-05-12 22:15:58,0.25,1.3,38.7695,-122.727833333333,Low
2025-05-12 22:05:14_32.9963333_-116.232,2025-05-12 22:05:14,1.19,9.39,32.9963333,-116.232,Low
2025-05-12 21:47:30_38.7723350524902_-122.743835449219,2025-05-12 21:47:30,0.88,2.05999994277954,38.7723350524902,-122.743835449219,Low
2025-05-12 21:47:23_33.2886667_-116.253,2025-05-12 21:47:23,1.67,9.11,33.2886667,-116.253,Low
2025-05-12 21:41:38_38.8171653747559_-122.793830871582,2025-05-12 21:41:38,0.36,3.05999994277954,38.8171653747559,-122.793830871582,Low
2025-05-12 21:37:58_37.41_-121.7585,2025-05-12 21:37:58,0.99,3.56,37.41,-121.7585,Low
2025-05-12 21:36:44_38.8403333333333_-122.809833333333,2025-05-12 21:36:44,0.45,2.28,38.8403333333333,-122.809833333333,Low
2025-05-12 21:21:24_33.282_-116.2391667,2025-05-12 21:21:24,1.51,4.29,33.282,-116.2391667,Low
2025-05-12 21:09:24_38.7976666666667_-122.782333333333,2025-05-12 21:09:24,0.35,3.16,38.7976666666667,-122.782333333333,Low
2025-05-12 21:00:58_38.8351669311523_-122.816497802734,2025-05-12 21:00:58,0.78,1.91999995708466,38.8351669311523,-122.816497802734,Low
2025-05-12 20:58:28_37.8091666666667_-122.041666666667,2025-05-12 20:58:28,0.35,3.32,37.8091666666667,-122.041666666667,Low
2025-05-12 20:56:59_33.5288333_-116.7311667,2025-05-12 20:56:59,0.21,5.66,33.5288333,-116.7311667,Low
2025-05-12 20:44:28_38.7641666666667_-122.729666666667,2025-05-12 20:44:28,2.64,2.56,38.7641666666667,-122.729666666667,Low
2025-05-12 20:41:22_38.8125_-122.821833333333,2025-05-12 20:41:22,0.41,2.3,38.8125,-122.821833333333,Low
2025-05-12 20:39:35_38.84_-122.8375,2025-05-12 20:39:35,0.51,2.22,38.84,-122.8375,Low
2025-05-12 20:32:45_38.8363342285156_-122.798164367676,2025-05-12 20:32:45,0.23,2.03999996185303,38.8363342285156,-122.798164367676,Low
2025-05-12 20:32:29_38.8344993591309_-122.78466796875,2025-05-12 20:32:29,0.9,1.71000003814697,38.8344993591309,-122.78466796875,Low
2025-05-12 20:31:50_38.8403333333333_-122.8105,2025-05-12 20:31:50,0.48,2.07,38.8403333333333,-122.8105,Low
2025-05-12 20:31:09_38.8381652832031_-122.810836791992,2025-05-12 20:31:09,1.19,1.95000004768372,38.8381652832031,-122.810836791992,Low
2025-05-12 20:31:06_37.532_-118.834333333333,2025-05-12 20:31:06,1.74,5.25,37.532,-118.834333333333,Low
2025-05-12 19:56:57_38.7961654663086_-122.778167724609,2025-05-12 19:56:57,1.07,3.11999988555908,38.7961654663086,-122.778167724609,Low
2025-05-12 19:39:08_33.1361667_-116.6251667,2025-05-12 19:39:08,0.46,3.51,33.1361667,-116.6251667,Low
2025-05-12 19:29:51_33.3398333_-116.4275,2025-05-12 19:29:51,1.41,9.37,33.3398333,-116.4275,Low
2025-05-12 19:06:45_33.8398333_-117.0506667,2025-05-12 19:06:45,1.46,14.21,33.8398333,-117.0506667,Low
2025-05-12 18:58:25_38.8453330993652_-122.838500976562,2025-05-12 18:58:25,0.72,1.79999995231628,38.8453330993652,-122.838500976562,Low
2025-05-12 18:40:14_38.465_-116.4968,2025-05-12 18:40:14,1.7,7.1,38.465,-116.4968,Low
2025-05-12 18:29:40_33.2901667_-116.2345,2025-05-12 18:29:40,0.71,2.44,33.2901667,-116.2345,Low
2025-05-12 18:26:00_37.1683333333333_-121.611333333333,2025-05-12 18:26:00,0.77,3.49,37.1683333333333,-121.611333333333,Low
2025-05-12 18:24:21_38.8333333333333_-122.8205,2025-05-12 18:24:21,0.33,5.15,38.8333333333333,-122.8205,Low
2025-05-12 18:10:33_38.8206672668457_-122.76782989502,2025-05-12 18:10:33,0.87,1.4099999666214,38.8206672668457,-122.76782989502,Low
2025-05-12 17:36:32_36.8647_-117.806,2025-05-12 17:36:32,1.9,0,36.8647,-117.806,Low
2025-05-12 17:21:08_33.9528333_-115.9843333,2025-05-12 17:21:08,2.4,9.28,33.9528333,-115.9843333,Low
2025-05-12 17:19:39_38.8011666666667_-122.7765,2025-05-12 17:19:39,-0.02,4.5,38.8011666666667,-122.7765,Low
2025-05-12 17:16:50_38.8300018310547_-122.814002990723,2025-05-12 17:16:50,0.97,2.28999996185303,38.8300018310547,-122.814002990723,Low
2025-05-12 16:58:04_36.9648333333333_-121.681833333333,2025-05-12 16:58:04,1.08,6.14,36.9648333333333,-121.681833333333,Low
2025-05-12 16:51:17_38.8128318786621_-122.795997619629,2025-05-12 16:51:17,1.28,1.50999999046326,38.8128318786621,-122.795997619629,Low
2025-05-12 16:37:53_43.2555_-111.404833333333,2025-05-12 16:37:53,1.86,5,43.2555,-111.404833333333,Low
2025-05-12 16:20:16_38.8221664428711_-122.801170349121,2025-05-12 16:20:16,0.78,2.94000005722046,38.8221664428711,-122.801170349121,Low
2025-05-12 15:57:52_36.7185_-116.1213,2025-05-12 15:57:52,-0.2,3.7,36.7185,-116.1213,Low
2025-05-12 15:56:57_33.4888333_-116.4165,2025-05-12 15:56:57,2.14,7.23,33.4888333,-116.4165,Low
2025-05-12 15:22:58_34.278_-117.0256667,2025-05-12 15:22:58,1.07,7.71,34.278,-117.0256667,Low
2025-05-12 15:06:30_38.821834564209_-122.786666870117,2025-05-12 15:06:30,1.08,1.32000005245209,38.821834564209,-122.786666870117,Low
2025-05-12 15:05:40_38.8031666666667_-122.810166666667,2025-05-12 15:05:40,0.46,2.2,38.8031666666667,-122.810166666667,Low
2025-05-12 14:57:42_33.0591667_-116.5391667,2025-05-12 14:57:42,0.59,16.33,33.0591667,-116.5391667,Low
2025-05-12 14:55:50_38.8356666564941_-122.802169799805,2025-05-12 14:55:50,1.27,2.05999994277954,38.8356666564941,-122.802169799805,Low
2025-05-12 14:52:59_38.8176666666667_-122.822666666667,2025-05-12 14:52:59,0.31,2.46,38.8176666666667,-122.822666666667,Low
2025-05-12 14:33:30_38.7871666666667_-122.7745,2025-05-12 14:33:30,0.26,1.73,38.7871666666667,-122.7745,Low
2025-05-12 14:02:48_38.8211669921875_-122.808334350586,2025-05-12 14:02:48,1.08,3.05999994277954,38.8211669921875,-122.808334350586,Low
2025-05-12 14:00:50_38.8211669921875_-122.80883026123,2025-05-12 14:00:50,1.11,2.84999990463257,38.8211669921875,-122.80883026123,Low
2025-05-12 13:41:21_38.8428344726562_-122.841003417969,2025-05-12 13:41:21,0.69,1.89999997615814,38.8428344726562,-122.841003417969,Low
2025-05-12 13:39:40_37.6248333333333_-118.8545,2025-05-12 13:39:40,0.48,3.88,37.6248333333333,-118.8545,Low
2025-05-12 13:27:41_37.5575_-121.834666666667,2025-05-12 13:27:41,1.23,8.36,37.5575,-121.834666666667,Low
2025-05-12 13:12:15_37.1741666666667_-118.258333333333,2025-05-12 13:12:15,2.43,3.16,37.1741666666667,-118.258333333333,Low
2025-05-12 12:54:09_38.798168182373_-122.776168823242,2025-05-12 12:54:09,0.74,2.34999990463257,38.798168182373,-122.776168823242,Low
2025-05-12 12:39:51_33.9183333_-116.8558333,2025-05-12 12:39:51,0.71,12.55,33.9183333,-116.8558333,Low
2025-05-12 12:33:49_33.9146667_-116.7656667,2025-05-12 12:33:49,0.75,17.81,33.9146667,-116.7656667,Low
2025-05-12 12:31:29_38.7968330383301_-122.738670349121,2025-05-12 12:31:29,1.5,0.899999976158142,38.7968330383301,-122.738670349121,Low
2025-05-12 12:30:34_38.7980003356934_-122.78466796875,2025-05-12 12:30:34,0.79,3.14000010490417,38.7980003356934,-122.78466796875,Low
2025-05-12 12:27:04_34.0413333_-117.8011667,2025-05-12 12:27:04,1.6,8.26,34.0413333,-117.8011667,Low
2025-05-12 12:11:26_33.9198333_-116.8585,2025-05-12 12:11:26,0.74,13.83,33.9198333,-116.8585,Low
2025-05-12 11:53:46_38.7929992675781_-122.778503417969,2025-05-12 11:53:46,0.77,1.48000001907349,38.7929992675781,-122.778503417969,Low
2025-05-12 11:14:07_38.8388328552246_-122.808166503906,2025-05-12 11:14:07,0.29,1.91999995708466,38.8388328552246,-122.808166503906,Low
2025-05-12 11:13:55_33.4726667_-116.5701667,2025-05-12 11:13:55,0.59,10.94,33.4726667,-116.5701667,Low
2025-05-12 10:53:37_38.8371658325195_-122.795166015625,2025-05-12 10:53:37,0.73,1.83000004291534,38.8371658325195,-122.795166015625,Low
2025-05-12 10:21:08_35.9026667_-117.6921667,2025-05-12 10:21:08,1.63,8.85,35.9026667,-117.6921667,Low
2025-05-12 10:13:33_33.1901667_-115.6081667,2025-05-12 10:13:33,1.5,3.36,33.1901667,-115.6081667,Low
2025-05-12 10:05:14_39.47_-123.109666666667,2025-05-12 10:05:14,1.51,2.11,39.47,-123.109666666667,Low
2025-05-12 09:55:17_34.1618333_-116.129,2025-05-12 09:55:17,0.18,11.21,34.1618333,-116.129,Low
2025-05-12 09:55:06_39.4746666666667_-123.106,2025-05-12 09:55:06,2.54,5.5,39.4746666666667,-123.106,Low
2025-05-12 09:35:59_38.8003333333333_-122.806,2025-05-12 09:35:59,-0.19,1.91,38.8003333333333,-122.806,Low
2025-05-12 09:23:46_33.3821667_-116.2916667,2025-05-12 09:23:46,1.09,12.31,33.3821667,-116.2916667,Low
2025-05-12 09:19:47_38.8356666666667_-122.816,2025-05-12 09:19:47,0.36,1.9,38.8356666666667,-122.816,Low
2025-05-12 09:18:23_44.4456666666667_-115.194666666667,2025-05-12 09:18:23,1.85,3.59,44.4456666666667,-115.194666666667,Low
2025-05-12 09:14:52_38.8354988098145_-122.800498962402,2025-05-12 09:14:52,0.99,1.87999999523163,38.8354988098145,-122.800498962402,Low
2025-05-12 09:13:00_39.4741666666667_-123.1055,2025-05-12 09:13:00,2.79,5.29,39.4741666666667,-123.1055,Low
2025-05-12 09:12:07_38.8261680603027_-122.785331726074,2025-05-12 09:12:07,1.09,1.85000002384186,38.8261680603027,-122.785331726074,Low
2025-05-12 09:11:21_38.8203333333333_-122.8025,2025-05-12 09:11:21,0.22,2.74,38.8203333333333,-122.8025,Low
2025-05-12 09:09:46_33.7033333_-116.7151667,2025-05-12 09:09:46,0.76,17.4,33.7033333,-116.7151667,Low
2025-05-12 09:03:56_38.826831817627_-122.81600189209,2025-05-12 09:03:56,0.76,2.34999990463257,38.826831817627,-122.81600189209,Low
2025-05-12 09:02:14_38.8338317871094_-122.814834594727,2025-05-12 09:02:14,1.83,1.78999996185303,38.8338317871094,-122.814834594727,Low
2025-05-12 08:51:38_34.1881667_-117.0186667,2025-05-12 08:51:38,0.85,3.89,34.1881667,-117.0186667,Low
2025-05-12 08:42:21_33.3425_-116.2345,2025-05-12 08:42:21,0.51,10.12,33.3425,-116.2345,Low
2025-05-12 08:42:16_33.337_-116.2383333,2025-05-12 08:42:16,0.9,11.19,33.337,-116.2383333,Low
2025-05-12 08:38:56_36.1176666666667_-121.626333333333,2025-05-12 08:38:56,0.98,8.81,36.1176666666667,-121.626333333333,Low
2025-05-12 08:27:56_44.1875_-115.120333333333,2025-05-12 08:27:56,1.69,4.4,44.1875,-115.120333333333,Low
2025-05-12 08:20:42_38.8358345031738_-122.836166381836,2025-05-12 08:20:42,0.72,1.78999996185303,38.8358345031738,-122.836166381836,Low
2025-05-12 08:01:46_38.8106666666667_-122.7855,2025-05-12 08:01:46,0.17,1.38,38.8106666666667,-122.7855,Low
2025-05-12 07:58:42_34.1895_-117.0205,2025-05-12 07:58:42,0.92,4.05,34.1895,-117.0205,Low
2025-05-12 07:47:21_33.1643333_-116.1093333,2025-05-12 07:47:21,0.95,10.13,33.1643333,-116.1093333,Low
2025-05-12 07:43:28_38.647_-122.748166666667,2025-05-12 07:43:28,0.77,6.46,38.647,-122.748166666667,Low
2025-05-12 07:40:35_34.1866667_-117.0183333,2025-05-12 07:40:35,0.86,2.43,34.1866667,-117.0183333,Low
2025-05-12 07:39:21_41.8283333333333_-112.683333333333,2025-05-12 07:39:21,1,8.37,41.8283333333333,-112.683333333333,Low
2025-05-12 07:32:55_34.1881667_-117.0198333,2025-05-12 07:32:55,1.11,4.02,34.1881667,-117.0198333,Low
2025-05-12 07:30:08_44.3885_-114.941,2025-05-12 07:30:08,1.71,2.97,44.3885,-114.941,Low
2025-05-12 07:03:40_38.8079986572266_-122.792503356934,2025-05-12 07:03:40,0.79,2.08999991416931,38.8079986572266,-122.792503356934,Low
2025-05-12 06:38:48_44.2016666666667_-115.1155,2025-05-12 06:38:48,1.76,5.22,44.2016666666667,-115.1155,Low
2025-05-12 06:36:49_33.5325_-116.716,2025-05-12 06:36:49,0.81,5.58,33.5325,-116.716,Low
2025-05-12 06:28:37_33.5353333_-116.7188333,2025-05-12 06:28:37,0.37,5.43,33.5353333,-116.7188333,Low
2025-05-12 05:52:34_40.7181666666667_-112.054666666667,2025-05-12 05:52:34,1.41,8.73,40.7181666666667,-112.054666666667,Low
2025-05-12 05:39:02_38.8051666666667_-122.778333333333,2025-05-12 05:39:02,0.47,2.48,38.8051666666667,-122.778333333333,Low
2025-05-12 05:32:34_35.778_-117.5863333,2025-05-12 05:32:34,1.03,10.9,35.778,-117.5863333,Low
2025-05-12 05:24:36_40.713_-112.058166666667,2025-05-12 05:24:36,0.8,9.51,40.713,-112.058166666667,Low
2025-05-12 05:22:21_38.833667755127_-122.808670043945,2025-05-12 05:22:21,1.12,2.26999998092651,38.833667755127,-122.808670043945,Low
2025-05-12 05:10:30_33.3378333_-116.2278333,2025-05-12 05:10:30,0.85,10,33.3378333,-116.2278333,Low
2025-05-12 05:09:10_38.821834564209_-122.810333251953,2025-05-12 05:09:10,1.09,2.70000004768372,38.821834564209,-122.810333251953,Low
2025-05-12 04:47:31_33.2311667_-116.732,2025-05-12 04:47:31,0.76,11.44,33.2311667,-116.732,Low
2025-05-12 04:22:57_35.774_-117.5948333,2025-05-12 04:22:57,1.47,9.02,35.774,-117.5948333,Low
2025-05-12 03:52:37_38.8245_-122.760833333333,2025-05-12 03:52:37,0.43,2.33,38.8245,-122.760833333333,Low
2025-05-12 03:52:00_38.8246666666667_-122.758166666667,2025-05-12 03:52:00,0.36,2.53,38.8246666666667,-122.758166666667,Low
2025-05-12 03:42:33_33.1851667_-115.5791667,2025-05-12 03:42:33,1.49,17.74,33.1851667,-115.5791667,Low
2025-05-12 03:37:00_35.6556667_-118.4721667,2025-05-12 03:37:00,1.85,8.08,35.6556667,-118.4721667,Low
2025-05-12 03:29:31_38.8241666666667_-122.759,2025-05-12 03:29:31,0.44,2.08,38.8241666666667,-122.759,Low
2025-05-12 03:21:15_37.5336666666667_-118.9225,2025-05-12 03:21:15,1.1,3.63,37.5336666666667,-118.9225,Low
2025-05-12 03:19:25_37.5365_-118.9285,2025-05-12 03:19:25,1.92,3.44,37.5365,-118.9285,Low
2025-05-12 02:38:53_32.656_-115.8963333,2025-05-12 02:38:53,2,8.76,32.656,-115.8963333,Low
2025-05-12 02:22:12_38.4846666666667_-122.214833333333,2025-05-12 02:22:12,1.55,3.84,38.4846666666667,-122.214833333333,Low
2025-05-12 02:18:42_33.3983333_-116.3701667,2025-05-12 02:18:42,0.63,7.6,33.3983333,-116.3701667,Low
2025-05-12 02:14:17_38.818000793457_-122.810165405273,2025-05-12 02:14:17,1.07,3.25999999046326,38.818000793457,-122.810165405273,Low
2025-05-12 02:11:51_38.8185005187988_-122.809669494629,2025-05-12 02:11:51,1.68,3.25,38.8185005187988,-122.809669494629,Low
2025-05-12 02:07:57_33.4651667_-116.6068333,2025-05-12 02:07:57,0.59,9.06,33.4651667,-116.6068333,Low
2025-05-12 02:00:19_38.789665222168_-122.736503601074,2025-05-12 02:00:19,0.95,1.54999995231628,38.789665222168,-122.736503601074,Low
2025-05-12 01:47:48_38.824_-122.8055,2025-05-12 01:47:48,0.39,2.58,38.824,-122.8055,Low
2025-05-12 01:45:17_38.8059997558594_-122.817169189453,2025-05-12 01:45:17,1.35,2.98000001907349,38.8059997558594,-122.817169189453,Low
2025-05-12 01:44:42_34.9583333_-118.6835,2025-05-12 01:44:42,1.73,4.46,34.9583333,-118.6835,Low
2025-05-12 01:22:49_38.8353333333333_-122.784666666667,2025-05-12 01:22:49,0.42,2.02,38.8353333333333,-122.784666666667,Low
2025-05-12 01:17:18_39.002_-111.3935,2025-05-12 01:17:18,1.21,0.47,39.002,-111.3935,Low
2025-05-12 01:03:07_38.7456665039062_-122.689498901367,2025-05-12 01:03:07,0.95,-0.28999999165535,38.7456665039062,-122.689498901367,Low
2025-05-11 23:57:50_38.8386650085449_-122.820503234863,2025-05-11 23:57:50,0.68,2.83999991416931,38.8386650085449,-122.820503234863,Low
2025-05-11 23:35:39_38.8248333333333_-122.803833333333,2025-05-11 23:35:39,0.45,2.47,38.8248333333333,-122.803833333333,Low
2025-05-11 23:35:07_35.799_-117.6225,2025-05-11 23:35:07,0.68,8.93,35.799,-117.6225,Low
2025-05-11 23:04:49_37.947_-122.117666666667,2025-05-11 23:04:49,1.17,8.16,37.947,-122.117666666667,Low
2025-05-11 22:45:25_37.5615_-113.058666666667,2025-05-11 22:45:25,1.25,10.16,37.5615,-113.058666666667,Low
2025-05-11 22:38:44_34.145_-117.3015,2025-05-11 22:38:44,1.18,9.5,34.145,-117.3015,Low
2025-05-11 22:14:54_38.8344993591309_-122.81600189209,2025-05-11 22:14:54,0.28,1.97000002861023,38.8344993591309,-122.81600189209,Low
2025-05-11 21:42:30_33.3536667_-116.3533333,2025-05-11 21:42:30,1.16,11.37,33.3536667,-116.3533333,Low
2025-05-11 21:35:05_38.7941666666667_-122.751666666667,2025-05-11 21:35:05,0.22,0.94,38.7941666666667,-122.751666666667,Low
2025-05-11 21:30:23_38.8375_-122.794333333333,2025-05-11 21:30:23,0.2,2.26,38.8375,-122.794333333333,Low
2025-05-11 20:45:16_35.8823333_-117.686,2025-05-11 20:45:16,0.42,9.11,35.8823333,-117.686,Low
2025-05-11 20:05:24_36.0018333_-117.9366667,2025-05-11 20:05:24,1.01,0.84,36.0018333,-117.9366667,Low
2025-05-11 19:55:34_38.7598342895508_-122.702499389648,2025-05-11 19:55:34,0.8,1.77999997138977,38.7598342895508,-122.702499389648,Low
2025-05-11 19:55:16_38.8366661071777_-122.8125,2025-05-11 19:55:16,0.53,1.67999994754791,38.8366661071777,-122.8125,Low
2025-05-11 19:39:32_35.9998333333333_-120.562333333333,2025-05-11 19:39:32,0.82,1.44,35.9998333333333,-120.562333333333,Low
2025-05-11 19:36:55_37.3655_-122.119666666667,2025-05-11 19:36:55,0.53,3.82,37.3655,-122.119666666667,Low
2025-05-11 19:28:16_32.6531667_-115.891,2025-05-11 19:28:16,1.21,7.65,32.6531667,-115.891,Low
2025-05-11 19:20:15_35.638_-117.456,2025-05-11 19:20:15,1.06,6.73,35.638,-117.456,Low
2025-05-11 19:09:42_38.8219985961914_-122.810501098633,2025-05-11 19:09:42,0.77,2.70000004768372,38.8219985961914,-122.810501098633,Low
2025-05-11 19:03:51_38.8186683654785_-122.823829650879,2025-05-11 19:03:51,1.32,2.00999999046326,38.8186683654785,-122.823829650879,Low
2025-05-11 18:19:36_38.8359985351562_-122.789329528809,2025-05-11 18:19:36,0.69,1.77999997138977,38.8359985351562,-122.789329528809,Low
2025-05-11 18:12:04_38.8181648254395_-122.824501037598,2025-05-11 18:12:04,0.81,2.36999988555908,38.8181648254395,-122.824501037598,Low
2025-05-11 18:03:39_36.6218_-115.9582,2025-05-11 18:03:39,-0.2,10.4,36.6218,-115.9582,Low
2025-05-11 17:55:34_34.1278333_-117.4415,2025-05-11 17:55:34,0.66,6.64,34.1278333,-117.4415,Low
2025-05-11 17:43:11_36.01_-120.572166666667,2025-05-11 17:43:11,1.07,0.17,36.01,-120.572166666667,Low
2025-05-11 17:33:47_38.8300018310547_-122.814834594727,2025-05-11 17:33:47,0.77,1.38999998569489,38.8300018310547,-122.814834594727,Low
2025-05-11 17:24:54_36.888_-117.7869,2025-05-11 17:24:54,1.9,1.1,36.888,-117.7869,Low
2025-05-11 17:19:14_33.0525_-116.5765,2025-05-11 17:19:14,0.14,12.6,33.0525,-116.5765,Low
2025-05-11 17:11:05_36.9197_-117.7498,2025-05-11 17:11:05,2.2,8.4,36.9197,-117.7498,Low
2025-05-11 17:08:00_38.844_-122.701666666667,2025-05-11 17:08:00,0.63,4.05,38.844,-122.701666666667,Low
2025-05-11 16:58:03_38.8363342285156_-122.811996459961,2025-05-11 16:58:03,0.76,2.07999992370605,38.8363342285156,-122.811996459961,Low
2025-05-11 16:53:07_38.7943333333333_-122.767666666667,2025-05-11 16:53:07,0.2,3.91,38.7943333333333,-122.767666666667,Low
2025-05-11 16:50:02_38.8395004272461_-122.877502441406,2025-05-11 16:50:02,0.57,1.87999999523163,38.8395004272461,-122.877502441406,Low
2025-05-11 16:28:48_33.5336667_-116.7278333,2025-05-11 16:28:48,0.37,5.4,33.5336667,-116.7278333,Low
2025-05-11 16:20:48_38.8144989013672_-122.818832397461,2025-05-11 16:20:48,1.28,2.78999996185303,38.8144989013672,-122.818832397461,Low
2025-05-11 16:15:45_38.8363342285156_-122.835502624512,2025-05-11 16:15:45,1.13,1.63999998569489,38.8363342285156,-122.835502624512,Low
2025-05-11 16:05:30_39.7653333333333_-124.014,2025-05-11 16:05:30,1.8,4.76,39.7653333333333,-124.014,Low
2025-05-11 15:39:54_38.839_-122.822166666667,2025-05-11 15:39:54,0.23,1.68,38.839,-122.822166666667,Low
2025-05-11 15:19:08_40.2908333333333_-124.56,2025-05-11 15:19:08,1.7,7.93,40.2908333333333,-124.56,Low
2025-05-11 15:14:10_33.8616667_-115.5261667,2025-05-11 15:14:10,1.23,3.21,33.8616667,-115.5261667,Low
2025-05-11 15:09:33_33.8608333_-115.5265,2025-05-11 15:09:33,2.32,1.09,33.8608333,-115.5265,Low
2025-05-11 15:04:52_36.058_-120.638833333333,2025-05-11 15:04:52,1.13,-0.72,36.058,-120.638833333333,Low
2025-05-11 15:02:21_35.1906666666667_-120.6935,2025-05-11 15:02:21,0.99,5.1,35.1906666666667,-120.6935,Low
2025-05-11 14:40:52_33.7173333_-116.8471667,2025-05-11 14:40:52,0.89,15.2,33.7173333,-116.8471667,Low
2025-05-11 14:13:38_40.2988333333333_-124.5785,2025-05-11 14:13:38,1.97,8.77,40.2988333333333,-124.5785,Low
2025-05-11 14:11:24_33.953_-117.9096667,2025-05-11 14:11:24,0.76,5.98,33.953,-117.9096667,Low
2025-05-11 13:50:19_33.6908333_-117.3985,2025-05-11 13:50:19,0.58,9.23,33.6908333,-117.3985,Low
2025-05-11 13:49:12_33.1463333_-116.59,2025-05-11 13:49:12,1.68,14.46,33.1463333,-116.59,Low
2025-05-11 13:38:25_33.3648333_-116.6933333,2025-05-11 13:38:25,0.3,13.39,33.3648333,-116.6933333,Low
2025-05-11 13:33:12_33.2715_-116.4241667,2025-05-11 13:33:12,0.64,5.07,33.2715,-116.4241667,Low
2025-05-11 13:17:30_44.3075_-115.093,2025-05-11 13:17:30,1.32,5.97,44.3075,-115.093,Low
2025-05-11 13:04:25_34.1075_-117.3235,2025-05-11 13:04:25,1.63,17.97,34.1075,-117.3235,Low
2025-05-11 13:04:13_36.7676666666667_-121.2745,2025-05-11 13:04:13,1.07,10.24,36.7676666666667,-121.2745,Low
2025-05-11 12:53:04_36.4336666666667_-121.013166666667,2025-05-11 12:53:04,1.47,8.97,36.4336666666667,-121.013166666667,Low
2025-05-11 12:45:46_36.4351666666667_-120.916,2025-05-11 12:45:46,1.41,19.6,36.4351666666667,-120.916,Low
2025-05-11 12:24:38_33.7093333_-116.7501667,2025-05-11 12:24:38,0.63,16.63,33.7093333,-116.7501667,Low
2025-05-11 12:17:14_35.919_-117.737,2025-05-11 12:17:14,0.84,8.96,35.919,-117.737,Low
2025-05-11 12:15:29_36.4326666666667_-121.010833333333,2025-05-11 12:15:29,1.8,8.39,36.4326666666667,-121.010833333333,Low
2025-05-11 11:57:17_33.4971667_-116.7761667,2025-05-11 11:57:17,0.7,9.29,33.4971667,-116.7761667,Low
2025-05-11 11:53:57_35.3316667_-117.8126667,2025-05-11 11:53:57,0.92,5.74,35.3316667,-117.8126667,Low
2025-05-11 11:08:28_39.0547_-119.0154,2025-05-11 11:08:28,0.9,5.5,39.0547,-119.0154,Low
2025-05-11 11:04:50_38.7876666666667_-122.765666666667,2025-05-11 11:04:50,0.19,2.6,38.7876666666667,-122.765666666667,Low
2025-05-11 10:55:43_35.6211667_-117.5996667,2025-05-11 10:55:43,1.11,9.14,35.6211667,-117.5996667,Low
2025-05-11 10:26:20_38.8183333333333_-122.823666666667,2025-05-11 10:26:20,0.43,2.02,38.8183333333333,-122.823666666667,Low
2025-05-11 09:40:16_39.5463333333333_-122.027833333333,2025-05-11 09:40:16,2.71,23.01,39.5463333333333,-122.027833333333,Low
2025-05-11 09:35:32_33.0663333_-115.5668333,2025-05-11 09:35:32,1.28,9.25,33.0663333,-115.5668333,Low
2025-05-11 09:13:32_33.2711667_-116.4333333,2025-05-11 09:13:32,0.98,4.61,33.2711667,-116.4333333,Low
2025-05-11 09:12:16_39.0113333333333_-111.395833333333,2025-05-11 09:12:16,1.01,-1.09,39.0113333333333,-111.395833333333,Low
2025-05-11 09:11:02_38.8053333333333_-122.783666666667,2025-05-11 09:11:02,0.07,3.5,38.8053333333333,-122.783666666667,Low
2025-05-11 09:09:30_33.5383333_-116.724,2025-05-11 09:09:30,0.22,8.42,33.5383333,-116.724,Low
2025-05-11 09:02:06_38.832332611084_-122.807662963867,2025-05-11 09:02:06,0.22,1.91999995708466,38.832332611084,-122.807662963867,Low
2025-05-11 08:46:49_33.6323333_-116.7405,2025-05-11 08:46:49,0.82,15.77,33.6323333,-116.7405,Low
2025-05-11 08:40:40_38.821834564209_-122.803497314453,2025-05-11 08:40:40,0.35,3.33999991416931,38.821834564209,-122.803497314453,Low
2025-05-11 08:27:06_33.1898333_-116.704,2025-05-11 08:27:06,0.79,9.52,33.1898333,-116.704,Low
2025-05-11 07:17:36_44.375_-122.3405,2025-05-11 07:17:36,1.46,38.14,44.375,-122.3405,Low
2025-05-11 07:13:42_33.2668333_-116.4166667,2025-05-11 07:13:42,0.66,4.89,33.2668333,-116.4166667,Low
2025-05-11 06:52:09_38.8373333333333_-122.8355,2025-05-11 06:52:09,-0.15,1.81,38.8373333333333,-122.8355,Low
2025-05-11 06:50:12_37.469_-118.7985,2025-05-11 06:50:12,1.13,0.18,37.469,-118.7985,Low
2025-05-11 06:47:22_35.7595_-118.3403333,2025-05-11 06:47:22,0.98,4.6,35.7595,-118.3403333,Low
2025-05-11 06:34:58_32.5335_-115.2321667,2025-05-11 06:34:58,2.89,22.11,32.5335,-115.2321667,Low
2025-05-11 06:34:57_38.8213348388672_-122.841331481934,2025-05-11 06:34:57,0.76,1.8400000333786,38.8213348388672,-122.841331481934,Low
2025-05-11 06:32:24_38.8063333333333_-122.778666666667,2025-05-11 06:32:24,0.39,2.47,38.8063333333333,-122.778666666667,Low
2025-05-11 06:31:50_38.805_-122.778833333333,2025-05-11 06:31:50,0.34,2.55,38.805,-122.778833333333,Low
2025-05-11 06:31:45_32.5408333_-115.2485,2025-05-11 06:31:45,2.63,18.96,32.5408333,-115.2485,Low
2025-05-11 06:30:41_32.5253333_-115.2333333,2025-05-11 06:30:41,1.41,21.71,32.5253333,-115.2333333,Low
2025-05-11 06:23:04_35.3298333_-117.8213333,2025-05-11 06:23:04,1.12,8,35.3298333,-117.8213333,Low
2025-05-11 06:01:03_38.832332611084_-122.792999267578,2025-05-11 06:01:03,0.74,1.83000004291534,38.832332611084,-122.792999267578,Low
2025-05-11 06:00:46_36.496_-120.676666666667,2025-05-11 06:00:46,1.45,8.97,36.496,-120.676666666667,Low
2025-05-11 05:41:25_38.7856666666667_-122.769,2025-05-11 05:41:25,0.3,3.07,38.7856666666667,-122.769,Low
2025-05-11 05:13:51_34.0185_-118.951,2025-05-11 05:13:51,1.57,8.98,34.0185,-118.951,Low
2025-05-11 05:03:52_33.2993333_-116.2331667,2025-05-11 05:03:52,0.83,5.62,33.2993333,-116.2331667,Low
2025-05-11 05:02:42_33.2735_-116.4261667,2025-05-11 05:02:42,0.78,5.19,33.2735,-116.4261667,Low
2025-05-11 05:00:57_35.3286667_-117.8063333,2025-05-11 05:00:57,1.44,6.67,35.3286667,-117.8063333,Low
2025-05-11 04:55:44_36.719_-116.2744,2025-05-11 04:55:44,0.1,7.5,36.719,-116.2744,Low
2025-05-11 04:40:16_38.8243333333333_-122.817166666667,2025-05-11 04:40:16,0.21,1.81,38.8243333333333,-122.817166666667,Low
2025-05-11 04:23:23_37.4081666666667_-118.4395,2025-05-11 04:23:23,2.16,8.9,37.4081666666667,-118.4395,Low
2025-05-11 04:21:56_38.8243333333333_-122.784166666667,2025-05-11 04:21:56,0.3,2.11,38.8243333333333,-122.784166666667,Low
2025-05-11 04:20:32_33.2696667_-116.4356667,2025-05-11 04:20:32,2.14,4.18,33.2696667,-116.4356667,Low
2025-05-11 03:17:17_38.7994995117188_-122.78466796875,2025-05-11 03:17:17,0.76,3.27999997138977,38.7994995117188,-122.78466796875,Low
2025-05-11 03:14:31_33.5623333_-116.7895,2025-05-11 03:14:31,0.85,6.67,33.5623333,-116.7895,Low
2025-05-11 03:08:34_33.6236667_-116.6918333,2025-05-11 03:08:34,1.26,14.36,33.6236667,-116.6918333,Low
2025-05-11 03:03:13_38.8391666666667_-122.824666666667,2025-05-11 03:03:13,0.37,1.78,38.8391666666667,-122.824666666667,Low
2025-05-11 02:59:53_35.6313333_-117.5785,2025-05-11 02:59:53,1.26,7.87,35.6313333,-117.5785,Low
2025-05-11 02:46:44_38.7878341674805_-122.762168884277,2025-05-11 02:46:44,0.81,-0.819999992847443,38.7878341674805,-122.762168884277,Low
2025-05-11 02:44:02_38.8395_-122.810333333333,2025-05-11 02:44:02,0.32,1.93,38.8395,-122.810333333333,Low
2025-05-11 02:40:31_38.7906684875488_-122.736335754395,2025-05-11 02:40:31,0.57,0.330000013113022,38.7906684875488,-122.736335754395,Low
2025-05-11 02:27:37_38.8294982910156_-122.811500549316,2025-05-11 02:27:37,1.57,1.61000001430511,38.8294982910156,-122.811500549316,Low
2025-05-11 02:22:58_40.342_-124.826166666667,2025-05-11 02:22:58,2.1,12.94,40.342,-124.826166666667,Low
2025-05-11 02:10:10_38.8409996032715_-122.877830505371,2025-05-11 02:10:10,0.64,2.25999999046326,38.8409996032715,-122.877830505371,Low
2025-05-11 02:06:47_33.6373333_-116.686,2025-05-11 02:06:47,0.67,14.64,33.6373333,-116.686,Low
2025-05-11 02:06:25_33.6363333_-116.6865,2025-05-11 02:06:25,0.6,14.96,33.6363333,-116.6865,Low
2025-05-11 01:34:12_33.6246667_-116.6958333,2025-05-11 01:34:12,2.08,14.28,33.6246667,-116.6958333,Low
2025-05-11 01:17:06_38.8221664428711_-122.797996520996,2025-05-11 01:17:06,0.61,2.79999995231628,38.8221664428711,-122.797996520996,Low
2025-05-11 01:12:06_38.8146667480469_-122.818168640137,2025-05-11 01:12:06,1.07,2.61999988555908,38.8146667480469,-122.818168640137,Low
2025-05-11 01:06:52_38.8221664428711_-122.799331665039,2025-05-11 01:06:52,0.33,2.25999999046326,38.8221664428711,-122.799331665039,Low
2025-05-11 00:53:08_38.837833404541_-122.81233215332,2025-05-11 00:53:08,0.73,1.78999996185303,38.837833404541,-122.81233215332,Low
2025-05-11 00:41:41_33.06_-116.6096667,2025-05-11 00:41:41,0.67,12.27,33.06,-116.6096667,Low
2025-05-11 00:33:50_38.8213348388672_-122.852333068848,2025-05-11 00:33:50,0.76,2.5699999332428,38.8213348388672,-122.852333068848,Low
2025-05-11 00:26:20_38.837_-122.812,2025-05-11 00:26:20,0.35,2.01,38.837,-122.812,Low
2025-05-11 00:10:38_38.8218333333333_-122.7665,2025-05-11 00:10:38,0.38,2.16,38.8218333333333,-122.7665,Low
2025-05-10 23:02:53_34.0186667_-117.1456667,2025-05-10 23:02:53,1.14,4.19,34.0186667,-117.1456667,Low
2025-05-10 22:47:37_38.8351669311523_-122.785163879395,2025-05-10 22:47:37,0.69,1.26999998092651,38.8351669311523,-122.785163879395,Low
2025-05-10 22:32:54_38.2291_-118.5099,2025-05-10 22:32:54,2.8,8.7,38.2291,-118.5099,Low
2025-05-10 21:44:26_37.8061666666667_-122.061,2025-05-10 21:44:26,0.96,3.45,37.8061666666667,-122.061,Low
2025-05-10 21:17:16_38.8153343200684_-122.818832397461,2025-05-10 21:17:16,0.62,3.5699999332428,38.8153343200684,-122.818832397461,Low
2025-05-10 21:16:31_33.561_-116.7928333,2025-05-10 21:16:31,0.74,6.2,33.561,-116.7928333,Low
2025-05-10 21:15:30_38.7853333333333_-122.578833333333,2025-05-10 21:15:30,1.02,9.83,38.7853333333333,-122.578833333333,Low
2025-05-10 21:05:52_38.7903333333333_-122.7645,2025-05-10 21:05:52,0.34,3.77,38.7903333333333,-122.7645,Low
2025-05-10 20:50:50_35.7661667_-117.5881667,2025-05-10 20:50:50,1.12,4.35,35.7661667,-117.5881667,Low
2025-05-10 20:43:23_38.8191680908203_-122.760498046875,2025-05-10 20:43:23,0.76,1.82000005245209,38.8191680908203,-122.760498046875,Low
2025-05-10 20:41:24_33.2948333_-116.2795,2025-05-10 20:41:24,0.9,6.42,33.2948333,-116.2795,Low
2025-05-10 20:27:23_38.8331680297852_-122.798164367676,2025-05-10 20:27:23,1.07,2.39000010490417,38.8331680297852,-122.798164367676,Low
2025-05-10 20:22:02_38.1411_-118.0132,2025-05-10 20:22:02,1,9.9,38.1411,-118.0132,Low
2025-05-10 20:07:11_38.8023338317871_-122.782669067383,2025-05-10 20:07:11,0.78,3.84999990463257,38.8023338317871,-122.782669067383,Low
2025-05-10 19:57:03_38.8361663818359_-122.784164428711,2025-05-10 19:57:03,0.59,1.91999995708466,38.8361663818359,-122.784164428711,Low
2025-05-10 19:40:41_33.9721667_-117.1355,2025-05-10 19:40:41,0.77,15.93,33.9721667,-117.1355,Low
2025-05-10 19:33:15_38.8334999084473_-122.875663757324,2025-05-10 19:33:15,1.11,2.90000009536743,38.8334999084473,-122.875663757324,Low
2025-05-10 19:21:44_38.8238334655762_-122.804664611816,2025-05-10 19:21:44,0.71,2.60999989509583,38.8238334655762,-122.804664611816,Low
2025-05-10 19:20:36_38.819_-122.760166666667,2025-05-10 19:20:36,0.27,1.88,38.819,-122.760166666667,Low
2025-05-10 18:57:03_38.8455_-122.8765,2025-05-10 18:57:03,0.38,2.5,38.8455,-122.8765,Low
2025-05-10 18:50:37_35.9166667_-117.7111667,2025-05-10 18:50:37,0.53,2.75,35.9166667,-117.7111667,Low
2025-05-10 18:45:03_33.7401667_-117.5185,2025-05-10 18:45:03,1.01,9.47,33.7401667,-117.5185,Low
2025-05-10 18:42:46_33.4716667_-116.9041667,2025-05-10 18:42:46,0.67,9.62,33.4716667,-116.9041667,Low
2025-05-10 18:37:24_38.8381666666667_-122.798,2025-05-10 18:37:24,0.41,2.45,38.8381666666667,-122.798,Low
2025-05-10 18:34:00_33.4218333_-116.3788333,2025-05-10 18:34:00,0.47,11.08,33.4218333,-116.3788333,Low
2025-05-10 18:32:04_32.6695_-115.8485,2025-05-10 18:32:04,1.02,7.95,32.6695,-115.8485,Low
2025-05-10 18:25:24_38.7734985351562_-122.717163085938,2025-05-10 18:25:24,0.99,1.53999996185303,38.7734985351562,-122.717163085938,Low
2025-05-10 18:19:51_35.5378333_-117.4285,2025-05-10 18:19:51,1.03,8.71,35.5378333,-117.4285,Low
2025-05-10 18:19:46_35.9088333_-117.7476667,2025-05-10 18:19:46,-0.22,9.49,35.9088333,-117.7476667,Low
2025-05-10 17:52:11_38.8030014038086_-122.779830932617,2025-05-10 17:52:11,0.9,3.29999995231628,38.8030014038086,-122.779830932617,Low
2025-05-10 17:43:36_35.7133333_-117.5203333,2025-05-10 17:43:36,0.6,4.69,35.7133333,-117.5203333,Low
2025-05-10 17:40:43_38.8390007019043_-122.824333190918,2025-05-10 17:40:43,0.6,1.75,38.8390007019043,-122.824333190918,Low
2025-05-10 17:27:47_38.8148333333333_-122.783333333333,2025-05-10 17:27:47,-0.37,0.99,38.8148333333333,-122.783333333333,Low
2025-05-10 17:26:30_38.8138333333333_-122.783666666667,2025-05-10 17:26:30,0.51,1.35,38.8138333333333,-122.783666666667,Low
2025-05-10 17:25:28_38.8185005187988_-122.78466796875,2025-05-10 17:25:28,0.54,0.930000007152557,38.8185005187988,-122.78466796875,Low
2025-05-10 17:03:27_38.8253333333333_-122.852833333333,2025-05-10 17:03:27,0.1,2.42,38.8253333333333,-122.852833333333,Low
2025-05-10 16:58:55_39.4066_-119.7312,2025-05-10 16:58:55,1.6,5.3,39.4066,-119.7312,Low
2025-05-10 16:58:05_39.4079_-119.7301,2025-05-10 16:58:05,1.2,6,39.4079,-119.7301,Low
2025-05-10 16:49:50_38.7623333333333_-122.733333333333,2025-05-10 16:49:50,0.3,1.55,38.7623333333333,-122.733333333333,Low
2025-05-10 16:43:06_38.8186683654785_-122.842002868652,2025-05-10 16:43:06,0.62,2.17000007629395,38.8186683654785,-122.842002868652,Low
2025-05-10 16:38:26_40.7193333333333_-112.08,2025-05-10 16:38:26,0.48,10.48,40.7193333333333,-112.08,Low
2025-05-10 16:03:58_37.3278_-114.6507,2025-05-10 16:03:58,1.4,1.1,37.3278,-114.6507,Low
2025-05-10 16:02:49_36.6777_-117.0808,2025-05-10 16:02:49,0.9,7.8,36.6777,-117.0808,Low
2025-05-10 15:49:31_39.0556_-119.0116,2025-05-10 15:49:31,0.9,6.2,39.0556,-119.0116,Low
2025-05-10 15:37:27_38.831_-122.813,2025-05-10 15:37:27,0.28,1.99,38.831,-122.813,Low
2025-05-10 15:28:20_38.5558_-119.5305,2025-05-10 15:28:20,1.2,6.3,38.5558,-119.5305,Low
2025-05-10 15:07:31_38.8214988708496_-122.811500549316,2025-05-10 15:07:31,1.1,2.82999992370605,38.8214988708496,-122.811500549316,Low
2025-05-10 14:43:07_36.4695_-121.049333333333,2025-05-10 14:43:07,1.59,7.35,36.4695,-121.049333333333,Low
2025-05-10 13:57:23_38.7923316955566_-122.776832580566,2025-05-10 13:57:23,1.52,1.73000001907349,38.7923316955566,-122.776832580566,Low
2025-05-10 13:48:13_39.0001666666667_-111.401166666667,2025-05-10 13:48:13,0.96,-0.24,39.0001666666667,-111.401166666667,Low
2025-05-10 13:45:23_38.8191680908203_-122.820663452148,2025-05-10 13:45:23,1.53,2.14000010490417,38.8191680908203,-122.820663452148,Low
2025-05-10 13:31:05_36.8653333333333_-121.410333333333,2025-05-10 13:31:05,1.78,8.13,36.8653333333333,-121.410333333333,Low
2025-05-10 13:18:43_38.798999786377_-122.751167297363,2025-05-10 13:18:43,1.04,1.53999996185303,38.798999786377,-122.751167297363,Low
2025-05-10 13:15:34_37.9398333333333_-121.986666666667,2025-05-10 13:15:34,1.28,12.38,37.9398333333333,-121.986666666667,Low
2025-05-10 13:10:01_38.8349990844727_-122.815498352051,2025-05-10 13:10:01,1.1,1.85000002384186,38.8349990844727,-122.815498352051,Low
2025-05-10 13:07:48_38.8133316040039_-122.791000366211,2025-05-10 13:07:48,0.8,4.48999977111816,38.8133316040039,-122.791000366211,Low
2025-05-10 12:17:23_37.5663333333333_-118.869666666667,2025-05-10 12:17:23,0.42,2.72,37.5663333333333,-118.869666666667,Low
2025-05-10 12:16:41_38.8263320922852_-122.81566619873,2025-05-10 12:16:41,0.76,2.25,38.8263320922852,-122.81566619873,Low
2025-05-10 12:14:54_38.7550010681152_-122.699668884277,2025-05-10 12:14:54,1.62,1.05999994277954,38.7550010681152,-122.699668884277,Low
2025-05-10 12:09:55_38.8224983215332_-122.803833007812,2025-05-10 12:09:55,0.78,3.15000009536743,38.8224983215332,-122.803833007812,Low
2025-05-10 12:05:38_37.2285_-117.1271,2025-05-10 12:05:38,0.9,6.2,37.2285,-117.1271,Low
2025-05-10 11:30:33_33.4825_-116.5545,2025-05-10 11:30:33,0.58,11.49,33.4825,-116.5545,Low
2025-05-10 10:57:33_35.3636667_-117.7948333,2025-05-10 10:57:33,1.21,2.34,35.3636667,-117.7948333,Low
2025-05-10 10:51:12_38.8393333333333_-122.781333333333,2025-05-10 10:51:12,0.37,1.5,38.8393333333333,-122.781333333333,Low
2025-05-10 10:08:38_33.9876667_-117.4298333,2025-05-10 10:08:38,1.06,16.22,33.9876667,-117.4298333,Low
2025-05-10 10:01:23_44.3041666666667_-115.174333333333,2025-05-10 10:01:23,2.14,6.05,44.3041666666667,-115.174333333333,Low
2025-05-10 10:00:50_35.8606667_-117.6905,2025-05-10 10:00:50,0.64,8.37,35.8606667,-117.6905,Low
2025-05-10 10:00:48_35.3313333_-117.8166667,2025-05-10 10:00:48,0.46,6.91,35.3313333,-117.8166667,Low
2025-05-10 09:39:47_35.3546667_-117.8086667,2025-05-10 09:39:47,1.26,8.23,35.3546667,-117.8086667,Low
2025-05-10 09:31:45_33.731_-116.8206667,2025-05-10 09:31:45,0.51,16.85,33.731,-116.8206667,Low
2025-05-10 09:30:55_33.718_-116.8253333,2025-05-10 09:30:55,0.82,16.5,33.718,-116.8253333,Low
2025-05-10 09:15:40_38.8261680603027_-122.815170288086,2025-05-10 09:15:40,0.76,2.23000001907349,38.8261680603027,-122.815170288086,Low
2025-05-10 09:11:28_33.3051667_-116.262,2025-05-10 09:11:28,0.96,8.9,33.3051667,-116.262,Low
2025-05-10 09:07:03_33.688_-116.7595,2025-05-10 09:07:03,0.71,14.1,33.688,-116.7595,Low
2025-05-10 08:55:39_34.2986667_-118.4103333,2025-05-10 08:55:39,0.9,12.31,34.2986667,-118.4103333,Low
2025-05-10 08:53:59_38.8286666666667_-122.8535,2025-05-10 08:53:59,0.24,2.36,38.8286666666667,-122.8535,Low
2025-05-10 08:17:17_39.1158_-119.0404,2025-05-10 08:17:17,0.8,5.2,39.1158,-119.0404,Low
2025-05-10 08:06:44_38.8083343505859_-122.817497253418,2025-05-10 08:06:44,0.73,2.65000009536743,38.8083343505859,-122.817497253418,Low
2025-05-10 08:05:20_35.7935_-117.6123333,2025-05-10 08:05:20,0.6,10.18,35.7935,-117.6123333,Low
2025-05-10 07:55:09_38.8245010375977_-122.813835144043,2025-05-10 07:55:09,0.77,2.1800000667572,38.8245010375977,-122.813835144043,Low
2025-05-10 07:42:51_38.8366661071777_-122.781997680664,2025-05-10 07:42:51,1.04,1.79999995231628,38.8366661071777,-122.781997680664,Low
2025-05-10 07:26:54_35.866_-117.6488333,2025-05-10 07:26:54,1.37,5.62,35.866,-117.6488333,Low
2025-05-10 07:25:54_38.8178329467773_-122.764167785645,2025-05-10 07:25:54,1.03,1.75999999046326,38.8178329467773,-122.764167785645,Low
2025-05-10 07:25:35_38.8176651000977_-122.763496398926,2025-05-10 07:25:35,1.06,1.4099999666214,38.8176651000977,-122.763496398926,Low
2025-05-10 07:16:35_33.4488333_-116.6411667,2025-05-10 07:16:35,0.56,7.17,33.4488333,-116.6411667,Low
2025-05-10 06:59:27_44.43_-115.212333333333,2025-05-10 06:59:27,1.45,6.88,44.43,-115.212333333333,Low
2025-05-10 06:48:55_40.4288333333333_-125.8695,2025-05-10 06:48:55,2.72,10,40.4288333333333,-125.8695,Low
2025-05-10 06:43:41_44.36783333333333_-122.34283333333333,2025-05-10 06:43:41,1.4000000000000001,37.69,44.36783333333333,-122.34283333333333,Low
2025-05-10 06:36:50_39.1648_-119.0207,2025-05-10 06:36:50,1.4,8,39.1648,-119.0207,Low
2025-05-10 06:28:25_35.3048333_-118.5328333,2025-05-10 06:28:25,1.83,5.99,35.3048333,-118.5328333,Low
2025-05-10 06:23:22_33.6481667_-116.7405,2025-05-10 06:23:22,1.29,14.16,33.6481667,-116.7405,Low
2025-05-10 06:14:24_38.7620010375977_-122.729499816895,2025-05-10 06:14:24,0.98,1.62999999523163,38.7620010375977,-122.729499816895,Low
2025-05-10 06:02:44_36.5673_-116.2301,2025-05-10 06:02:44,-0.2,6.9,36.5673,-116.2301,Low
2025-05-10 04:43:55_37.4558333333333_-118.828833333333,2025-05-10 04:43:55,1.14,1.96,37.4558333333333,-118.828833333333,Low
2025-05-10 04:23:43_34.7353333_-118.7513333,2025-05-10 04:23:43,1.95,9.77,34.7353333,-118.7513333,Low
2025-05-10 04:08:33_36.063_-120.6305,2025-05-10 04:08:33,1.04,0.41,36.063,-120.6305,Low
2025-05-10 03:47:42_33.5325_-116.7225,2025-05-10 03:47:42,0.6,4.98,33.5325,-116.7225,Low
2025-05-10 03:27:47_38.8255004882812_-122.766334533691,2025-05-10 03:27:47,1.06,1.91999995708466,38.8255004882812,-122.766334533691,Low
2025-05-10 03:26:15_43.370666666666665_-123.824,2025-05-10 03:26:15,1.73,-0.45,43.370666666666665,-123.824,Low
2025-05-10 03:15:40_33.8463333_-117.4843333,2025-05-10 03:15:40,1.47,-0.52,33.8463333,-117.4843333,Low
2025-05-10 03:14:02_34.0458333_-118.9645,2025-05-10 03:14:02,2.15,12.58,34.0458333,-118.9645,Low
2025-05-10 03:12:34_38.829833984375_-122.799163818359,2025-05-10 03:12:34,0.74,1.67999994754791,38.829833984375,-122.799163818359,Low
2025-05-10 02:51:58_36.5656666666667_-121.038166666667,2025-05-10 02:51:58,1.04,9.01,36.5656666666667,-121.038166666667,Low
2025-05-10 02:46:34_38.8221664428711_-122.798164367676,2025-05-10 02:46:34,0.26,2.97000002861023,38.8221664428711,-122.798164367676,Low
2025-05-10 02:19:31_39.0161666666667_-111.399833333333,2025-05-10 02:19:31,0.94,-1.35,39.0161666666667,-111.399833333333,Low
2025-05-10 02:09:00_35.7396667_-117.5855,2025-05-10 02:09:00,0.9,1.83,35.7396667,-117.5855,Low
2025-05-10 02:00:26_38.8193321228027_-122.84049987793,2025-05-10 02:00:26,0.65,1.99000000953674,38.8193321228027,-122.84049987793,Low
2025-05-10 01:27:00_38.8325004577637_-122.798667907715,2025-05-10 01:27:00,0.36,2.34999990463257,38.8325004577637,-122.798667907715,Low
2025-05-10 01:24:45_41.9053_-119.5769,2025-05-10 01:24:45,2.5,10.5,41.9053,-119.5769,Low
2025-05-10 01:24:41_39.0018333333333_-123.2365,2025-05-10 01:24:41,1.14,-0.31,39.0018333333333,-123.2365,Low
2025-05-10 01:19:32_37.6288333333333_-119.028833333333,2025-05-10 01:19:32,0.16,-0.8,37.6288333333333,-119.028833333333,Low
2025-05-10 01:10:18_37.1588333333333_-121.558333333333,2025-05-10 01:10:18,0.74,1.8,37.1588333333333,-121.558333333333,Low
2025-05-10 01:07:19_37.5076666666667_-118.868666666667,2025-05-10 01:07:19,2.64,3.38,37.5076666666667,-118.868666666667,Low
2025-05-10 00:06:01_38.8190002441406_-122.825164794922,2025-05-10 00:06:01,0.83,1.78999996185303,38.8190002441406,-122.825164794922,Low
2025-05-09 23:51:49_33.011_-116.0888333,2025-05-09 23:51:49,1.35,-0.18,33.011,-116.0888333,Low
2025-05-09 23:50:06_38.8326683044434_-122.790664672852,2025-05-09 23:50:06,0.72,1.89999997615814,38.8326683044434,-122.790664672852,Low
2025-05-09 23:48:00_33.0515_-115.0065,2025-05-09 23:48:00,1.32,-0.2,33.0515,-115.0065,Low
2025-05-09 23:23:21_33.85_-116.1366667,2025-05-09 23:23:21,0.44,8.08,33.85,-116.1366667,Low
2025-05-09 23:19:09_40.3095_-124.953833333333,2025-05-09 23:19:09,2.46,10,40.3095,-124.953833333333,Low
2025-05-09 23:11:23_44.5475_-122.83383333333333,2025-05-09 23:11:23,1.8800000000000001,-0.52,44.5475,-122.83383333333333,Low
2025-05-09 23:06:20_32.6225_-116.978,2025-05-09 23:06:20,0.86,-0.44,32.6225,-116.978,Low
2025-05-09 23:05:58_38.1326666666667_-122.180666666667,2025-05-09 23:05:58,2.13,-0.07,38.1326666666667,-122.180666666667,Low
2025-05-09 23:00:07_43.0205_-111.436333333333,2025-05-09 23:00:07,1.64,8.7,43.0205,-111.436333333333,Low
2025-05-09 22:03:21_34.2998333_-118.4066667,2025-05-09 22:03:21,1.71,11.27,34.2998333,-118.4066667,Low
2025-05-09 21:59:03_38.8333320617676_-122.796501159668,2025-05-09 21:59:03,0.8,2.15000009536743,38.8333320617676,-122.796501159668,Low
2025-05-09 21:53:40_38.8401679992676_-122.877502441406,2025-05-09 21:53:40,0.74,2.19000005722046,38.8401679992676,-122.877502441406,Low
2025-05-09 21:44:23_38.792667388916_-122.760330200195,2025-05-09 21:44:23,0.38,0.529999971389771,38.792667388916,-122.760330200195,Low
2025-05-09 21:35:26_35.3515_-117.8035,2025-05-09 21:35:26,0.38,10.31,35.3515,-117.8035,Low
2025-05-09 21:21:54_39.1207_-119.0523,2025-05-09 21:21:54,1.3,6.4,39.1207,-119.0523,Low
2025-05-09 21:04:07_38.8240013122559_-122.785003662109,2025-05-09 21:04:07,0.78,0.649999976158142,38.8240013122559,-122.785003662109,Low
2025-05-09 20:48:29_38.8359985351562_-122.798835754395,2025-05-09 20:48:29,1.09,1.66999995708466,38.8359985351562,-122.798835754395,Low
2025-05-09 20:39:33_38.824_-122.8455,2025-05-09 20:39:33,0.38,2.09,38.824,-122.8455,Low
2025-05-09 20:06:27_38.8256683349609_-122.815498352051,2025-05-09 20:06:27,0.77,2.08999991416931,38.8256683349609,-122.815498352051,Low
2025-05-09 20:01:16_36.1011667_-117.8686667,2025-05-09 20:01:16,0.99,4.79,36.1011667,-117.8686667,Low
2025-05-09 19:42:18_34.206_-117.5453333,2025-05-09 19:42:18,1.06,6.18,34.206,-117.5453333,Low
2025-05-09 19:41:32_33.0678333_-116.6105,2025-05-09 19:41:32,0.12,13.07,33.0678333,-116.6105,Low
2025-05-09 19:39:09_34.4068333_-118.6343333,2025-05-09 19:39:09,0.52,2.55,34.4068333,-118.6343333,Low
2025-05-09 19:11:49_34.0056667_-117.5833333,2025-05-09 19:11:49,2.24,4.34,34.0056667,-117.5833333,Low
2025-05-09 18:59:54_38.7980003356934_-122.750663757324,2025-05-09 18:59:54,1.32,1.48000001907349,38.7980003356934,-122.750663757324,Low
2025-05-09 18:55:08_35.5986667_-117.4856667,2025-05-09 18:55:08,0.71,10.52,35.5986667,-117.4856667,Low
2025-05-09 18:44:22_44.2445_-114.042333333333,2025-05-09 18:44:22,2.24,7.08,44.2445,-114.042333333333,Low
2025-05-09 18:25:22_42.1643333333333_-111.616,2025-05-09 18:25:22,1.52,-1.75,42.1643333333333,-111.616,Low
2025-05-09 18:20:30_38.8235015869141_-122.846000671387,2025-05-09 18:20:30,0.62,2.07999992370605,38.8235015869141,-122.846000671387,Low
2025-05-09 18:10:12_44.2868333333333_-115.1865,2025-05-09 18:10:12,1.51,-1.32,44.2868333333333,-115.1865,Low
2025-05-09 18:09:48_35.9785_-120.885,2025-05-09 18:09:48,1.05,10.15,35.9785,-120.885,Low
2025-05-09 18:02:25_33.9625_-116.5603333,2025-05-09 18:02:25,0.66,6.79,33.9625,-116.5603333,Low
2025-05-09 17:53:11_34.3001667_-118.4048333,2025-05-09 17:53:11,1.33,11.27,34.3001667,-118.4048333,Low
2025-05-09 17:49:08_38.7623333333333_-122.732,2025-05-09 17:49:08,0.25,1.84,38.7623333333333,-122.732,Low
2025-05-09 17:48:54_38.7728333333333_-122.743333333333,2025-05-09 17:48:54,0.31,1.99,38.7728333333333,-122.743333333333,Low
2025-05-09 17:30:00_40.5156666666667_-112.2035,2025-05-09 17:30:00,1.28,0.4,40.5156666666667,-112.2035,Low
2025-05-09 17:26:29_35.602_-117.4855,2025-05-09 17:26:29,2.3,11.01,35.602,-117.4855,Low
2025-05-09 17:25:03_38.8373336791992_-122.821334838867,2025-05-09 17:25:03,1.16,2.5699999332428,38.8373336791992,-122.821334838867,Low
2025-05-09 17:15:45_37.4686666666667_-118.8505,2025-05-09 17:15:45,1.14,5.39,37.4686666666667,-118.8505,Low
2025-05-09 17:05:38_33.999_-116.8228333,2025-05-09 17:05:38,0.48,10.92,33.999,-116.8228333,Low
2025-05-09 17:04:19_36.7736_-116.2531,2025-05-09 17:04:19,-0.5,9.7,36.7736,-116.2531,Low
2025-05-09 16:46:59_35.7765_-117.7656667,2025-05-09 16:46:59,0.44,7.24,35.7765,-117.7656667,Low
2025-05-09 16:44:37_33.528_-116.7221667,2025-05-09 16:44:37,0.85,5.07,33.528,-116.7221667,Low
2025-05-09 16:35:43_38.8186683654785_-122.767166137695,2025-05-09 16:35:43,0.76,2.14000010490417,38.8186683654785,-122.767166137695,Low
2025-05-09 16:34:01_38.8115005493164_-122.830665588379,2025-05-09 16:34:01,0.74,1.51999998092651,38.8115005493164,-122.830665588379,Low
2025-05-09 16:12:45_36.0303333_-117.8146667,2025-05-09 16:12:45,1.18,1.08,36.0303333,-117.8146667,Low
2025-05-09 15:58:04_38.8283348083496_-122.801666259766,2025-05-09 15:58:04,0.28,1.69000005722046,38.8283348083496,-122.801666259766,Low
2025-05-09 15:42:54_38.8293333333333_-122.814333333333,2025-05-09 15:42:54,0.43,1.77,38.8293333333333,-122.814333333333,Low
2025-05-09 15:31:37_35.6593333_-117.5535,2025-05-09 15:31:37,1.03,4.53,35.6593333,-117.5535,Low
2025-05-09 15:18:30_38.8266677856445_-122.813331604004,2025-05-09 15:18:30,0.77,1.82000005245209,38.8266677856445,-122.813331604004,Low
2025-05-09 15:13:18_37.543_-118.875,2025-05-09 15:13:18,0.39,6.67,37.543,-118.875,Low
2025-05-09 15:04:11_33.9438333_-117.0045,2025-05-09 15:04:11,1.23,16.71,33.9438333,-117.0045,Low
2025-05-09 15:03:30_34.2981667_-118.4178333,2025-05-09 15:03:30,0.82,12.84,34.2981667,-118.4178333,Low
2025-05-09 14:28:50_33.6863333_-117.4006667,2025-05-09 14:28:50,0.41,8.46,33.6863333,-117.4006667,Low
2025-05-09 14:06:44_38.8266666666667_-122.8135,2025-05-09 14:06:44,0,2.25,38.8266666666667,-122.8135,Low
2025-05-09 13:59:17_39.0078333333333_-111.393,2025-05-09 13:59:17,0.92,0.06,39.0078333333333,-111.393,Low
2025-05-09 13:49:03_34.0056667_-116.7883333,2025-05-09 13:49:03,0.6,16.95,34.0056667,-116.7883333,Low
2025-05-09 13:48:52_38.8263333333333_-122.815166666667,2025-05-09 13:48:52,0.34,2.28,38.8263333333333,-122.815166666667,Low
2025-05-09 13:21:38_38.8269996643066_-122.819831848145,2025-05-09 13:21:38,0.79,5.07999992370605,38.8269996643066,-122.819831848145,Low
2025-05-09 13:06:17_35.8051667_-118.0271667,2025-05-09 13:06:17,0.46,3.65,35.8051667,-118.0271667,Low
2025-05-09 12:46:00_35.3708333_-118.9405,2025-05-09 12:46:00,1.53,18.81,35.3708333,-118.9405,Low
2025-05-09 12:33:20_38.8288345336914_-122.815002441406,2025-05-09 12:33:20,0.34,1.80999994277954,38.8288345336914,-122.815002441406,Low
2025-05-09 12:01:44_38.843334197998_-122.824501037598,2025-05-09 12:01:44,0.45,1.99000000953674,38.843334197998,-122.824501037598,Low
2025-05-09 11:50:37_38.771_-122.726333333333,2025-05-09 11:50:37,0.14,0.98,38.771,-122.726333333333,Low
2025-05-09 11:40:33_38.8279991149902_-122.814163208008,2025-05-09 11:40:33,0.39,2.21000003814697,38.8279991149902,-122.814163208008,Low
2025-05-09 11:39:23_40.3401666666667_-124.658166666667,2025-05-09 11:39:23,2.52,23.04,40.3401666666667,-124.658166666667,Low
2025-05-09 11:37:55_38.7700004577637_-122.726165771484,2025-05-09 11:37:55,1.01,1.29999995231628,38.7700004577637,-122.726165771484,Low
2025-05-09 11:36:24_38.8236656188965_-122.814331054688,2025-05-09 11:36:24,0.67,2.15000009536743,38.8236656188965,-122.814331054688,Low
2025-05-09 11:32:50_38.8263333333333_-122.812166666667,2025-05-09 11:32:50,0.24,1.86,38.8263333333333,-122.812166666667,Low
2025-05-09 11:31:07_38.8261666666667_-122.811333333333,2025-05-09 11:31:07,2.49,2.09,38.8261666666667,-122.811333333333,Low
2025-05-09 11:28:06_37.4653333333333_-118.847,2025-05-09 11:28:06,1,7.19,37.4653333333333,-118.847,Low
2025-05-09 11:01:47_39.613_-111.3255,2025-05-09 11:01:47,1.17,10.35,39.613,-111.3255,Low
2025-05-09 10:44:59_44.315_-115.1605,2025-05-09 10:44:59,0.9,5.35,44.315,-115.1605,Low
2025-05-09 10:23:36_40.4093333333333_-125.0635,2025-05-09 10:23:36,3.54,10,40.4093333333333,-125.0635,Low
2025-05-09 10:19:11_38.8209991455078_-122.783668518066,2025-05-09 10:19:11,1.04,2.3199999332428,38.8209991455078,-122.783668518066,Low
2025-05-09 10:17:11_33.536_-116.7213333,2025-05-09 10:17:11,0.55,5.5,33.536,-116.7213333,Low
2025-05-09 10:06:38_35.891_-117.7121667,2025-05-09 10:06:38,0.68,4.59,35.891,-117.7121667,Low
2025-05-09 10:04:39_36.0365_-117.7621667,2025-05-09 10:04:39,0.93,1.65,36.0365,-117.7621667,Low
2025-05-09 09:55:41_36.05_-120.2135,2025-05-09 09:55:41,1.08,8.19,36.05,-120.2135,Low
2025-05-09 09:37:02_36.6844_-116.0839,2025-05-09 09:37:02,-0.5,1.3,36.6844,-116.0839,Low
2025-05-09 09:32:27_34.0033333_-116.8418333,2025-05-09 09:32:27,0.87,17.61,34.0033333,-116.8418333,Low
2025-05-09 09:26:18_33.2515_-116.0978333,2025-05-09 09:26:18,1.56,9.94,33.2515,-116.0978333,Low
2025-05-09 09:12:01_38.8218333333333_-122.763333333333,2025-05-09 09:12:01,0.4,2.41,38.8218333333333,-122.763333333333,Low
2025-05-09 09:05:43_38.8408317565918_-122.837669372559,2025-05-09 09:05:43,1.5,1.51999998092651,38.8408317565918,-122.837669372559,Low
2025-05-09 09:05:11_38.8258323669434_-122.853996276855,2025-05-09 09:05:11,0.71,2.46000003814697,38.8258323669434,-122.853996276855,Low
2025-05-09 08:46:41_38.8455009460449_-122.839836120605,2025-05-09 08:46:41,0.63,2.01999998092651,38.8455009460449,-122.839836120605,Low
2025-05-09 07:44:38_38.8351669311523_-122.790000915527,2025-05-09 07:44:38,0.27,1.49000000953674,38.8351669311523,-122.790000915527,Low
2025-05-09 07:44:30_38.8358333333333_-122.7895,2025-05-09 07:44:30,0.16,2.04,38.8358333333333,-122.7895,Low
2025-05-09 06:32:05_35.6025_-117.4865,2025-05-09 06:32:05,1.45,9.5,35.6025,-117.4865,Low
2025-05-09 06:09:12_34.305_-118.4215,2025-05-09 06:09:12,0.69,11.4,34.305,-118.4215,Low
2025-05-09 06:07:20_38.8253326416016_-122.843330383301,2025-05-09 06:07:20,0.56,1.69000005722046,38.8253326416016,-122.843330383301,Low
2025-05-09 05:50:16_35.8888333_-117.713,2025-05-09 05:50:16,0.82,2.73,35.8888333,-117.713,Low
2025-05-09 05:40:22_35.3498333_-117.797,2025-05-09 05:40:22,1.16,6.51,35.3498333,-117.797,Low
2025-05-09 05:27:47_38.8338317871094_-122.808670043945,2025-05-09 05:27:47,0.21,2.11999988555908,38.8338317871094,-122.808670043945,Low
2025-05-09 05:14:58_35.3538333_-117.807,2025-05-09 05:14:58,1.3,7.75,35.3538333,-117.807,Low
2025-05-09 05:11:57_38.8014984130859_-122.738502502441,2025-05-09 05:11:57,0.72,2.48000001907349,38.8014984130859,-122.738502502441,Low
2025-05-09 04:36:03_40.3318333333333_-111.442666666667,2025-05-09 04:36:03,2.29,10.47,40.3318333333333,-111.442666666667,Low
2025-05-09 04:34:41_34.3018333_-118.4138333,2025-05-09 04:34:41,0.89,12.17,34.3018333,-118.4138333,Low
2025-05-09 04:32:26_33.7786667_-115.9396667,2025-05-09 04:32:26,0.89,1.62,33.7786667,-115.9396667,Low
2025-05-09 04:27:07_40.3376666666667_-124.793833333333,2025-05-09 04:27:07,1.88,17.49,40.3376666666667,-124.793833333333,Low
2025-05-09 04:02:56_33.9243333_-117.0938333,2025-05-09 04:02:56,1.1,13.29,33.9243333,-117.0938333,Low
2025-05-09 03:55:46_33.8633333_-115.5248333,2025-05-09 03:55:46,1.63,1.27,33.8633333,-115.5248333,Low
2025-05-09 03:40:08_38.8366666666667_-122.824166666667,2025-05-09 03:40:08,0.44,1.79,38.8366666666667,-122.824166666667,Low
2025-05-09 03:32:30_34.1916667_-117.4735,2025-05-09 03:32:30,1.07,3.86,34.1916667,-117.4735,Low
2025-05-09 03:02:28_37.8631666666667_-122.2495,2025-05-09 03:02:28,1.23,10.76,37.8631666666667,-122.2495,Low
2025-05-09 02:38:45_35.3496667_-117.7956667,2025-05-09 02:38:45,1.04,3.67,35.3496667,-117.7956667,Low
2025-05-09 02:38:09_35.3476667_-117.7885,2025-05-09 02:38:09,1.09,5.6,35.3476667,-117.7885,Low
2025-05-09 02:35:37_33.8516667_-117.4963333,2025-05-09 02:35:37,1.67,-0.51,33.8516667,-117.4963333,Low
2025-05-09 02:13:44_38.8341674804688_-122.804832458496,2025-05-09 02:13:44,1.35,2.07999992370605,38.8341674804688,-122.804832458496,Low
2025-05-09 02:13:34_35.354_-117.795,2025-05-09 02:13:34,1.36,2.79,35.354,-117.795,Low
2025-05-09 02:02:10_38.8346672058105_-122.821334838867,2025-05-09 02:02:10,0.28,1.57000005245209,38.8346672058105,-122.821334838867,Low
2025-05-09 01:55:41_36.1106667_-117.9225,2025-05-09 01:55:41,0.99,2.32,36.1106667,-117.9225,Low
2025-05-09 01:37:21_38.767_-122.735166666667,2025-05-09 01:37:21,0.23,1.67,38.767,-122.735166666667,Low
2025-05-09 01:21:06_35.6788333_-117.5411667,2025-05-09 01:21:06,0.96,9.13,35.6788333,-117.5411667,Low
2025-05-09 00:30:13_37.5933333333333_-121.997333333333,2025-05-09 00:30:13,1.07,9.04,37.5933333333333,-121.997333333333,Low
2025-05-09 00:29:39_38.7933349609375_-122.749496459961,2025-05-09 00:29:39,1.17,2.59999990463257,38.7933349609375,-122.749496459961,Low
2025-05-08 23:53:51_38.8143348693848_-122.804000854492,2025-05-08 23:53:51,2.1,2.34999990463257,38.8143348693848,-122.804000854492,Low
2025-05-08 23:45:29_37.7158_-115.1614,2025-05-08 23:45:29,1.6,4.6,37.7158,-115.1614,Low
2025-05-08 23:28:49_33.0466667_-115.0018333,2025-05-08 23:28:49,1.16,-0.2,33.0466667,-115.0018333,Low
2025-05-08 23:23:10_38.8366661071777_-122.839668273926,2025-05-08 23:23:10,0.31,4.21000003814697,38.8366661071777,-122.839668273926,Low
2025-05-08 23:17:18_41.8564_-119.5589,2025-05-08 23:17:18,1.8,2,41.8564,-119.5589,Low
2025-05-08 23:00:49_37.8121666666667_-119.000333333333,2025-05-08 23:00:49,1.13,3.65,37.8121666666667,-119.000333333333,Low
2025-05-08 22:26:45_37.071_-121.861833333333,2025-05-08 22:26:45,0.85,6.65,37.071,-121.861833333333,Low
2025-05-08 22:26:06_34.5373333_-119.9821667,2025-05-08 22:26:06,0.91,-0.56,34.5373333,-119.9821667,Low
2025-05-08 22:14:37_37.5938333333333_-121.999666666667,2025-05-08 22:14:37,1.31,8.86,37.5938333333333,-121.999666666667,Low
2025-05-08 22:14:27_39.1636_-119.0226,2025-05-08 22:14:27,1.1,8,39.1636,-119.0226,Low
2025-05-08 22:14:26_40.2565_-122.100666666667,2025-05-08 22:14:26,1.97,10.48,40.2565,-122.100666666667,Low
2025-05-08 21:55:50_37.4841666666667_-121.837166666667,2025-05-08 21:55:50,1.62,7.83,37.4841666666667,-121.837166666667,Low
2025-05-08 21:43:56_39.276_-123.136,2025-05-08 21:43:56,1.71,4.77,39.276,-123.136,Low
2025-05-08 21:17:50_33.0685_-116.4128333,2025-05-08 21:17:50,0.48,14.2,33.0685,-116.4128333,Low
2025-05-08 21:15:18_37.5955_-122.003333333333,2025-05-08 21:15:18,2.07,8.68,37.5955,-122.003333333333,Low
2025-05-08 21:07:25_36.7833_-115.9994,2025-05-08 21:07:25,-0.1,7.2,36.7833,-115.9994,Low
2025-05-08 21:02:37_37.5896666666667_-121.998166666667,2025-05-08 21:02:37,1.82,8.85,37.5896666666667,-121.998166666667,Low
2025-05-08 20:57:57_36.114_-117.9238333,2025-05-08 20:57:57,2.05,2.12,36.114,-117.9238333,Low
2025-05-08 20:55:19_38.8191666666667_-122.842333333333,2025-05-08 20:55:19,0.32,2.01,38.8191666666667,-122.842333333333,Low
2025-05-08 20:48:53_37.5916666666667_-122.001,2025-05-08 20:48:53,1.23,7.7,37.5916666666667,-122.001,Low
2025-05-08 20:48:45_38.8058319091797_-122.795997619629,2025-05-08 20:48:45,1.05,3.53999996185303,38.8058319091797,-122.795997619629,Low
2025-05-08 20:47:18_37.5951666666667_-122.004833333333,2025-05-08 20:47:18,2.78,9.74,37.5951666666667,-122.004833333333,Low
2025-05-08 20:42:17_35.3526667_-117.8085,2025-05-08 20:42:17,0.86,8.76,35.3526667,-117.8085,Low
2025-05-08 20:40:25_38.8223342895508_-122.807502746582,2025-05-08 20:40:25,1.18,2.54999995231628,38.8223342895508,-122.807502746582,Low
2025-05-08 20:37:04_33.2373333_-116.7206667,2025-05-08 20:37:04,0.45,11.46,33.2373333,-116.7206667,Low
2025-05-08 20:25:39_42.405_-111.5175,2025-05-08 20:25:39,1.37,0.02,42.405,-111.5175,Low
2025-05-08 20:20:23_36.1146667_-117.9213333,2025-05-08 20:20:23,1.7,2.72,36.1146667,-117.9213333,Low
2025-05-08 20:20:19_35.3451667_-117.7873333,2025-05-08 20:20:19,0.78,7.43,35.3451667,-117.7873333,Low
2025-05-08 20:18:45_33.231_-116.7428333,2025-05-08 20:18:45,1.99,10.66,33.231,-116.7428333,Low
2025-05-08 20:14:04_38.8375015258789_-122.782669067383,2025-05-08 20:14:04,1.01,1.94000005722046,38.8375015258789,-122.782669067383,Low
2025-05-08 20:13:14_33.899_-117.6663333,2025-05-08 20:13:14,2.61,5.62,33.899,-117.6663333,Low
2025-05-08 20:03:57_38.7576675415039_-122.731002807617,2025-05-08 20:03:57,1.16,1.78999996185303,38.7576675415039,-122.731002807617,Low
2025-05-08 20:02:01_33.6661667_-116.6853333,2025-05-08 20:02:01,0.89,16.02,33.6661667,-116.6853333,Low
2025-05-08 19:36:35_38.8178329467773_-122.795669555664,2025-05-08 19:36:35,1.1,2.29999995231628,38.8178329467773,-122.795669555664,Low
2025-05-08 19:29:48_38.826000213623_-122.798500061035,2025-05-08 19:29:48,0.43,2.9300000667572,38.826000213623,-122.798500061035,Low
2025-05-08 19:22:25_33.7751667_-116.1375,2025-05-08 19:22:25,1.14,5.36,33.7751667,-116.1375,Low
2025-05-08 19:07:13_33.6978333_-116.8,2025-05-08 19:07:13,0.89,15.47,33.6978333,-116.8,Low
2025-05-08 19:00:09_36.1133333_-117.922,2025-05-08 19:00:09,1.8,2.54,36.1133333,-117.922,Low
2025-05-08 18:47:42_34.0118333_-116.3423333,2025-05-08 18:47:42,1.25,2.77,34.0118333,-116.3423333,Low
2025-05-08 18:44:16_33.9811667_-117.1983333,2025-05-08 18:44:16,0.75,10.31,33.9811667,-117.1983333,Low
2025-05-08 18:44:13_38.8333320617676_-122.882499694824,2025-05-08 18:44:13,0.96,1.76999998092651,38.8333320617676,-122.882499694824,Low
2025-05-08 18:39:42_35.3565_-117.7988333,2025-05-08 18:39:42,1.11,5.15,35.3565,-117.7988333,Low
2025-05-08 18:34:24_35.526_-118.3888333,2025-05-08 18:34:24,1.3,5.45,35.526,-118.3888333,Low
2025-05-08 18:31:08_38.824333190918_-122.845336914062,2025-05-08 18:31:08,0.34,2.08999991416931,38.824333190918,-122.845336914062,Low
2025-05-08 18:16:03_37.914_-122.2075,2025-05-08 18:16:03,1.71,5.47,37.914,-122.2075,Low
2025-05-08 17:51:07_38.7848333333333_-122.772,2025-05-08 17:51:07,1.06,4.37,38.7848333333333,-122.772,Low
2025-05-08 17:44:15_38.8363342285156_-122.818168640137,2025-05-08 17:44:15,0.69,1.47000002861023,38.8363342285156,-122.818168640137,Low
2025-05-08 17:35:02_38.809_-122.7925,2025-05-08 17:35:02,0.35,0.87,38.809,-122.7925,Low
2025-05-08 17:18:50_33.6666667_-116.7721667,2025-05-08 17:18:50,0.93,11.69,33.6666667,-116.7721667,Low
2025-05-08 17:12:35_36.0913333_-117.0916667,2025-05-08 17:12:35,1.69,2.32,36.0913333,-117.0916667,Low
2025-05-08 17:05:13_33.1636667_-115.6908333,2025-05-08 17:05:13,1.32,0.79,33.1636667,-115.6908333,Low
2025-05-08 17:04:29_33.182_-115.6041667,2025-05-08 17:04:29,1.39,3.23,33.182,-115.6041667,Low
2025-05-08 17:03:15_39.1493_-119.0563,2025-05-08 17:03:15,1.4,3.8,39.1493,-119.0563,Low
2025-05-08 16:52:00_33.5323333_-116.7298333,2025-05-08 16:52:00,0.51,4.65,33.5323333,-116.7298333,Low
2025-05-08 16:01:46_37.3111666666667_-119.9685,2025-05-08 16:01:46,1.84,14.56,37.3111666666667,-119.9685,Low
2025-05-08 15:58:17_38.8193321228027_-122.806167602539,2025-05-08 15:58:17,1.11,3.19000005722046,38.8193321228027,-122.806167602539,Low
2025-05-08 15:56:06_38.7873344421387_-122.744667053223,2025-05-08 15:56:06,0.31,1.58000004291534,38.7873344421387,-122.744667053223,Low
2025-05-08 15:53:17_40.3685_-124.9765,2025-05-08 15:53:17,2.7,12.07,40.3685,-124.9765,Low
2025-05-08 15:51:36_38.7995_-122.8,2025-05-08 15:51:36,0.3,1.36,38.7995,-122.8,Low
2025-05-08 15:41:00_35.3528333_-117.8088333,2025-05-08 15:41:00,1.92,8.96,35.3528333,-117.8088333,Low
2025-05-08 15:36:01_38.8_-122.776666666667,2025-05-08 15:36:01,0.37,3.4,38.8,-122.776666666667,Low
2025-05-08 15:33:11_38.821834564209_-122.763496398926,2025-05-08 15:33:11,0.76,2.34999990463257,38.821834564209,-122.763496398926,Low
2025-05-08 15:29:02_38.8391666666667_-122.838,2025-05-08 15:29:02,0.44,1.91,38.8391666666667,-122.838,Low
2025-05-08 15:28:58_38.7718333333333_-122.726833333333,2025-05-08 15:28:58,0.23,1.26,38.7718333333333,-122.726833333333,Low
2025-05-08 15:24:33_33.5296667_-116.7316667,2025-05-08 15:24:33,0.4,5.06,33.5296667,-116.7316667,Low
2025-05-08 14:49:46_35.353_-117.7955,2025-05-08 14:49:46,0.68,4.81,35.353,-117.7955,Low
2025-05-08 14:27:03_38.8240013122559_-122.762336730957,2025-05-08 14:27:03,0.73,2.20000004768372,38.8240013122559,-122.762336730957,Low
2025-05-08 14:26:29_39.4268333333333_-123.127166666667,2025-05-08 14:26:29,1.13,5.32,39.4268333333333,-123.127166666667,Low
2025-05-08 14:26:23_38.8351666666667_-122.7875,2025-05-08 14:26:23,0.17,2.63,38.8351666666667,-122.7875,Low
2025-05-08 14:25:53_33.2345_-116.0325,2025-05-08 14:25:53,1.01,5.2,33.2345,-116.0325,Low
2025-05-08 14:19:31_35.8785_-117.6938333,2025-05-08 14:19:31,0.9,4.84,35.8785,-117.6938333,Low
2025-05-08 13:50:58_38.839168548584_-122.82266998291,2025-05-08 13:50:58,0.78,1.3400000333786,38.839168548584,-122.82266998291,Low
2025-05-08 13:50:03_38.8203315734863_-122.806999206543,2025-05-08 13:50:03,0.77,2.64000010490417,38.8203315734863,-122.806999206543,Low
2025-05-08 13:33:05_38.8698333333333_-123.575333333333,2025-05-08 13:33:05,1.42,5.59,38.8698333333333,-123.575333333333,Low
2025-05-08 13:24:34_33.4408333_-116.6238333,2025-05-08 13:24:34,0.48,10.38,33.4408333,-116.6238333,Low
2025-05-08 13:23:15_37.4976666666667_-118.625166666667,2025-05-08 13:23:15,0.82,5.83,37.4976666666667,-118.625166666667,Low
2025-05-08 12:59:52_36.7014_-115.7108,2025-05-08 12:59:52,1.9,3.2,36.7014,-115.7108,Low
2025-05-08 12:57:05_39.2653333333333_-120.380833333333,2025-05-08 12:57:05,2.57,2.51,39.2653333333333,-120.380833333333,Low
2025-05-08 12:51:45_38.7936666666667_-122.725333333333,2025-05-08 12:51:45,0.95,1.91,38.7936666666667,-122.725333333333,Low
2025-05-08 12:29:08_38.8283333333333_-122.855666666667,2025-05-08 12:29:08,0.54,2.47,38.8283333333333,-122.855666666667,Low
2025-05-08 12:21:01_38.8251647949219_-122.813835144043,2025-05-08 12:21:01,0.45,4.69999980926514,38.8251647949219,-122.813835144043,Low
2025-05-08 12:13:11_35.3528333_-117.787,2025-05-08 12:13:11,1.97,5.87,35.3528333,-117.787,Low
2025-05-08 12:02:21_33.6176667_-116.7781667,2025-05-08 12:02:21,1.32,15.74,33.6176667,-116.7781667,Low
2025-05-08 11:57:46_34.1256667_-117.4325,2025-05-08 11:57:46,0.86,6.48,34.1256667,-117.4325,Low
2025-05-08 11:54:30_34.1271667_-117.4333333,2025-05-08 11:54:30,1.55,7.67,34.1271667,-117.4333333,Low
2025-05-08 11:52:55_38.818_-122.766,2025-05-08 11:52:55,0.62,1.93,38.818,-122.766,Low
2025-05-08 11:47:32_39.0006666666667_-111.409166666667,2025-05-08 11:47:32,0.93,-0.86,39.0006666666667,-111.409166666667,Low
2025-05-08 11:45:56_39.414_-123.366333333333,2025-05-08 11:45:56,1.26,3.38,39.414,-123.366333333333,Low
2025-05-08 11:32:28_34.1436667_-117.4193333,2025-05-08 11:32:28,0.5,5.08,34.1436667,-117.4193333,Low
2025-05-08 11:27:42_38.8195_-122.7605,2025-05-08 11:27:42,0.38,2.13,38.8195,-122.7605,Low
2025-05-08 10:56:33_38.828498840332_-122.815330505371,2025-05-08 10:56:33,0.8,1.88999998569489,38.828498840332,-122.815330505371,Low
2025-05-08 10:51:36_38.8334999084473_-122.792335510254,2025-05-08 10:51:36,0.27,1.74000000953674,38.8334999084473,-122.792335510254,Low
2025-05-08 10:39:27_33.4783333_-116.5081667,2025-05-08 10:39:27,0.93,12.56,33.4783333,-116.5081667,Low
2025-05-08 10:36:09_38.8224983215332_-122.842163085938,2025-05-08 10:36:09,1.07,1.78999996185303,38.8224983215332,-122.842163085938,Low
2025-05-08 10:27:09_38.0466666666667_-119.049,2025-05-08 10:27:09,2.13,10.23,38.0466666666667,-119.049,Low
2025-05-08 10:21:20_33.29_-116.2555,2025-05-08 10:21:20,2.31,9.95,33.29,-116.2555,Low
2025-05-08 10:20:59_33.2881667_-116.2566667,2025-05-08 10:20:59,2.31,9.88,33.2881667,-116.2566667,Low
2025-05-08 10:13:22_38.8193321228027_-122.765167236328,2025-05-08 10:13:22,0.78,1.9099999666214,38.8193321228027,-122.765167236328,Low
2025-05-08 10:07:11_36.752_-121.344333333333,2025-05-08 10:07:11,1.39,13.53,36.752,-121.344333333333,Low
2025-05-08 10:02:40_33.3513333_-116.255,2025-05-08 10:02:40,1.49,11.31,33.3513333,-116.255,Low
2025-05-08 10:02:27_33.3568333_-116.2521667,2025-05-08 10:02:27,1.03,10.53,33.3568333,-116.2521667,Low
2025-05-08 10:02:20_33.3565_-116.2451667,2025-05-08 10:02:20,0.62,9.81,33.3565,-116.2451667,Low
2025-05-08 09:56:32_44.44866666666667_-122.75133333333333,2025-05-08 09:56:32,0.9,6.84,44.44866666666667,-122.75133333333333,Low
2025-05-08 09:12:07_38.8343333333333_-122.801833333333,2025-05-08 09:12:07,0.4,2.6,38.8343333333333,-122.801833333333,Low
2025-05-08 09:11:31_38.836498260498_-122.783836364746,2025-05-08 09:11:31,0.78,1.77999997138977,38.836498260498,-122.783836364746,Low
2025-05-08 09:05:32_38.6795_-122.8845,2025-05-08 09:05:32,1.2,8.39,38.6795,-122.8845,Low
2025-05-08 08:48:31_38.8385009765625_-122.812164306641,2025-05-08 08:48:31,0.95,2.1800000667572,38.8385009765625,-122.812164306641,Low
2025-05-08 08:26:10_38.799_-122.804166666667,2025-05-08 08:26:10,0.23,0.79,38.799,-122.804166666667,Low
2025-05-08 08:13:26_32.9188333_-116.3016667,2025-05-08 08:13:26,1.18,9.23,32.9188333,-116.3016667,Low
2025-05-08 08:09:59_37.0501_-117.5047,2025-05-08 08:09:59,0.7,4.7,37.0501,-117.5047,Low
2025-05-08 07:58:02_42.297_-118.81783333333334,2025-05-08 07:58:02,1.45,0.31,42.297,-118.81783333333334,Low
2025-05-08 07:56:52_33.9953333_-116.8938333,2025-05-08 07:56:52,0.69,17.84,33.9953333,-116.8938333,Low
2025-05-08 07:52:00_38.7883333333333_-122.767333333333,2025-05-08 07:52:00,0.36,2.58,38.7883333333333,-122.767333333333,Low
2025-05-08 07:42:52_36.0128333_-117.7941667,2025-05-08 07:42:52,1.35,0.74,36.0128333,-117.7941667,Low
2025-05-08 07:16:32_39.1697_-119.0394,2025-05-08 07:16:32,1.3,3.8,39.1697,-119.0394,Low
2025-05-08 07:15:48_38.8171653747559_-122.813331604004,2025-05-08 07:15:48,1.02,2.77999997138977,38.8171653747559,-122.813331604004,Low
2025-05-08 07:08:21_33.6733333_-116.7393333,2025-05-08 07:08:21,0.97,14.4,33.6733333,-116.7393333,Low
2025-05-08 06:46:31_36.6541666666667_-121.207,2025-05-08 06:46:31,0.74,8.29,36.6541666666667,-121.207,Low
2025-05-08 06:26:38_33.7026667_-117.3963333,2025-05-08 06:26:38,1.17,9.72,33.7026667,-117.3963333,Low
2025-05-08 06:11:38_38.7855_-122.749833333333,2025-05-08 06:11:38,0.41,0.13,38.7855,-122.749833333333,Low
2025-05-08 06:08:29_38.8328323364258_-122.792167663574,2025-05-08 06:08:29,0.25,1.49000000953674,38.8328323364258,-122.792167663574,Low
2025-05-08 06:07:54_34.0253333_-116.7331667,2025-05-08 06:07:54,0.83,16.27,34.0253333,-116.7331667,Low
2025-05-08 06:04:03_33.6373333_-116.7058333,2025-05-08 06:04:03,0.53,12.28,33.6373333,-116.7058333,Low
2025-05-08 05:43:20_38.7918319702148_-122.733329772949,2025-05-08 05:43:20,0.8,0.740000009536743,38.7918319702148,-122.733329772949,Low
2025-05-08 05:35:17_38.7873333333333_-122.745,2025-05-08 05:35:17,0.36,2.01,38.7873333333333,-122.745,Low
2025-05-08 05:30:22_38.8321647644043_-122.818336486816,2025-05-08 05:30:22,0.77,1.41999995708466,38.8321647644043,-122.818336486816,Low
2025-05-08 05:26:25_33.8626667_-117.826,2025-05-08 05:26:25,1.31,10.85,33.8626667,-117.826,Low
2025-05-08 04:57:34_35.039_-117.6798333,2025-05-08 04:57:34,1.03,-0.79,35.039,-117.6798333,Low
2025-05-08 04:47:58_38.8173332214355_-122.813331604004,2025-05-08 04:47:58,1.34,3.27999997138977,38.8173332214355,-122.813331604004,Low
2025-05-08 04:46:54_43.462833333333336_-123.86983333333333,2025-05-08 04:46:54,1.6600000000000001,-0.42,43.462833333333336,-123.86983333333333,Low
2025-05-08 04:34:55_35.9091667_-117.7471667,2025-05-08 04:34:55,0.89,6.66,35.9091667,-117.7471667,Low
2025-05-08 04:24:40_39.1556_-119.0356,2025-05-08 04:24:40,1.2,6.5,39.1556,-119.0356,Low
2025-05-08 04:23:02_36.1555_-117.8511667,2025-05-08 04:23:02,0.7,7.62,36.1555,-117.8511667,Low
2025-05-08 04:22:25_35.69_-117.499,2025-05-08 04:22:25,0.72,6.7,35.69,-117.499,Low
2025-05-08 04:06:13_40.5906666666667_-124.123666666667,2025-05-08 04:06:13,1.67,20.6,40.5906666666667,-124.123666666667,Low
2025-05-08 03:58:45_33.9845_-116.757,2025-05-08 03:58:45,0.96,12.69,33.9845,-116.757,Low
2025-05-08 03:43:29_38.8228333333333_-122.843333333333,2025-05-08 03:43:29,-0.21,1.97,38.8228333333333,-122.843333333333,Low
2025-05-08 03:41:12_38.7913333333333_-122.780333333333,2025-05-08 03:41:12,0.31,2.33,38.7913333333333,-122.780333333333,Low
2025-05-08 03:35:34_38.7986679077148_-122.740333557129,2025-05-08 03:35:34,1.05,1.11000001430511,38.7986679077148,-122.740333557129,Low
2025-05-08 03:18:44_38.7864990234375_-122.772163391113,2025-05-08 03:18:44,0.98,1.44000005722046,38.7864990234375,-122.772163391113,Low
2025-05-08 03:12:03_29.8116_-118.0148,2025-05-08 03:12:03,3.9,19.767,29.8116,-118.0148,Low
2025-05-08 03:00:45_32.7783333_-116.8875,2025-05-08 03:00:45,1.37,-0.26,32.7783333,-116.8875,Low
2025-05-08 02:20:49_40.372_-124.961,2025-05-08 02:20:49,3.86,10,40.372,-124.961,Low
2025-05-08 02:01:59_38.7854995727539_-122.734169006348,2025-05-08 02:01:59,0.77,1.67999994754791,38.7854995727539,-122.734169006348,Low
2025-05-08 01:52:20_33.4786667_-116.5041667,2025-05-08 01:52:20,1.1,13.95,33.4786667,-116.5041667,Low
2025-05-08 01:52:16_33.4755_-116.5023333,2025-05-08 01:52:16,0.78,14.44,33.4755,-116.5023333,Low
2025-05-08 00:59:27_38.8093338012695_-122.782333374023,2025-05-08 00:59:27,0.98,1.36000001430511,38.8093338012695,-122.782333374023,Low
2025-05-08 00:57:00_38.8318328857422_-122.808502197266,2025-05-08 00:57:00,1.03,2.25999999046326,38.8318328857422,-122.808502197266,Low
2025-05-08 00:51:19_35.6796667_-117.4805,2025-05-08 00:51:19,0.39,7.06,35.6796667,-117.4805,Low
2025-05-08 00:27:46_36.3763333333333_-121.226333333333,2025-05-08 00:27:46,1.58,4.09,36.3763333333333,-121.226333333333,Low
2025-05-08 00:19:58_35.056_-118.3445,2025-05-08 00:19:58,1.12,-0.9,35.056,-118.3445,Low
2025-05-08 00:19:00_33.0508333_-116.5965,2025-05-08 00:19:00,0.58,14.43,33.0508333,-116.5965,Low
2025-05-08 00:06:35_37.1244_-117.3132,2025-05-08 00:06:35,1.1,7.3,37.1244,-117.3132,Low
2025-05-08 00:01:00_33.012_-116.3231667,2025-05-08 00:01:00,0.79,8.24,33.012,-116.3231667,Low
2025-05-07 23:56:52_38.8129997253418_-122.785835266113,2025-05-07 23:56:52,0.82,1.69000005722046,38.8129997253418,-122.785835266113,Low
2025-05-07 23:48:43_36.2335_-121.222833333333,2025-05-07 23:48:43,1.13,10.66,36.2335,-121.222833333333,Low
2025-05-07 23:40:28_33.0581667_-115.0013333,2025-05-07 23:40:28,1.43,-0.2,33.0581667,-115.0013333,Low
2025-05-07 23:12:21_38.8363342285156_-122.782333374023,2025-05-07 23:12:21,0.78,1.75,38.8363342285156,-122.782333374023,Low
2025-05-07 22:55:34_35.3263333_-117.8035,2025-05-07 22:55:34,0.94,6.41,35.3263333,-117.8035,Low
2025-05-07 22:43:54_38.8395004272461_-122.790496826172,2025-05-07 22:43:54,0.4,3.02999997138977,38.8395004272461,-122.790496826172,Low
2025-05-07 22:37:53_33.7403333_-117.4303333,2025-05-07 22:37:53,1.07,-0.64,33.7403333,-117.4303333,Low
2025-05-07 22:35:20_33.986_-118.6978333,2025-05-07 22:35:20,1.46,15.1,33.986,-118.6978333,Low
2025-05-07 22:32:14_41.9108_-119.5756,2025-05-07 22:32:14,2.1,11.6,41.9108,-119.5756,Low
2025-05-07 22:23:34_43.3551666666667_-110.865166666667,2025-05-07 22:23:34,0.77,8.83,43.3551666666667,-110.865166666667,Low
2025-05-07 22:21:10_35.3458333_-117.8041667,2025-05-07 22:21:10,0.93,9.09,35.3458333,-117.8041667,Low
2025-05-07 22:20:13_37.2576666666667_-118.6435,2025-05-07 22:20:13,1.22,10.01,37.2576666666667,-118.6435,Low
2025-05-07 22:06:38_38.8003333333333_-122.813666666667,2025-05-07 22:06:38,0.11,3.58,38.8003333333333,-122.813666666667,Low
2025-05-07 22:03:30_33.9931667_-118.6955,2025-05-07 22:03:30,3.01,13.32,33.9931667,-118.6955,Low
2025-05-07 22:01:02_44.302_-115.145,2025-05-07 22:01:02,1.52,5.29,44.302,-115.145,Low
2025-05-07 21:57:13_38.7970008850098_-122.782836914062,2025-05-07 21:57:13,0.77,3.08999991416931,38.7970008850098,-122.782836914062,Low
2025-05-07 21:49:09_33.534_-116.723,2025-05-07 21:49:09,0.62,5.25,33.534,-116.723,Low
2025-05-07 21:35:01_33.228_-116.733,2025-05-07 21:35:01,0.58,12.17,33.228,-116.733,Low
2025-05-07 21:09:01_38.837833404541_-122.795829772949,2025-05-07 21:09:01,0.74,1.9099999666214,38.837833404541,-122.795829772949,Low
2025-05-07 21:05:27_38.8296661376953_-122.814834594727,2025-05-07 21:05:27,0.64,2.03999996185303,38.8296661376953,-122.814834594727,Low
2025-05-07 21:03:12_38.834_-122.810166666667,2025-05-07 21:03:12,0.39,2.32,38.834,-122.810166666667,Low
2025-05-07 21:01:12_38.8354988098145_-122.785331726074,2025-05-07 21:01:12,0.7,1.95000004768372,38.8354988098145,-122.785331726074,Low
2025-05-07 21:00:41_41.8556666666667_-112.752,2025-05-07 21:00:41,1.51,1.82,41.8556666666667,-112.752,Low
2025-05-07 20:36:13_41.8822_-119.614,2025-05-07 20:36:13,1.9,3.1,41.8822,-119.614,Low
2025-05-07 20:35:55_38.8223342895508_-122.798164367676,2025-05-07 20:35:55,0.71,2.9300000667572,38.8223342895508,-122.798164367676,Low
2025-05-07 20:30:03_38.8186683654785_-122.798500061035,2025-05-07 20:30:03,1.08,2.57999992370605,38.8186683654785,-122.798500061035,Low
2025-05-07 20:28:43_38.835334777832_-122.803001403809,2025-05-07 20:28:43,1.27,2.22000002861023,38.835334777832,-122.803001403809,Low
2025-05-07 20:16:27_38.799_-122.813166666667,2025-05-07 20:16:27,0.36,2.78,38.799,-122.813166666667,Low
2025-05-07 20:10:42_32.504_-116.2593333,2025-05-07 20:10:42,0.76,17.11,32.504,-116.2593333,Low
2025-05-07 19:56:53_33.8458333_-117.6281667,2025-05-07 19:56:53,0.82,9.84,33.8458333,-117.6281667,Low
2025-05-07 19:52:58_38.8326666666667_-122.810666666667,2025-05-07 19:52:58,0.35,1.67,38.8326666666667,-122.810666666667,Low
2025-05-07 19:46:29_35.355_-117.809,2025-05-07 19:46:29,1.26,8.5,35.355,-117.809,Low
2025-05-07 19:36:53_41.8468333333333_-112.763833333333,2025-05-07 19:36:53,2.36,6.57,41.8468333333333,-112.763833333333,Low
2025-05-07 19:09:42_33.5048333_-116.5045,2025-05-07 19:09:42,0.65,13.32,33.5048333,-116.5045,Low
2025-05-07 19:04:16_38.8264999389648_-122.805999755859,2025-05-07 19:04:16,0.85,1.57000005245209,38.8264999389648,-122.805999755859,Low
2025-05-07 18:53:56_37.2969_-114.7173,2025-05-07 18:53:56,3,0,37.2969,-114.7173,Low
2025-05-07 18:46:43_38.7985000610352_-122.744003295898,2025-05-07 18:46:43,0.72,1.45000004768372,38.7985000610352,-122.744003295898,Low
2025-05-07 18:46:38_33.5305_-116.735,2025-05-07 18:46:38,0.65,5.38,33.5305,-116.735,Low
2025-05-07 18:45:10_35.6591667_-117.4685,2025-05-07 18:45:10,1.38,9.07,35.6591667,-117.4685,Low
2025-05-07 18:38:59_38.837833404541_-122.782333374023,2025-05-07 18:38:59,1.1,1.6599999666214,38.837833404541,-122.782333374023,Low
2025-05-07 18:29:15_38.7985000610352_-122.736663818359,2025-05-07 18:29:15,0.26,1.78999996185303,38.7985000610352,-122.736663818359,Low
2025-05-07 18:28:58_38.8383331298828_-122.807167053223,2025-05-07 18:28:58,0.2,1.88999998569489,38.8383331298828,-122.807167053223,Low
2025-05-07 18:11:23_34.0266667_-117.5936667,2025-05-07 18:11:23,0.74,5.23,34.0266667,-117.5936667,Low
2025-05-07 18:11:08_38.8411674499512_-122.876502990723,2025-05-07 18:11:08,0.22,2.02999997138977,38.8411674499512,-122.876502990723,Low
2025-05-07 18:07:39_33.6883333_-116.7136667,2025-05-07 18:07:39,0.84,12.18,33.6883333,-116.7136667,Low
2025-05-07 18:01:35_34.9123333_-119.6061667,2025-05-07 18:01:35,1.55,7.59,34.9123333,-119.6061667,Low
2025-05-07 18:00:03_38.8214988708496_-122.806335449219,2025-05-07 18:00:03,0.91,1.75999999046326,38.8214988708496,-122.806335449219,Low
2025-05-07 17:42:04_39.405_-119.7232,2025-05-07 17:42:04,0.8,4.5,39.405,-119.7232,Low
2025-05-07 17:22:03_38.8363342285156_-122.836669921875,2025-05-07 17:22:03,0.93,1.53999996185303,38.8363342285156,-122.836669921875,Low
2025-05-07 16:40:20_38.813835144043_-122.821166992188,2025-05-07 16:40:20,0.75,2.16000008583069,38.813835144043,-122.821166992188,Low
2025-05-07 16:35:35_38.8143348693848_-122.817665100098,2025-05-07 16:35:35,1.34,2.46000003814697,38.8143348693848,-122.817665100098,Low
2025-05-07 16:28:23_38.828498840332_-122.814834594727,2025-05-07 16:28:23,0.74,2.19000005722046,38.828498840332,-122.814834594727,Low
2025-05-07 16:02:50_36.0386667_-117.7715,2025-05-07 16:02:50,1.91,-0.81,36.0386667,-117.7715,Low
2025-05-07 16:02:48_36.0271667_-117.772,2025-05-07 16:02:48,1.6,1.84,36.0271667,-117.772,Low
2025-05-07 16:01:09_39.4033_-119.7206,2025-05-07 16:01:09,0.4,3.9,39.4033,-119.7206,Low
2025-05-07 15:47:32_38.8213333333333_-122.840833333333,2025-05-07 15:47:32,0.35,2.22,38.8213333333333,-122.840833333333,Low
2025-05-07 15:35:29_38.7738333333333_-122.704333333333,2025-05-07 15:35:29,0.63,2.19,38.7738333333333,-122.704333333333,Low
2025-05-07 15:29:42_38.8328333333333_-122.808833333333,2025-05-07 15:29:42,0.37,2.53,38.8328333333333,-122.808833333333,Low
2025-05-07 15:21:22_38.7946662902832_-122.808502197266,2025-05-07 15:21:22,0.26,3.73000001907349,38.7946662902832,-122.808502197266,Low
2025-05-07 15:12:22_33.032_-116.4821667,2025-05-07 15:12:22,0.74,15.89,33.032,-116.4821667,Low
2025-05-07 15:00:54_39.4049_-119.7247,2025-05-07 15:00:54,0.5,3.9,39.4049,-119.7247,Low
2025-05-07 14:57:54_34.6258333_-116.658,2025-05-07 14:57:54,0.74,8.33,34.6258333,-116.658,Low
2025-05-07 14:23:46_35.5358333333333_-120.837333333333,2025-05-07 14:23:46,1.03,7.27,35.5358333333333,-120.837333333333,Low
2025-05-07 14:09:51_33.567_-116.7178333,2025-05-07 14:09:51,0.49,2.65,33.567,-116.7178333,Low
2025-05-07 13:57:33_38.813835144043_-122.823669433594,2025-05-07 13:57:33,0.77,2.27999997138977,38.813835144043,-122.823669433594,Low
2025-05-07 13:40:18_40.2626666666667_-122.079833333333,2025-05-07 13:40:18,2.54,7.61,40.2626666666667,-122.079833333333,Low
2025-05-07 13:31:38_38.092_-122.866,2025-05-07 13:31:38,0.98,14.22,38.092,-122.866,Low
2025-05-07 13:23:50_33.715_-116.839,2025-05-07 13:23:50,0.81,15.19,33.715,-116.839,Low
2025-05-07 13:14:04_38.7833333333333_-122.7435,2025-05-07 13:14:04,0.19,0.7,38.7833333333333,-122.7435,Low
2025-05-07 13:07:02_33.12_-117.391,2025-05-07 13:07:02,1.84,11.06,33.12,-117.391,Low
2025-05-07 13:03:04_38.9603333333333_-123.0715,2025-05-07 13:03:04,1.21,3,38.9603333333333,-123.0715,Low
2025-05-07 12:33:16_41.0075_-121.308166666667,2025-05-07 12:33:16,2.15,15.66,41.0075,-121.308166666667,Low
2025-05-07 12:26:58_38.837833404541_-122.800003051758,2025-05-07 12:26:58,0.68,2.25999999046326,38.837833404541,-122.800003051758,Low
2025-05-07 12:22:52_38.8308333333333_-122.812666666667,2025-05-07 12:22:52,0.39,1.63,38.8308333333333,-122.812666666667,Low
2025-05-07 12:21:18_39.4079_-119.7237,2025-05-07 12:21:18,1.5,5.2,39.4079,-119.7237,Low
2025-05-07 12:08:36_34.4556667_-117.9363333,2025-05-07 12:08:36,0.64,11.02,34.4556667,-117.9363333,Low
2025-05-07 11:58:55_39.4071_-119.7227,2025-05-07 11:58:55,1.1,5.5,39.4071,-119.7227,Low
2025-05-07 11:50:28_33.0618333_-116.6101667,2025-05-07 11:50:28,0.73,12.64,33.0618333,-116.6101667,Low
2025-05-07 11:44:34_44.3125_-115.154666666667,2025-05-07 11:44:34,1.98,5.89,44.3125,-115.154666666667,Low
2025-05-07 11:11:29_37.189_-121.582666666667,2025-05-07 11:11:29,0.62,3.26,37.189,-121.582666666667,Low
2025-05-07 10:53:11_38.775333404541_-122.716003417969,2025-05-07 10:53:11,1.27,2.25999999046326,38.775333404541,-122.716003417969,Low
2025-05-07 10:38:20_39.2205_-112.0535,2025-05-07 10:38:20,0.68,14.26,39.2205,-112.0535,Low
2025-05-07 10:28:27_33.5291667_-116.7328333,2025-05-07 10:28:27,0.32,5.09,33.5291667,-116.7328333,Low
2025-05-07 10:21:11_33.5023333_-116.9838333,2025-05-07 10:21:11,0.77,14.46,33.5023333,-116.9838333,Low
2025-05-07 10:05:34_38.8231666666667_-122.852166666667,2025-05-07 10:05:34,1.16,2.43,38.8231666666667,-122.852166666667,Low
2025-05-07 10:03:01_38.8253333333333_-122.814166666667,2025-05-07 10:03:01,0.39,1.8,38.8253333333333,-122.814166666667,Low
2025-05-07 09:50:19_33.9481667_-116.9726667,2025-05-07 09:50:19,0.98,15.8,33.9481667,-116.9726667,Low
2025-05-07 09:45:53_35.9833333_-117.4826667,2025-05-07 09:45:53,1.28,9.49,35.9833333,-117.4826667,Low
2025-05-07 09:45:42_35.974_-117.4896667,2025-05-07 09:45:42,1.22,4.31,35.974,-117.4896667,Low
2025-05-07 09:28:22_35.3338333_-117.8043333,2025-05-07 09:28:22,1.27,6.22,35.3338333,-117.8043333,Low
2025-05-07 09:28:12_35.3323333_-117.804,2025-05-07 09:28:12,1.1,6.1,35.3323333,-117.804,Low
2025-05-07 09:17:37_36.0105_-120.957666666667,2025-05-07 09:17:37,0.69,5.49,36.0105,-120.957666666667,Low
2025-05-07 09:13:46_35.3303333_-117.8103333,2025-05-07 09:13:46,1.03,6.76,35.3303333,-117.8103333,Low
2025-05-07 08:59:54_38.8231658935547_-122.804336547852,2025-05-07 08:59:54,0.39,3.13000011444092,38.8231658935547,-122.804336547852,Low
2025-05-07 08:54:20_34.0176667_-116.3196667,2025-05-07 08:54:20,0.91,8.09,34.0176667,-116.3196667,Low
2025-05-07 08:47:17_38.8315010070801_-122.815170288086,2025-05-07 08:47:17,0.74,1.96000003814697,38.8315010070801,-122.815170288086,Low
2025-05-07 08:46:35_35.3333333_-117.8076667,2025-05-07 08:46:35,1.21,6.63,35.3333333,-117.8076667,Low
2025-05-07 08:45:35_38.8208351135254_-122.764503479004,2025-05-07 08:45:35,1.27,2.20000004768372,38.8208351135254,-122.764503479004,Low
2025-05-07 08:30:23_38.8338317871094_-122.814666748047,2025-05-07 08:30:23,0.71,2.11999988555908,38.8338317871094,-122.814666748047,Low
2025-05-07 08:26:08_33.3746667_-116.8583333,2025-05-07 08:26:08,0.22,7.95,33.3746667,-116.8583333,Low
2025-05-07 08:24:50_38.8053333333333_-122.779166666667,2025-05-07 08:24:50,0.37,4.17,38.8053333333333,-122.779166666667,Low
2025-05-07 08:11:05_38.8153343200684_-122.823333740234,2025-05-07 08:11:05,0.51,2.36999988555908,38.8153343200684,-122.823333740234,Low
2025-05-07 07:57:06_38.8308333333333_-122.812833333333,2025-05-07 07:57:06,0.42,1.9,38.8308333333333,-122.812833333333,Low
2025-05-07 07:52:40_38.8308334350586_-122.814331054688,2025-05-07 07:52:40,0.36,2.00999999046326,38.8308334350586,-122.814331054688,Low
2025-05-07 07:40:23_38.7561683654785_-122.714500427246,2025-05-07 07:40:23,1.01,1.39999997615814,38.7561683654785,-122.714500427246,Low
2025-05-07 07:39:50_38.8313331604004_-122.813331604004,2025-05-07 07:39:50,1.34,1.6599999666214,38.8313331604004,-122.813331604004,Low
2025-05-07 07:39:26_38.8300018310547_-122.811164855957,2025-05-07 07:39:26,2.17,1.69000005722046,38.8300018310547,-122.811164855957,Low
2025-05-07 07:32:25_38.8320007324219_-122.80899810791,2025-05-07 07:32:25,0.75,2.16000008583069,38.8320007324219,-122.80899810791,Low
2025-05-07 07:26:56_37.4098_-117.1033,2025-05-07 07:26:56,1.1,12.7,37.4098,-117.1033,Low
2025-05-07 07:21:33_35.9671667_-117.4891667,2025-05-07 07:21:33,0.92,6.57,35.9671667,-117.4891667,Low
2025-05-07 07:04:50_38.8318333333333_-122.8145,2025-05-07 07:04:50,0.3,2.07,38.8318333333333,-122.8145,Low
2025-05-07 07:00:43_40.3461666666667_-124.819166666667,2025-05-07 07:00:43,2.67,3.16,40.3461666666667,-124.819166666667,Low
2025-05-07 06:53:14_38.8310012817383_-122.791168212891,2025-05-07 06:53:14,0.69,1.5,38.8310012817383,-122.791168212891,Low
2025-05-07 06:47:34_36.9725_-121.621666666667,2025-05-07 06:47:34,1.59,2.24,36.9725,-121.621666666667,Low
2025-05-07 06:33:22_37.1283333333333_-121.5165,2025-05-07 06:33:22,0.92,7.2,37.1283333333333,-121.5165,Low
2025-05-07 06:27:24_38.1598_-117.9147,2025-05-07 06:27:24,1.8,11.3,38.1598,-117.9147,Low
2025-05-07 06:24:48_33.5885_-116.7235,2025-05-07 06:24:48,0.55,11.39,33.5885,-116.7235,Low
2025-05-07 06:17:52_36.971_-121.615,2025-05-07 06:17:52,1.02,1.28,36.971,-121.615,Low
2025-05-07 06:15:10_36.9711666666667_-121.617666666667,2025-05-07 06:15:10,1.61,2.09,36.9711666666667,-121.617666666667,Low
2025-05-07 05:42:36_42.44116666666667_-123.23066666666666,2025-05-07 05:42:36,1.29,-0.6,42.44116666666667,-123.23066666666666,Low
2025-05-07 05:13:31_38.1611666666667_-122.288833333333,2025-05-07 05:13:31,1.18,6.93,38.1611666666667,-122.288833333333,Low
2025-05-07 05:07:07_37.6_-121.653166666667,2025-05-07 05:07:07,1.4,8.7,37.6,-121.653166666667,Low
2025-05-07 05:06:20_38.8359985351562_-122.807830810547,2025-05-07 05:06:20,0.98,2.10999989509583,38.8359985351562,-122.807830810547,Low
2025-05-07 05:00:08_38.3043333333333_-122.759,2025-05-07 05:00:08,1.32,-0.13,38.3043333333333,-122.759,Low
2025-05-07 04:57:44_35.0418333_-117.668,2025-05-07 04:57:44,1.46,-0.79,35.0418333,-117.668,Low
2025-05-07 04:39:43_36.9363_-115.9209,2025-05-07 04:39:43,0,7.6,36.9363,-115.9209,Low
2025-05-07 04:23:48_35.9728333_-117.489,2025-05-07 04:23:48,1.63,4.42,35.9728333,-117.489,Low
2025-05-07 04:19:08_39.7258333333333_-113.244166666667,2025-05-07 04:19:08,1.42,1.47,39.7258333333333,-113.244166666667,Low
2025-05-07 04:17:35_38.8245010375977_-122.845169067383,2025-05-07 04:17:35,0.7,1.80999994277954,38.8245010375977,-122.845169067383,Low
2025-05-07 04:05:51_35.3525_-117.7996667,2025-05-07 04:05:51,1.43,6.87,35.3525,-117.7996667,Low
2025-05-07 03:56:25_34.0471667_-117.585,2025-05-07 03:56:25,1.15,13.32,34.0471667,-117.585,Low
2025-05-07 03:53:24_34.0981667_-117.1411667,2025-05-07 03:53:24,0.44,8.82,34.0981667,-117.1411667,Low
2025-05-07 03:33:08_39.1685_-119.0293,2025-05-07 03:33:08,1.2,2.6,39.1685,-119.0293,Low
2025-05-07 03:26:57_38.831_-122.814333333333,2025-05-07 03:26:57,0.68,1.36,38.831,-122.814333333333,Low
2025-05-07 03:26:54_38.8036666666667_-122.804166666667,2025-05-07 03:26:54,0.28,1.63,38.8036666666667,-122.804166666667,Low
2025-05-07 03:22:10_38.7760009765625_-122.721496582031,2025-05-07 03:22:10,0.97,0.00999999977648258,38.7760009765625,-122.721496582031,Low
2025-05-07 03:18:02_37.8003333333333_-122.2075,2025-05-07 03:18:02,1.35,10.25,37.8003333333333,-122.2075,Low
2025-05-07 03:05:25_39.4086_-119.722,2025-05-07 03:05:25,1.6,4.6,39.4086,-119.722,Low
2025-05-07 03:02:27_35.971_-117.4893333,2025-05-07 03:02:27,1.53,4.43,35.971,-117.4893333,Low
2025-05-07 03:02:08_33.331_-117.1415,2025-05-07 03:02:08,1.3,-0.44,33.331,-117.1415,Low
2025-05-07 03:01:42_35.978_-117.488,2025-05-07 03:01:42,0.91,4.27,35.978,-117.488,Low
2025-05-07 03:01:19_35.9723333_-117.4926667,2025-05-07 03:01:19,1.24,1.86,35.9723333,-117.4926667,Low
2025-05-07 03:00:41_35.9716667_-117.493,2025-05-07 03:00:41,0.99,7.28,35.9716667,-117.493,Low
2025-05-07 02:54:47_35.9666667_-117.492,2025-05-07 02:54:47,0.99,7.48,35.9666667,-117.492,Low
2025-05-07 02:50:39_38.8041648864746_-122.78099822998,2025-05-07 02:50:39,0.77,2.65000009536743,38.8041648864746,-122.78099822998,Low
2025-05-07 02:28:09_33.868_-117.824,2025-05-07 02:28:09,1.46,4.71,33.868,-117.824,Low
2025-05-07 01:53:19_38.8175010681152_-122.82266998291,2025-05-07 01:53:19,1.11,2.4300000667572,38.8175010681152,-122.82266998291,Low
2025-05-07 01:30:10_38.8343315124512_-122.816329956055,2025-05-07 01:30:10,0.79,1.78999996185303,38.8343315124512,-122.816329956055,Low
2025-05-07 01:05:10_37.9106666666667_-120.516833333333,2025-05-07 01:05:10,2.23,-0.46,37.9106666666667,-120.516833333333,Low
2025-05-07 01:03:15_34.221_-117.0416667,2025-05-07 01:03:15,0.64,6.46,34.221,-117.0416667,Low
2025-05-07 00:32:53_39.1519_-119.0432,2025-05-07 00:32:53,1.4,9,39.1519,-119.0432,Low
2025-05-07 00:31:40_37.924_-121.946666666667,2025-05-07 00:31:40,1.64,4.82,37.924,-121.946666666667,Low
2025-05-07 00:11:45_35.9268333_-117.6766667,2025-05-07 00:11:45,1.35,3.77,35.9268333,-117.6766667,Low
2025-05-07 00:07:23_37.9885_-122.449666666667,2025-05-07 00:07:23,1.26,-0.03,37.9885,-122.449666666667,Low
2025-05-07 00:03:48_38.9415_-122.078666666667,2025-05-07 00:03:48,2.38,13.46,38.9415,-122.078666666667,Low
2025-05-06 23:35:56_35.348_-117.7971667,2025-05-06 23:35:56,0.42,4.49,35.348,-117.7971667,Low
2025-05-06 23:17:21_32.905_-116.931,2025-05-06 23:17:21,1.18,-0.18,32.905,-116.931,Low
2025-05-06 23:09:04_38.84033203125_-122.877670288086,2025-05-06 23:09:04,0.44,2.54999995231628,38.84033203125,-122.877670288086,Low
2025-05-06 22:54:59_32.9165_-115.6811667,2025-05-06 22:54:59,1.39,1.62,32.9165,-115.6811667,Low
2025-05-06 22:52:50_38.8349990844727_-122.809501647949,2025-05-06 22:52:50,0.76,1.83000004291534,38.8349990844727,-122.809501647949,Low
2025-05-06 22:47:56_38.8316650390625_-122.809501647949,2025-05-06 22:47:56,0.3,2.47000002861023,38.8316650390625,-122.809501647949,Low
2025-05-06 22:30:36_38.7568321228027_-122.716499328613,2025-05-06 22:30:36,0.65,1.62000000476837,38.7568321228027,-122.716499328613,Low
2025-05-06 22:26:45_38.8161659240723_-122.823501586914,2025-05-06 22:26:45,0.78,2.1800000667572,38.8161659240723,-122.823501586914,Low
2025-05-06 22:17:45_38.8308334350586_-122.809501647949,2025-05-06 22:17:45,0.73,1.88999998569489,38.8308334350586,-122.809501647949,Low
2025-05-06 22:17:24_38.8173332214355_-122.82266998291,2025-05-06 22:17:24,0.85,2.1800000667572,38.8173332214355,-122.82266998291,Low
2025-05-06 22:14:36_38.8306655883789_-122.808670043945,2025-05-06 22:14:36,1.1,2.02999997138977,38.8306655883789,-122.808670043945,Low
2025-05-06 22:12:45_38.8301658630371_-122.831001281738,2025-05-06 22:12:45,0.44,0.439999997615814,38.8301658630371,-122.831001281738,Low
2025-05-06 21:49:02_38.8361666666667_-122.790166666667,2025-05-06 21:49:02,0.37,1.97,38.8361666666667,-122.790166666667,Low
2025-05-06 21:46:01_37.6_-121.653833333333,2025-05-06 21:46:01,1.11,8.55,37.6,-121.653833333333,Low
2025-05-06 21:38:19_38.8361663818359_-122.802833557129,2025-05-06 21:38:19,1.1,2.19000005722046,38.8361663818359,-122.802833557129,Low
2025-05-06 20:51:43_38.7746658325195_-122.747665405273,2025-05-06 20:51:43,0.87,2.10999989509583,38.7746658325195,-122.747665405273,Low
2025-05-06 20:41:09_33.7205_-116.8375,2025-05-06 20:41:09,0.75,14.61,33.7205,-116.8375,Low
2025-05-06 20:34:58_38.7996673583984_-122.786499023438,2025-05-06 20:34:58,0.29,3.59999990463257,38.7996673583984,-122.786499023438,Low
2025-05-06 20:27:11_32.4158333_-115.219,2025-05-06 20:27:11,1.36,6.63,32.4158333,-115.219,Low
2025-05-06 20:20:31_38.7901666666667_-122.749166666667,2025-05-06 20:20:31,0.21,0.99,38.7901666666667,-122.749166666667,Low
2025-05-06 20:18:04_39.0053333333333_-123.2945,2025-05-06 20:18:04,1.74,4.71,39.0053333333333,-123.2945,Low
2025-05-06 19:59:25_38.8228340148926_-122.805335998535,2025-05-06 19:59:25,0.75,3.19000005722046,38.8228340148926,-122.805335998535,Low
2025-05-06 19:35:45_33.5296667_-116.7223333,2025-05-06 19:35:45,0.85,4.86,33.5296667,-116.7223333,Low
2025-05-06 19:29:11_34.0548333_-116.8266667,2025-05-06 19:29:11,1.13,11.03,34.0548333,-116.8266667,Low
2025-05-06 18:50:01_38.8255_-122.814333333333,2025-05-06 18:50:01,0.39,2.28,38.8255,-122.814333333333,Low
2025-05-06 18:11:26_35.3325_-117.8083333,2025-05-06 18:11:26,2.04,7.65,35.3325,-117.8083333,Low
2025-05-06 18:05:30_38.829_-122.856,2025-05-06 18:05:30,0.28,2.79,38.829,-122.856,Low
2025-05-06 17:58:38_38.8219985961914_-122.767501831055,2025-05-06 17:58:38,0.92,2.57999992370605,38.8219985961914,-122.767501831055,Low
2025-05-06 17:26:35_35.7341667_-117.5556667,2025-05-06 17:26:35,2.24,6.7,35.7341667,-117.5556667,Low
2025-05-06 17:24:24_38.8136672973633_-122.818832397461,2025-05-06 17:24:24,1.07,2.64000010490417,38.8136672973633,-122.818832397461,Low
2025-05-06 16:28:09_39.583_-123.371,2025-05-06 16:28:09,1.63,9.8,39.583,-123.371,Low
2025-05-06 16:24:30_39.4146666666667_-123.356666666667,2025-05-06 16:24:30,1.09,3.02,39.4146666666667,-123.356666666667,Low
2025-05-06 16:18:22_38.7866668701172_-122.744834899902,2025-05-06 16:18:22,0.75,1.39999997615814,38.7866668701172,-122.744834899902,Low
2025-05-06 16:17:57_44.2693333333333_-114.983333333333,2025-05-06 16:17:57,1.67,1.97,44.2693333333333,-114.983333333333,Low
2025-05-06 16:08:24_38.8128333333333_-122.794666666667,2025-05-06 16:08:24,0.46,1.29,38.8128333333333,-122.794666666667,Low
2025-05-06 15:43:37_34.5195_-118.0988333,2025-05-06 15:43:37,1.06,9.39,34.5195,-118.0988333,Low
2025-05-06 15:40:46_34.0155_-117.0236667,2025-05-06 15:40:46,0.77,15.68,34.0155,-117.0236667,Low
2025-05-06 15:40:30_33.5185_-116.7495,2025-05-06 15:40:30,0.67,3.17,33.5185,-116.7495,Low
2025-05-06 15:20:15_41.8886666666667_-112.482,2025-05-06 15:20:15,1.08,0.85,41.8886666666667,-112.482,Low
2025-05-06 15:14:48_42.1135_-120.2769,2025-05-06 15:14:48,1.4,6.7,42.1135,-120.2769,Low
2025-05-06 15:07:39_33.3591667_-116.3983333,2025-05-06 15:07:39,1.18,13.11,33.3591667,-116.3983333,Low
2025-05-06 14:46:53_38.8258323669434_-122.801834106445,2025-05-06 14:46:53,1.1,2.88000011444092,38.8258323669434,-122.801834106445,Low
2025-05-06 14:42:31_37.4338333333333_-113.3885,2025-05-06 14:42:31,1.44,7.42,37.4338333333333,-113.3885,Low
2025-05-06 14:36:45_38.8376655578613_-122.796501159668,2025-05-06 14:36:45,0.76,2.08999991416931,38.8376655578613,-122.796501159668,Low
2025-05-06 14:31:21_38.8171653747559_-122.824996948242,2025-05-06 14:31:21,1.07,2.3199999332428,38.8171653747559,-122.824996948242,Low
2025-05-06 14:26:00_38.8171653747559_-122.81916809082,2025-05-06 14:26:00,1.73,1.73000001907349,38.8171653747559,-122.81916809082,Low
2025-05-06 14:13:32_31.7085_-115.8581667,2025-05-06 14:13:32,2.95,7.77,31.7085,-115.8581667,Low
2025-05-06 14:13:14_37.59_-118.850166666667,2025-05-06 14:13:14,0.66,1.76,37.59,-118.850166666667,Low
2025-05-06 14:11:31_38.8344993591309_-122.818496704102,2025-05-06 14:11:31,1.3,1.87000000476837,38.8344993591309,-122.818496704102,Low
2025-05-06 13:43:01_37.6001666666667_-121.655166666667,2025-05-06 13:43:01,1.05,8.05,37.6001666666667,-121.655166666667,Low
2025-05-06 13:24:14_38.8176651000977_-122.823165893555,2025-05-06 13:24:14,1.07,2.59999990463257,38.8176651000977,-122.823165893555,Low
2025-05-06 13:19:02_38.8328323364258_-122.812835693359,2025-05-06 13:19:02,0.97,4.42000007629395,38.8328323364258,-122.812835693359,Low
2025-05-06 13:15:01_33.5351667_-116.7283333,2025-05-06 13:15:01,0.39,3.95,33.5351667,-116.7283333,Low
2025-05-06 13:09:54_36.1201667_-117.8516667,2025-05-06 13:09:54,1.45,1.52,36.1201667,-117.8516667,Low
2025-05-06 13:02:33_38.7976684570312_-122.786163330078,2025-05-06 13:02:33,1.07,3.14000010490417,38.7976684570312,-122.786163330078,Low
2025-05-06 12:59:58_40.5338333333333_-112.171666666667,2025-05-06 12:59:58,1.11,-0.85,40.5338333333333,-112.171666666667,Low
2025-05-06 12:58:06_37.1925_-112.884166666667,2025-05-06 12:58:06,1.09,20.42,37.1925,-112.884166666667,Low
2025-05-06 12:47:08_38.7971649169922_-122.783668518066,2025-05-06 12:47:08,1.08,3.25,38.7971649169922,-122.783668518066,Low
2025-05-06 12:43:02_38.8278350830078_-122.814834594727,2025-05-06 12:43:02,0.71,1.50999999046326,38.8278350830078,-122.814834594727,Low
2025-05-06 12:36:25_37.3556_-117.2076,2025-05-06 12:36:25,1.4,4.9,37.3556,-117.2076,Low
2025-05-06 12:35:29_33.5281667_-116.7211667,2025-05-06 12:35:29,0.91,5.19,33.5281667,-116.7211667,Low
2025-05-06 12:26:57_34.231_-117.4615,2025-05-06 12:26:57,0.99,8.09,34.231,-117.4615,Low
2025-05-06 12:26:16_41.9428_-119.5847,2025-05-06 12:26:16,2.6,3.4,41.9428,-119.5847,Low
2025-05-06 12:11:59_33.8103333_-117.0785,2025-05-06 12:11:59,0.95,16.98,33.8103333,-117.0785,Low
2025-05-06 12:04:56_37.5848333333333_-122.438833333333,2025-05-06 12:04:56,1.46,10.77,37.5848333333333,-122.438833333333,Low
2025-05-06 11:28:09_39.0563_-119.022,2025-05-06 11:28:09,0.9,5.6,39.0563,-119.022,Low
2025-05-06 11:15:07_33.6998333_-116.7328333,2025-05-06 11:15:07,1.43,17.76,33.6998333,-116.7328333,Low
2025-05-06 10:35:47_38.8326683044434_-122.801170349121,2025-05-06 10:35:47,1.25,1.63999998569489,38.8326683044434,-122.801170349121,Low
2025-05-06 10:12:23_31.5078333_-115.616,2025-05-06 10:12:23,2.14,7.23,31.5078333,-115.616,Low
2025-05-06 10:08:47_38.8313331604004_-122.801330566406,2025-05-06 10:08:47,0.77,1.95000004768372,38.8313331604004,-122.801330566406,Low
2025-05-06 10:06:09_38.8311653137207_-122.801666259766,2025-05-06 10:06:09,1.82,1.60000002384186,38.8311653137207,-122.801666259766,Low
2025-05-06 09:52:06_33.1655_-115.6488333,2025-05-06 09:52:06,1,2.86,33.1655,-115.6488333,Low
2025-05-06 09:35:09_38.7968333333333_-122.783333333333,2025-05-06 09:35:09,0.25,3.87,38.7968333333333,-122.783333333333,Low
2025-05-06 09:19:23_39.0051666666667_-111.421666666667,2025-05-06 09:19:23,2.01,-0.98,39.0051666666667,-111.421666666667,Low
2025-05-06 08:58:33_38.8298333333333_-122.789833333333,2025-05-06 08:58:33,0.37,1.92,38.8298333333333,-122.789833333333,Low
2025-05-06 08:54:32_37.4171666666667_-121.692666666667,2025-05-06 08:54:32,0.8,7.46,37.4171666666667,-121.692666666667,Low
2025-05-06 08:25:42_38.8175010681152_-122.807662963867,2025-05-06 08:25:42,0.27,3.39000010490417,38.8175010681152,-122.807662963867,Low
2025-05-06 08:23:30_34.0075_-116.6615,2025-05-06 08:23:30,1.2,13.09,34.0075,-116.6615,Low
2025-05-06 08:19:51_39.0093333333333_-111.421,2025-05-06 08:19:51,1.96,-0.99,39.0093333333333,-111.421,Low
2025-05-06 08:15:38_33.5255_-116.7316667,2025-05-06 08:15:38,0.8,4.64,33.5255,-116.7316667,Low
2025-05-06 08:08:09_38.8245_-122.764166666667,2025-05-06 08:08:09,0.06,1.61,38.8245,-122.764166666667,Low
2025-05-06 07:46:05_37.436_-113.3945,2025-05-06 07:46:05,1.2,11.69,37.436,-113.3945,Low
2025-05-06 07:31:45_33.8551667_-117.8336667,2025-05-06 07:31:45,1.14,5.76,33.8551667,-117.8336667,Low
2025-05-06 07:06:41_37.4308333333333_-113.392833333333,2025-05-06 07:06:41,2.03,6.85,37.4308333333333,-113.392833333333,Low
2025-05-06 07:01:26_38.7948333333333_-122.784166666667,2025-05-06 07:01:26,0.35,3.49,38.7948333333333,-122.784166666667,Low
2025-05-06 06:53:08_33.5243333_-116.734,2025-05-06 06:53:08,0.94,4.96,33.5243333,-116.734,Low
2025-05-06 06:22:12_38.8356666564941_-122.809997558594,2025-05-06 06:22:12,0.28,2.47000002861023,38.8356666564941,-122.809997558594,Low
2025-05-06 06:13:12_33.0388333_-116.5785,2025-05-06 06:13:12,0.67,13.1,33.0388333,-116.5785,Low
2025-05-06 06:06:18_39.2251666666667_-123.627166666667,2025-05-06 06:06:18,1.72,4.1,39.2251666666667,-123.627166666667,Low
2025-05-06 06:00:42_35.0911667_-119.0815,2025-05-06 06:00:42,1.44,14.44,35.0911667,-119.0815,Low
2025-05-06 05:59:08_38.7883338928223_-122.726829528809,2025-05-06 05:59:08,1.11,5.09999990463257,38.7883338928223,-122.726829528809,Low
2025-05-06 05:52:48_38.7933349609375_-122.723831176758,2025-05-06 05:52:48,1.05,2.15000009536743,38.7933349609375,-122.723831176758,Low
2025-05-06 05:33:55_39.0111666666667_-111.397333333333,2025-05-06 05:33:55,1,-0.76,39.0111666666667,-111.397333333333,Low
2025-05-06 05:32:40_43.3229_-126.182,2025-05-06 05:32:40,3.1,10,43.3229,-126.182,Low
2025-05-06 05:21:39_38.803165435791_-122.782165527344,2025-05-06 05:21:39,0.79,1.4099999666214,38.803165435791,-122.782165527344,Low
2025-05-06 05:15:03_38.8216667175293_-122.764831542969,2025-05-06 05:15:03,1.07,2.25999999046326,38.8216667175293,-122.764831542969,Low
2025-05-06 05:12:09_31.4993333_-115.6196667,2025-05-06 05:12:09,1.54,8.05,31.4993333,-115.6196667,Low
2025-05-06 05:05:03_37.4301666666667_-113.397666666667,2025-05-06 05:05:03,2.37,5.6,37.4301666666667,-113.397666666667,Low
2025-05-06 05:02:40_33.6961667_-116.8241667,2025-05-06 05:02:40,0.74,15.59,33.6961667,-116.8241667,Low
2025-05-06 05:00:23_35.04_-117.6726667,2025-05-06 05:00:23,1.41,-0.79,35.04,-117.6726667,Low
2025-05-06 04:41:42_38.8368339538574_-122.799667358398,2025-05-06 04:41:42,0.44,1.29999995231628,38.8368339538574,-122.799667358398,Low
2025-05-06 04:41:18_37.4326666666667_-113.399166666667,2025-05-06 04:41:18,1.34,7.02,37.4326666666667,-113.399166666667,Low
2025-05-06 04:38:32_38.7799987792969_-122.725997924805,2025-05-06 04:38:32,1.19,0.740000009536743,38.7799987792969,-122.725997924805,Low
2025-05-06 04:36:46_37.6586666666667_-122.500166666667,2025-05-06 04:36:46,0.78,7.42,37.6586666666667,-122.500166666667,Low
2025-05-06 04:33:15_38.797_-122.765666666667,2025-05-06 04:33:15,0.35,1.67,38.797,-122.765666666667,Low
2025-05-06 04:22:58_37.4283333333333_-113.394833333333,2025-05-06 04:22:58,1.61,5.1,37.4283333333333,-113.394833333333,Low
2025-05-06 04:01:17_36.436_-121.014666666667,2025-05-06 04:01:17,1.27,8.81,36.436,-121.014666666667,Low
2025-05-06 04:00:23_37.422_-113.408166666667,2025-05-06 04:00:23,1.19,1.82,37.422,-113.408166666667,Low
2025-05-06 03:58:24_37.4441666666667_-113.39,2025-05-06 03:58:24,1.16,12.17,37.4441666666667,-113.39,Low
2025-05-06 03:54:39_38.818000793457_-122.807662963867,2025-05-06 03:54:39,1.08,3.00999999046326,38.818000793457,-122.807662963867,Low
2025-05-06 03:52:53_35.4275_-120.560666666667,2025-05-06 03:52:53,1.49,-0.3,35.4275,-120.560666666667,Low
2025-05-06 03:51:08_38.8165016174316_-122.807830810547,2025-05-06 03:51:08,1.09,3.10999989509583,38.8165016174316,-122.807830810547,Low
2025-05-06 03:48:59_37.529_-118.837,2025-05-06 03:48:59,0.6,3.13,37.529,-118.837,Low
2025-05-06 03:47:12_38.819_-122.809,2025-05-06 03:47:12,0.43,3.67,38.819,-122.809,Low
2025-05-06 03:41:19_37.4258333333333_-113.4045,2025-05-06 03:41:19,0.83,1.98,37.4258333333333,-113.4045,Low
2025-05-06 03:37:16_37.4306666666667_-113.392333333333,2025-05-06 03:37:16,1.29,5.43,37.4306666666667,-113.392333333333,Low
2025-05-06 03:32:56_38.8171653747559_-122.807334899902,2025-05-06 03:32:56,1.26,3.07999992370605,38.8171653747559,-122.807334899902,Low
2025-05-06 03:21:29_38.8381652832031_-122.806335449219,2025-05-06 03:21:29,0.69,1.89999997615814,38.8381652832031,-122.806335449219,Low
2025-05-06 03:05:27_33.8231667_-117.4815,2025-05-06 03:05:27,1.71,-0.53,33.8231667,-117.4815,Low
2025-05-06 02:54:37_38.8203315734863_-122.815330505371,2025-05-06 02:54:37,1.04,2.90000009536743,38.8203315734863,-122.815330505371,Low
2025-05-06 02:51:47_37.4358333333333_-113.375833333333,2025-05-06 02:51:47,1.15,7.67,37.4358333333333,-113.375833333333,Low
2025-05-06 02:43:50_37.4235_-113.401166666667,2025-05-06 02:43:50,1.07,1.14,37.4235,-113.401166666667,Low
2025-05-06 02:26:53_38.7901666666667_-122.793166666667,2025-05-06 02:26:53,0.2,2.46,38.7901666666667,-122.793166666667,Low
2025-05-06 02:26:23_39.0163333333333_-111.413666666667,2025-05-06 02:26:23,1.69,-2.11,39.0163333333333,-111.413666666667,Low
2025-05-06 01:59:38_33.7475_-117.1125,2025-05-06 01:59:38,1.15,3.53,33.7475,-117.1125,Low
2025-05-06 01:54:16_38.8291666666667_-122.816666666667,2025-05-06 01:54:16,0.5,1.97,38.8291666666667,-122.816666666667,Low
2025-05-06 01:48:27_38.835334777832_-122.807998657227,2025-05-06 01:48:27,1.05,1.87999999523163,38.835334777832,-122.807998657227,Low
2025-05-06 01:41:28_37.4295_-113.394833333333,2025-05-06 01:41:28,1.27,9.02,37.4295,-113.394833333333,Low
2025-05-06 01:35:39_38.8023338317871_-122.733497619629,2025-05-06 01:35:39,1.69,0.990000009536743,38.8023338317871,-122.733497619629,Low
2025-05-06 01:30:28_37.4293333333333_-113.393666666667,2025-05-06 01:30:28,2.21,9.86,37.4293333333333,-113.393666666667,Low
2025-05-06 01:28:58_38.8158340454102_-122.803001403809,2025-05-06 01:28:58,1.09,2.64000010490417,38.8158340454102,-122.803001403809,Low
2025-05-06 01:26:43_37.4236666666667_-113.400333333333,2025-05-06 01:26:43,0.86,0.76,37.4236666666667,-113.400333333333,Low
2025-05-06 01:22:06_33.9396667_-116.8261667,2025-05-06 01:22:06,0.95,7.41,33.9396667,-116.8261667,Low
2025-05-06 01:21:29_37.429_-113.379833333333,2025-05-06 01:21:29,1.17,8.87,37.429,-113.379833333333,Low
2025-05-06 01:19:56_37.423_-113.4015,2025-05-06 01:19:56,1.04,0.74,37.423,-113.4015,Low
2025-05-06 01:13:20_37.428_-113.393333333333,2025-05-06 01:13:20,2.32,5.92,37.428,-113.393333333333,Low
2025-05-06 01:00:42_32.6138333_-116.9925,2025-05-06 01:00:42,1.36,-0.43,32.6138333,-116.9925,Low
2025-05-06 00:59:50_34.976_-118.1893333,2025-05-06 00:59:50,1.38,-0.98,34.976,-118.1893333,Low
2025-05-06 00:42:43_37.4398333333333_-113.382166666667,2025-05-06 00:42:43,1.58,10.71,37.4398333333333,-113.382166666667,Low
2025-05-06 00:18:31_35.6675_-117.4705,2025-05-06 00:18:31,1.01,13.74,35.6675,-117.4705,Low
2025-05-06 00:05:23_33.4706667_-116.8861667,2025-05-06 00:05:23,0.8,12.99,33.4706667,-116.8861667,Low
2025-05-05 23:56:11_39.3811_-119.7018,2025-05-05 23:56:11,1.4,8.2,39.3811,-119.7018,Low
2025-05-05 23:51:27_37.4466666666667_-113.387833333333,2025-05-05 23:51:27,1.41,12.61,37.4466666666667,-113.387833333333,Low
2025-05-05 23:30:18_33.5308333_-116.7241667,2025-05-05 23:30:18,0.94,5.83,33.5308333,-116.7241667,Low
2025-05-05 23:29:58_38.8313333333333_-122.802333333333,2025-05-05 23:29:58,0.33,1.42,38.8313333333333,-122.802333333333,Low
2025-05-05 23:20:06_38.8141666666667_-122.813833333333,2025-05-05 23:20:06,0.38,2.51,38.8141666666667,-122.813833333333,Low
2025-05-05 23:17:24_33.0468333_-115.0048333,2025-05-05 23:17:24,1.21,-0.2,33.0468333,-115.0048333,Low
2025-05-05 23:11:19_40.2575_-122.081,2025-05-05 23:11:19,1.88,7.95,40.2575,-122.081,Low
2025-05-05 22:35:58_38.8063316345215_-122.770332336426,2025-05-05 22:35:58,0.7,0.699999988079071,38.8063316345215,-122.770332336426,Low
2025-05-05 22:31:44_38.442_-122.632666666667,2025-05-05 22:31:44,1.14,7.82,38.442,-122.632666666667,Low
2025-05-05 22:04:18_33.6783333_-117.1221667,2025-05-05 22:04:18,0.78,2.31,33.6783333,-117.1221667,Low
2025-05-05 22:01:06_38.8316666666667_-122.813333333333,2025-05-05 22:01:06,0.35,1.99,38.8316666666667,-122.813333333333,Low
2025-05-05 21:50:51_38.8274993896484_-122.81583404541,2025-05-05 21:50:51,1.02,1.75999999046326,38.8274993896484,-122.81583404541,Low
2025-05-05 21:46:23_38.008_-122.777333333333,2025-05-05 21:46:23,0.88,13.46,38.008,-122.777333333333,Low
2025-05-05 21:28:03_38.7966666666667_-122.7795,2025-05-05 21:28:03,-0.07,3.4,38.7966666666667,-122.7795,Low
2025-05-05 20:50:09_38.8293342590332_-122.817832946777,2025-05-05 20:50:09,1.34,1.79999995231628,38.8293342590332,-122.817832946777,Low
2025-05-05 20:49:59_33.4688333_-116.8855,2025-05-05 20:49:59,0.96,12.07,33.4688333,-116.8855,Low
2025-05-05 20:45:51_38.8146666666667_-122.8115,2025-05-05 20:45:51,0.5,2.92,38.8146666666667,-122.8115,Low
2025-05-05 20:40:36_38.8398333333333_-122.838333333333,2025-05-05 20:40:36,-0.03,2.02,38.8398333333333,-122.838333333333,Low
2025-05-05 20:36:05_38.8383333333333_-122.807,2025-05-05 20:36:05,0.39,2.05,38.8383333333333,-122.807,Low
2025-05-05 20:32:22_38.796_-122.778333333333,2025-05-05 20:32:22,0.29,2.97,38.796,-122.778333333333,Low
2025-05-05 20:28:12_38.8198333333333_-122.763333333333,2025-05-05 20:28:12,0.4,2.21,38.8198333333333,-122.763333333333,Low
2025-05-05 20:18:08_38.7956666666667_-122.780333333333,2025-05-05 20:18:08,0.56,3.61,38.7956666666667,-122.780333333333,Low
2025-05-05 20:04:47_38.8075_-122.780166666667,2025-05-05 20:04:47,0.31,1.37,38.8075,-122.780166666667,Low
2025-05-05 19:56:15_33.0365_-116.4096667,2025-05-05 19:56:15,0.81,7.86,33.0365,-116.4096667,Low
2025-05-05 19:52:34_40.2813333333333_-124.366833333333,2025-05-05 19:52:34,1.73,19.25,40.2813333333333,-124.366833333333,Low
2025-05-05 19:49:58_38.7935_-122.779,2025-05-05 19:49:58,2.79,3.17,38.7935,-122.779,Low
2025-05-05 19:46:02_38.7953333333333_-122.781333333333,2025-05-05 19:46:02,0.25,3.02,38.7953333333333,-122.781333333333,Low
2025-05-05 19:41:00_38.7613333333333_-122.7355,2025-05-05 19:41:00,0.24,1.58,38.7613333333333,-122.7355,Low
2025-05-05 19:38:04_44.508_-115.235,2025-05-05 19:38:04,2.23,15.39,44.508,-115.235,Low
2025-05-05 19:13:54_38.8165016174316_-122.824996948242,2025-05-05 19:13:54,0.76,2.5699999332428,38.8165016174316,-122.824996948242,Low
2025-05-05 19:12:37_37.1396666666667_-121.520666666667,2025-05-05 19:12:37,0.82,9.8,37.1396666666667,-121.520666666667,Low
2025-05-05 19:02:55_38.8123333333333_-122.774833333333,2025-05-05 19:02:55,0.13,0.27,38.8123333333333,-122.774833333333,Low
2025-05-05 18:36:53_36.4188333333333_-121.0235,2025-05-05 18:36:53,1.11,10.62,36.4188333333333,-121.0235,Low
2025-05-05 18:17:08_38.7919998168945_-122.761001586914,2025-05-05 18:17:08,0.5,2.49000000953674,38.7919998168945,-122.761001586914,Low
2025-05-05 18:00:13_38.7986666666667_-122.786,2025-05-05 18:00:13,0.35,3.4,38.7986666666667,-122.786,Low
2025-05-05 17:51:01_38.792667388916_-122.767166137695,2025-05-05 17:51:01,1.09,3.80999994277954,38.792667388916,-122.767166137695,Low
2025-05-05 17:34:55_38.8380012512207_-122.783996582031,2025-05-05 17:34:55,1.1,1.77999997138977,38.8380012512207,-122.783996582031,Low
2025-05-05 17:23:14_39.4153333333333_-123.357166666667,2025-05-05 17:23:14,1.48,3.93,39.4153333333333,-123.357166666667,Low
2025-05-05 17:14:10_40.129_-121.409,2025-05-05 17:14:10,2.14,12.88,40.129,-121.409,Low
2025-05-05 17:11:44_38.8358333333333_-122.806833333333,2025-05-05 17:11:44,0.4,2.66,38.8358333333333,-122.806833333333,Low
2025-05-05 17:01:24_36.2513333333333_-121.748666666667,2025-05-05 17:01:24,1.32,14.09,36.2513333333333,-121.748666666667,Low
2025-05-05 16:48:31_33.1783333_-115.6705,2025-05-05 16:48:31,0.5,3.06,33.1783333,-115.6705,Low
2025-05-05 16:47:58_33.1901667_-115.6111667,2025-05-05 16:47:58,1,2.65,33.1901667,-115.6111667,Low
2025-05-05 16:37:12_32.6843333_-115.9871667,2025-05-05 16:37:12,1.22,5.21,32.6843333,-115.9871667,Low
2025-05-05 16:37:06_32.689_-115.9895,2025-05-05 16:37:06,1.21,4.76,32.689,-115.9895,Low
2025-05-05 16:28:42_41.8981666666667_-112.488666666667,2025-05-05 16:28:42,1.22,-2.39,41.8981666666667,-112.488666666667,Low
2025-05-05 16:09:51_33.0548333_-116.6068333,2025-05-05 16:09:51,0.72,13.58,33.0548333,-116.6068333,Low
2025-05-05 16:09:09_34.3_-118.4038333,2025-05-05 16:09:09,1,11.95,34.3,-118.4038333,Low
2025-05-05 16:02:23_38.8376655578613_-122.822334289551,2025-05-05 16:02:23,2.24,1.96000003814697,38.8376655578613,-122.822334289551,Low
2025-05-05 15:35:13_38.4043333333333_-112.977666666667,2025-05-05 15:35:13,1.19,7.19,38.4043333333333,-112.977666666667,Low
2025-05-05 15:26:27_33.9115_-117.6046667,2025-05-05 15:26:27,2.08,5.99,33.9115,-117.6046667,Low
2025-05-05 14:52:59_38.8213348388672_-122.841331481934,2025-05-05 14:52:59,0.76,2.01999998092651,38.8213348388672,-122.841331481934,Low
2025-05-05 14:35:04_38.8183326721191_-122.80883026123,2025-05-05 14:35:04,0.39,3.63000011444092,38.8183326721191,-122.80883026123,Low
2025-05-05 14:32:00_35.723_-117.542,2025-05-05 14:32:00,1.35,6.94,35.723,-117.542,Low
2025-05-05 14:17:04_33.8896667_-116.2305,2025-05-05 14:17:04,1.36,2.2,33.8896667,-116.2305,Low
2025-05-05 14:16:24_33.8848333_-116.2326667,2025-05-05 14:16:24,1.32,1.84,33.8848333,-116.2326667,Low
2025-05-05 14:14:36_36.006_-117.9335,2025-05-05 14:14:36,1.32,1.47,36.006,-117.9335,Low
2025-05-05 13:57:31_34.0976667_-118.1906667,2025-05-05 13:57:31,0.78,10.79,34.0976667,-118.1906667,Low
2025-05-05 13:56:33_33.529_-116.7295,2025-05-05 13:56:33,0.72,5.9,33.529,-116.7295,Low
2025-05-05 13:42:34_37.1991666666667_-118.482333333333,2025-05-05 13:42:34,2.11,13.72,37.1991666666667,-118.482333333333,Low
2025-05-05 13:33:08_39.018_-112.103,2025-05-05 13:33:08,1.78,15.5,39.018,-112.103,Low
2025-05-05 13:31:43_34.0615_-117.2788333,2025-05-05 13:31:43,0.86,16.5,34.0615,-117.2788333,Low
2025-05-05 13:27:31_36.0048333_-117.9355,2025-05-05 13:27:31,1.2,0.97,36.0048333,-117.9355,Low
2025-05-05 13:23:17_38.8208333333333_-122.805666666667,2025-05-05 13:23:17,-0.18,3.46,38.8208333333333,-122.805666666667,Low
2025-05-05 12:37:35_36.6455_-121.309833333333,2025-05-05 12:37:35,1.61,6.42,36.6455,-121.309833333333,Low
2025-05-05 12:37:21_35.3543333_-117.8161667,2025-05-05 12:37:21,0.99,7.33,35.3543333,-117.8161667,Low
2025-05-05 12:31:40_37.357_-118.4125,2025-05-05 12:31:40,1.56,14.67,37.357,-118.4125,Low
2025-05-05 12:23:36_33.8548333_-117.8356667,2025-05-05 12:23:36,0.95,5.59,33.8548333,-117.8356667,Low
2025-05-05 11:11:00_33.7471667_-115.9698333,2025-05-05 11:11:00,1.19,5.3,33.7471667,-115.9698333,Low
2025-05-05 11:06:43_38.7953333333333_-122.7815,2025-05-05 11:06:43,0.36,3.6,38.7953333333333,-122.7815,Low
2025-05-05 11:05:00_35.3565_-117.8036667,2025-05-05 11:05:00,1.5,6.87,35.3565,-117.8036667,Low
2025-05-05 10:41:49_36.8707_-117.8063,2025-05-05 10:41:49,1.8,2,36.8707,-117.8063,Low
2025-05-05 10:22:14_39.1707_-119.0481,2025-05-05 10:22:14,1,9,39.1707,-119.0481,Low
2025-05-05 09:50:54_38.8356666564941_-122.809829711914,2025-05-05 09:50:54,0.66,1.96000003814697,38.8356666564941,-122.809829711914,Low
2025-05-05 09:13:24_33.97_-116.8186667,2025-05-05 09:13:24,1.09,16.95,33.97,-116.8186667,Low
2025-05-05 09:11:15_38.8186683654785_-122.824165344238,2025-05-05 09:11:15,0.26,1.87999999523163,38.8186683654785,-122.824165344238,Low
2025-05-05 09:09:33_38.8185005187988_-122.822830200195,2025-05-05 09:09:33,0.67,2.33999991416931,38.8185005187988,-122.822830200195,Low
2025-05-05 09:05:32_33.5278333_-116.7253333,2025-05-05 09:05:32,1.07,5.3,33.5278333,-116.7253333,Low
2025-05-05 09:05:25_38.7795_-122.7445,2025-05-05 09:05:25,0.06,0.58,38.7795,-122.7445,Low
2025-05-05 09:02:17_38.8098335266113_-122.811996459961,2025-05-05 09:02:17,1.07,3.16000008583069,38.8098335266113,-122.811996459961,Low
2025-05-05 08:57:02_38.7611656188965_-122.731002807617,2025-05-05 08:57:02,1.57,0.839999973773956,38.7611656188965,-122.731002807617,Low
2025-05-05 08:41:37_33.8636667_-117.8258333,2025-05-05 08:41:37,1.05,5.35,33.8636667,-117.8258333,Low
2025-05-05 08:39:41_38.7718333333333_-122.732166666667,2025-05-05 08:39:41,1.49,0.76,38.7718333333333,-122.732166666667,Low
2025-05-05 08:39:30_38.7708320617676_-122.731163024902,2025-05-05 08:39:30,1.13,0.959999978542328,38.7708320617676,-122.731163024902,Low
2025-05-05 08:37:11_35.3575_-117.8063333,2025-05-05 08:37:11,1.71,7.57,35.3575,-117.8063333,Low
2025-05-05 08:13:07_36.6698_-115.787,2025-05-05 08:13:07,0.7,2,36.6698,-115.787,Low
2025-05-05 08:01:13_45.3765_-121.69733333333333,2025-05-05 08:01:13,-0.65,1.37,45.3765,-121.69733333333333,Low
2025-05-05 07:52:47_36.6113_-115.9675,2025-05-05 07:52:47,0,11.3,36.6113,-115.9675,Low
2025-05-05 07:39:10_45.370666666666665_-121.70283333333333,2025-05-05 07:39:10,0.27,1.25,45.370666666666665,-121.70283333333333,Low
2025-05-05 07:37:25_33.8636667_-117.8228333,2025-05-05 07:37:25,2.21,6.91,33.8636667,-117.8228333,Low
2025-05-05 07:37:09_45.369166666666665_-121.70233333333333,2025-05-05 07:37:09,0.67,1.18,45.369166666666665,-121.70233333333333,Low
2025-05-05 06:56:04_33.9933333_-118.871,2025-05-05 06:56:04,1.88,15.32,33.9933333,-118.871,Low
2025-05-05 06:35:29_36.4998333333333_-121.004666666667,2025-05-05 06:35:29,1.27,7.08,36.4998333333333,-121.004666666667,Low
2025-05-05 06:25:58_38.7888336181641_-122.767669677734,2025-05-05 06:25:58,1.1,1.62000000476837,38.7888336181641,-122.767669677734,Low
2025-05-05 06:25:31_38.8321666666667_-122.801833333333,2025-05-05 06:25:31,1.41,2.19,38.8321666666667,-122.801833333333,Low
2025-05-05 06:21:58_38.8425_-122.8375,2025-05-05 06:21:58,0.08,2.36,38.8425,-122.8375,Low
2025-05-05 06:20:01_33.531_-116.727,2025-05-05 06:20:01,0.24,6.78,33.531,-116.727,Low
2025-05-05 06:08:56_38.8321647644043_-122.803833007812,2025-05-05 06:08:56,0.22,1.35000002384186,38.8321647644043,-122.803833007812,Low
2025-05-05 05:55:14_38.8226666666667_-122.841666666667,2025-05-05 05:55:14,0.3,2.14,38.8226666666667,-122.841666666667,Low
2025-05-05 05:34:31_38.8143333333333_-122.775833333333,2025-05-05 05:34:31,0.15,0.81,38.8143333333333,-122.775833333333,Low
2025-05-05 04:58:16_38.8183326721191_-122.767501831055,2025-05-05 04:58:16,0.58,2.0699999332428,38.8183326721191,-122.767501831055,Low
2025-05-05 04:53:11_38.8311653137207_-122.801002502441,2025-05-05 04:53:11,0.76,1.76999998092651,38.8311653137207,-122.801002502441,Low
2025-05-05 04:49:13_38.7953333333333_-122.742166666667,2025-05-05 04:49:13,0.09,2.48,38.7953333333333,-122.742166666667,Low
2025-05-05 04:45:10_32.434_-115.179,2025-05-05 04:45:10,2.17,13.02,32.434,-115.179,Low
2025-05-05 04:39:30_37.4618333333333_-118.815833333333,2025-05-05 04:39:30,1.27,3.5,37.4618333333333,-118.815833333333,Low
2025-05-05 04:30:34_39.0051666666667_-111.41,2025-05-05 04:30:34,1.16,-1.24,39.0051666666667,-111.41,Low
2025-05-05 04:06:06_36.5145_-113.9755,2025-05-05 04:06:06,2.4,12.3,36.5145,-113.9755,Low
2025-05-05 04:01:19_38.7731666666667_-122.740666666667,2025-05-05 04:01:19,0.28,1.24,38.7731666666667,-122.740666666667,Low
2025-05-05 03:01:13_33.8291667_-117.8668333,2025-05-05 03:01:13,0.79,7.24,33.8291667,-117.8668333,Low
2025-05-05 02:47:15_38.7916679382324_-122.802169799805,2025-05-05 02:47:15,0.24,5.8899998664856,38.7916679382324,-122.802169799805,Low
2025-05-05 02:46:59_40.3456666666667_-124.928,2025-05-05 02:46:59,2.56,10,40.3456666666667,-124.928,Low
2025-05-05 02:31:41_38.8213348388672_-122.827163696289,2025-05-05 02:31:41,0.44,0.509999990463257,38.8213348388672,-122.827163696289,Low
2025-05-05 02:28:29_38.8338317871094_-122.808670043945,2025-05-05 02:28:29,1.35,2.25999999046326,38.8338317871094,-122.808670043945,Low
2025-05-05 02:26:16_38.4055_-122.1725,2025-05-05 02:26:16,1.18,8.61,38.4055,-122.1725,Low
2025-05-05 02:12:38_38.7968333333333_-122.765833333333,2025-05-05 02:12:38,0.39,3.45,38.7968333333333,-122.765833333333,Low
2025-05-05 01:47:58_38.1434_-117.9598,2025-05-05 01:47:58,1.5,9.1,38.1434,-117.9598,Low
2025-05-05 01:38:43_35.9831666666667_-120.521833333333,2025-05-05 01:38:43,0.12,11.37,35.9831666666667,-120.521833333333,Low
2025-05-05 01:11:34_35.9315_-120.479666666667,2025-05-05 01:11:34,-0.1,4.04,35.9315,-120.479666666667,Low
2025-05-05 00:58:26_37.478_-118.837333333333,2025-05-05 00:58:26,1.35,-0.19,37.478,-118.837333333333,Low
2025-05-05 00:57:37_36.5153333333333_-121.003166666667,2025-05-05 00:57:37,0.54,8.3,36.5153333333333,-121.003166666667,Low
2025-05-05 00:56:24_36.49_-121.010166666667,2025-05-05 00:56:24,1.93,7.66,36.49,-121.010166666667,Low
2025-05-05 00:09:19_39.414_-123.357833333333,2025-05-05 00:09:19,1.44,2.85,39.414,-123.357833333333,Low
2025-05-04 23:50:57_38.8279991149902_-122.857498168945,2025-05-04 23:50:57,0.69,2.49000000953674,38.8279991149902,-122.857498168945,Low
2025-05-04 23:43:23_33.8596667_-117.8365,2025-05-04 23:43:23,0.9,6.69,33.8596667,-117.8365,Low
2025-05-04 23:29:15_38.8241666666667_-122.844666666667,2025-05-04 23:29:15,-0.01,2.65,38.8241666666667,-122.844666666667,Low
2025-05-04 23:29:04_38.5085_-122.238833333333,2025-05-04 23:29:04,1.52,-0.12,38.5085,-122.238833333333,Low
2025-05-04 23:20:47_45.36866666666667_-121.69866666666667,2025-05-04 23:20:47,0.88,0.95,45.36866666666667,-121.69866666666667,Low
2025-05-04 23:11:56_38.8308334350586_-122.846168518066,2025-05-04 23:11:56,0.73,1.6599999666214,38.8308334350586,-122.846168518066,Low
2025-05-04 22:57:33_38.8230018615723_-122.818000793457,2025-05-04 22:57:33,0.39,3.54999995231628,38.8230018615723,-122.818000793457,Low
2025-05-04 22:54:33_33.5331667_-116.7281667,2025-05-04 22:54:33,0.75,4.98,33.5331667,-116.7281667,Low
2025-05-04 22:26:13_38.837833404541_-122.795669555664,2025-05-04 22:26:13,0.68,1.89999997615814,38.837833404541,-122.795669555664,Low
2025-05-04 22:19:50_41.8995_-122.29483333333333,2025-05-04 22:19:50,0.71,14.71,41.8995,-122.29483333333333,Low
2025-05-04 22:16:12_33.8641667_-117.8248333,2025-05-04 22:16:12,1.57,6.67,33.8641667,-117.8248333,Low
2025-05-04 22:10:52_33.8303333_-117.8668333,2025-05-04 22:10:52,0.99,7.63,33.8303333,-117.8668333,Low
2025-05-04 22:03:50_33.059_-116.6051667,2025-05-04 22:03:50,1.15,12.73,33.059,-116.6051667,Low
2025-05-04 21:40:20_45.367_-121.69966666666667,2025-05-04 21:40:20,1.87,1.06,45.367,-121.69966666666667,Low
2025-05-04 21:37:44_36.044_-120.63,2025-05-04 21:37:44,0.55,2.38,36.044,-120.63,Low
2025-05-04 21:26:41_38.8365_-122.805666666667,2025-05-04 21:26:41,0.38,2.24,38.8365,-122.805666666667,Low
2025-05-04 20:22:23_35.344_-117.804,2025-05-04 20:22:23,1.63,7.28,35.344,-117.804,Low
2025-05-04 20:07:01_35.9056666666667_-120.425,2025-05-04 20:07:01,0.33,10.32,35.9056666666667,-120.425,Low
2025-05-04 19:43:45_40.73_-112.079833333333,2025-05-04 19:43:45,0.24,9.97,40.73,-112.079833333333,Low
2025-05-04 19:24:27_38.7963333333333_-122.784833333333,2025-05-04 19:24:27,0.05,3.68,38.7963333333333,-122.784833333333,Low
2025-05-04 19:22:22_37.551_-118.761666666667,2025-05-04 19:22:22,0.63,7.85,37.551,-118.761666666667,Low
2025-05-04 19:20:17_36.6589_-116.2711,2025-05-04 19:20:17,-0.3,5.9,36.6589,-116.2711,Low
2025-05-04 19:13:27_38.7966666666667_-122.781166666667,2025-05-04 19:13:27,0.3,3.47,38.7966666666667,-122.781166666667,Low
2025-05-04 19:10:18_35.3405_-117.8075,2025-05-04 19:10:18,1.48,8.83,35.3405,-117.8075,Low
2025-05-04 19:01:31_35.351_-117.8093333,2025-05-04 19:01:31,0.95,8.75,35.351,-117.8093333,Low
2025-05-04 19:01:09_38.8223342895508_-122.801002502441,2025-05-04 19:01:09,0.85,2.85999989509583,38.8223342895508,-122.801002502441,Low
2025-05-04 18:59:53_38.8228340148926_-122.80249786377,2025-05-04 18:59:53,0.86,2.55999994277954,38.8228340148926,-122.80249786377,Low
2025-05-04 18:55:46_35.3518333_-117.8078333,2025-05-04 18:55:46,0.99,8.74,35.3518333,-117.8078333,Low
2025-05-04 18:53:23_32.6255_-115.5841667,2025-05-04 18:53:23,1.8,7.81,32.6255,-115.5841667,Low
2025-05-04 18:01:00_40.429_-124.6795,2025-05-04 18:01:00,2.69,21.65,40.429,-124.6795,Low
2025-05-04 17:57:51_31.5046667_-115.6055,2025-05-04 17:57:51,2.4,7.57,31.5046667,-115.6055,Low
2025-05-04 17:57:38_31.5016667_-115.619,2025-05-04 17:57:38,2.65,6.72,31.5016667,-115.619,Low
2025-05-04 17:56:36_38.7956666666667_-122.727833333333,2025-05-04 17:56:36,0.48,1.9,38.7956666666667,-122.727833333333,Low
2025-05-04 17:49:17_38.8395_-122.800666666667,2025-05-04 17:49:17,0.29,1.63,38.8395,-122.800666666667,Low
2025-05-04 17:48:51_34.1765_-117.3926667,2025-05-04 17:48:51,1.22,10.67,34.1765,-117.3926667,Low
2025-05-04 17:42:40_39.1466_-119.0525,2025-05-04 17:42:40,0.8,7.2,39.1466,-119.0525,Low
2025-05-04 17:39:42_38.8201675415039_-122.803497314453,2025-05-04 17:39:42,0.27,-0.560000002384186,38.8201675415039,-122.803497314453,Low
2025-05-04 17:37:27_38.8255_-122.768,2025-05-04 17:37:27,0.28,2.28,38.8255,-122.768,Low
2025-05-04 17:31:04_33.3698333_-116.9686667,2025-05-04 17:31:04,0.86,9.84,33.3698333,-116.9686667,Low
2025-05-04 17:21:32_38.8294982910156_-122.818168640137,2025-05-04 17:21:32,0.52,3.39000010490417,38.8294982910156,-122.818168640137,Low
2025-05-04 17:05:32_35.3561667_-117.8026667,2025-05-04 17:05:32,0.89,8.26,35.3561667,-117.8026667,Low
2025-05-04 16:45:45_38.8316650390625_-122.814666748047,2025-05-04 16:45:45,0.91,1.88999998569489,38.8316650390625,-122.814666748047,Low
2025-05-04 16:45:24_39.0784_-119.0175,2025-05-04 16:45:24,0.4,0,39.0784,-119.0175,Low
2025-05-04 16:39:09_38.7978324890137_-122.774169921875,2025-05-04 16:39:09,0.73,3.10999989509583,38.7978324890137,-122.774169921875,Low
2025-05-04 16:38:13_38.7960014343262_-122.777496337891,2025-05-04 16:38:13,1.49,2.90000009536743,38.7960014343262,-122.777496337891,Low
2025-05-04 16:38:07_38.7958335876465_-122.77766418457,2025-05-04 16:38:07,1.89,3.38000011444092,38.7958335876465,-122.77766418457,Low
2025-05-04 16:35:17_37.1616_-115.3253,2025-05-04 16:35:17,1.1,0,37.1616,-115.3253,Low
2025-05-04 16:25:29_35.355_-117.8056667,2025-05-04 16:25:29,1.01,8.48,35.355,-117.8056667,Low
2025-05-04 16:18:35_38.8313331604004_-122.813835144043,2025-05-04 16:18:35,1.08,2.11999988555908,38.8313331604004,-122.813835144043,Low
2025-05-04 15:54:56_31.505_-115.6201667,2025-05-04 15:54:56,3.44,6.71,31.505,-115.6201667,Low
2025-05-04 15:51:38_38.79_-122.781666666667,2025-05-04 15:51:38,0.48,3.71,38.79,-122.781666666667,Low
2025-05-04 15:51:01_38.8113327026367_-122.819831848145,2025-05-04 15:51:01,1.22,2.40000009536743,38.8113327026367,-122.819831848145,Low
2025-05-04 15:34:05_34.0141667_-118.21,2025-05-04 15:34:05,1.09,16.44,34.0141667,-118.21,Low
2025-05-04 15:18:11_33.1005_-116.4681667,2025-05-04 15:18:11,2.69,11.01,33.1005,-116.4681667,Low
2025-05-04 15:10:19_38.8134994506836_-122.819664001465,2025-05-04 15:10:19,1.08,2.90000009536743,38.8134994506836,-122.819664001465,Low
2025-05-04 14:24:26_38.8230018615723_-122.804336547852,2025-05-04 14:24:26,0.77,3,38.8230018615723,-122.804336547852,Low
2025-05-04 14:23:20_38.816333770752_-122.794830322266,2025-05-04 14:23:20,1.06,3.13000011444092,38.816333770752,-122.794830322266,Low
2025-05-04 13:53:10_33.9935_-116.6688333,2025-05-04 13:53:10,1.33,16.97,33.9935,-116.6688333,Low
2025-05-04 13:37:41_38.7830009460449_-122.756332397461,2025-05-04 13:37:41,0.86,1.94000005722046,38.7830009460449,-122.756332397461,Low
2025-05-04 13:32:29_34.0575_-118.8415,2025-05-04 13:32:29,1.33,13.93,34.0575,-118.8415,Low
2025-05-04 13:23:22_34.0101667_-117.1136667,2025-05-04 13:23:22,1.03,6.5,34.0101667,-117.1136667,Low
2025-05-04 13:17:38_34.0106667_-117.1148333,2025-05-04 13:17:38,1.88,7.38,34.0106667,-117.1148333,Low
2025-05-04 13:17:05_38.8123333333333_-122.824666666667,2025-05-04 13:17:05,0.32,2.27,38.8123333333333,-122.824666666667,Low
2025-05-04 13:04:14_37.1664_-115.3285,2025-05-04 13:04:14,1,4.3,37.1664,-115.3285,Low
2025-05-04 12:53:28_35.3543333_-117.7925,2025-05-04 12:53:28,1.09,5.67,35.3543333,-117.7925,Low
2025-05-04 12:40:16_37.7181_-115.1476,2025-05-04 12:40:16,1.4,0,37.7181,-115.1476,Low
2025-05-04 12:36:45_33.4155_-115.3331667,2025-05-04 12:36:45,0,0,33.4155,-115.3331667,Low
2025-05-04 12:06:30_35.3141667_-117.7341667,2025-05-04 12:06:30,0.8,8.87,35.3141667,-117.7341667,Low
2025-05-04 12:06:15_35.3616667_-117.8061667,2025-05-04 12:06:15,1.09,4.22,35.3616667,-117.8061667,Low
2025-05-04 11:50:41_35.3548333_-117.8115,2025-05-04 11:50:41,1.65,7.68,35.3548333,-117.8115,Low
2025-05-04 11:47:11_33.3436667_-116.272,2025-05-04 11:47:11,1,11.43,33.3436667,-116.272,Low
2025-05-04 11:39:22_38.8235015869141_-122.798500061035,2025-05-04 11:39:22,0.76,2.82999992370605,38.8235015869141,-122.798500061035,Low
2025-05-04 11:30:36_38.1679_-116.4323,2025-05-04 11:30:36,1.5,9.8,38.1679,-116.4323,Low
2025-05-04 11:20:07_38.7574996948242_-122.72200012207,2025-05-04 11:20:07,1.08,1.03999996185303,38.7574996948242,-122.72200012207,Low
2025-05-04 10:44:20_33.6815_-117.394,2025-05-04 10:44:20,1.07,9.25,33.6815,-117.394,Low
2025-05-04 10:41:47_36.7659_-116.2353,2025-05-04 10:41:47,-0.1,3.1,36.7659,-116.2353,Low
2025-05-04 10:41:07_33.0736667_-115.5955,2025-05-04 10:41:07,1.65,11.35,33.0736667,-115.5955,Low
2025-05-04 10:33:58_33.533_-116.7206667,2025-05-04 10:33:58,0.65,6.13,33.533,-116.7206667,Low
2025-05-04 10:32:01_35.3311667_-117.813,2025-05-04 10:32:01,1.16,6.18,35.3311667,-117.813,Low
2025-05-04 10:16:33_38.8206666666667_-122.804833333333,2025-05-04 10:16:33,1.31,1.69,38.8206666666667,-122.804833333333,Low
2025-05-04 10:05:40_35.3576667_-117.8145,2025-05-04 10:05:40,1.06,7.14,35.3576667,-117.8145,Low
2025-05-04 09:55:10_32.5333333_-115.5928333,2025-05-04 09:55:10,1.7,11.69,32.5333333,-115.5928333,Low
2025-05-04 09:52:30_33.5276667_-116.7236667,2025-05-04 09:52:30,1.11,5.93,33.5276667,-116.7236667,Low
2025-05-04 09:48:16_35.3538333_-117.81,2025-05-04 09:48:16,2.65,8.46,35.3538333,-117.81,Low
2025-05-04 09:36:22_34.419_-117.7703333,2025-05-04 09:36:22,1.05,5.77,34.419,-117.7703333,Low
2025-05-04 09:30:17_33.6403333_-117.3513333,2025-05-04 09:30:17,1.59,10.86,33.6403333,-117.3513333,Low
2025-05-04 09:27:31_38.7906666666667_-122.767666666667,2025-05-04 09:27:31,0.39,1.84,38.7906666666667,-122.767666666667,Low
2025-05-04 09:17:24_33.998_-116.991,2025-05-04 09:17:24,0.99,16.45,33.998,-116.991,Low
2025-05-04 09:10:07_40.2376666666667_-124.175666666667,2025-05-04 09:10:07,1.56,12.19,40.2376666666667,-124.175666666667,Low
2025-05-04 09:09:29_40.2321666666667_-124.1775,2025-05-04 09:09:29,2.17,11.9,40.2321666666667,-124.1775,Low
2025-05-04 09:09:16_34.048_-117.1351667,2025-05-04 09:09:16,1.03,6.87,34.048,-117.1351667,Low
2025-05-04 08:45:43_38.834_-122.793666666667,2025-05-04 08:45:43,1,1.61,38.834,-122.793666666667,Low
2025-05-04 08:35:27_37.3415_-113.917833333333,2025-05-04 08:35:27,1.61,6.56,37.3415,-113.917833333333,Low
2025-05-04 08:19:43_36.6824_-116.4435,2025-05-04 08:19:43,-0.3,7.3,36.6824,-116.4435,Low
2025-05-04 08:03:46_38.8361666666667_-122.812,2025-05-04 08:03:46,0.79,2.05,38.8361666666667,-122.812,Low
2025-05-04 07:15:08_33.6776667_-116.7138333,2025-05-04 07:15:08,0.73,15.57,33.6776667,-116.7138333,Low
2025-05-04 07:04:19_38.8385_-122.782166666667,2025-05-04 07:04:19,0.28,2.41,38.8385,-122.782166666667,Low
2025-05-04 06:54:26_38.8326666666667_-122.799,2025-05-04 06:54:26,1.45,2.21,38.8326666666667,-122.799,Low
2025-05-04 06:39:23_38.8295_-122.813333333333,2025-05-04 06:39:23,-0.3,1.56,38.8295,-122.813333333333,Low
2025-05-04 06:39:01_38.8289985656738_-122.80549621582,2025-05-04 06:39:01,0.78,0.730000019073486,38.8289985656738,-122.80549621582,Low
2025-05-04 06:22:43_38.8355_-122.789833333333,2025-05-04 06:22:43,0.29,2.54,38.8355,-122.789833333333,Low
2025-05-04 06:20:33_35.4261667_-118.4208333,2025-05-04 06:20:33,1.29,5.99,35.4261667,-118.4208333,Low
2025-05-04 05:07:56_39.6292_-119.3764,2025-05-04 05:07:56,1.4,9.1,39.6292,-119.3764,Low
2025-05-04 04:49:20_36.8493333333333_-121.5855,2025-05-04 04:49:20,1.24,6.28,36.8493333333333,-121.5855,Low
2025-05-04 03:58:58_38.787166595459_-122.77116394043,2025-05-04 03:58:58,0.74,1.23000001907349,38.787166595459,-122.77116394043,Low
2025-05-04 03:54:19_36.9321666666667_-121.4175,2025-05-04 03:54:19,1.22,10.39,36.9321666666667,-121.4175,Low
2025-05-04 03:53:59_33.4371667_-116.4306667,2025-05-04 03:53:59,0.6,11.3,33.4371667,-116.4306667,Low
2025-05-04 03:40:56_38.8235_-122.8425,2025-05-04 03:40:56,0.25,1.74,38.8235,-122.8425,Low
2025-05-04 03:37:01_35.3555_-117.8028333,2025-05-04 03:37:01,0.91,8.69,35.3555,-117.8028333,Low
2025-05-04 03:15:03_38.8348350524902_-122.783836364746,2025-05-04 03:15:03,0.72,2.9300000667572,38.8348350524902,-122.783836364746,Low
2025-05-04 02:51:13_38.8393333333333_-122.8365,2025-05-04 02:51:13,0.43,1.92,38.8393333333333,-122.8365,Low
2025-05-04 02:36:36_39.0065_-111.417,2025-05-04 02:36:36,2.17,-1.2,39.0065,-111.417,Low
2025-05-04 02:05:45_31.6086667_-115.7835,2025-05-04 02:05:45,2.28,-0.48,31.6086667,-115.7835,Low
2025-05-04 01:56:32_37.0181666666667_-113.869666666667,2025-05-04 01:56:32,1.32,2.93,37.0181666666667,-113.869666666667,Low
2025-05-04 01:53:08_35.3546667_-117.8073333,2025-05-04 01:53:08,2.38,7.99,35.3546667,-117.8073333,Low
2025-05-04 01:45:01_38.8019981384277_-122.778831481934,2025-05-04 01:45:01,1.07,3.24000000953674,38.8019981384277,-122.778831481934,Low
2025-05-04 01:35:38_38.7529983520508_-122.738670349121,2025-05-04 01:35:38,1.06,0.920000016689301,38.7529983520508,-122.738670349121,Low
2025-05-04 01:34:54_37.558_-118.780833333333,2025-05-04 01:34:54,0.75,7.21,37.558,-118.780833333333,Low
2025-05-04 01:20:13_33.5376667_-116.7168333,2025-05-04 01:20:13,0.57,5.26,33.5376667,-116.7168333,Low
2025-05-04 01:17:23_34.2828333_-117.4931667,2025-05-04 01:17:23,1.17,12.58,34.2828333,-117.4931667,Low
2025-05-04 01:09:33_38.8294982910156_-122.807334899902,2025-05-04 01:09:33,0.75,1.92999994754791,38.8294982910156,-122.807334899902,Low
2025-05-04 01:09:32_39.1476_-119.0564,2025-05-04 01:09:32,1.1,7.1,39.1476,-119.0564,Low
2025-05-04 01:07:00_36.8203333333333_-121.562166666667,2025-05-04 01:07:00,2.13,5.92,36.8203333333333,-121.562166666667,Low
2025-05-04 00:51:08_38.7953338623047_-122.782836914062,2025-05-04 00:51:08,0.81,3.27999997138977,38.7953338623047,-122.782836914062,Low
2025-05-04 00:08:37_35.6205_-117.4328333,2025-05-04 00:08:37,1.41,5.06,35.6205,-117.4328333,Low
2025-05-04 00:06:02_38.776668548584_-122.75,2025-05-04 00:06:02,1.02,-0.800000011920929,38.776668548584,-122.75,Low
2025-05-04 00:05:43_34.0356667_-117.2411667,2025-05-04 00:05:43,1.18,17.19,34.0356667,-117.2411667,Low
2025-05-04 00:02:44_33.9838333_-118.8725,2025-05-04 00:02:44,1.66,14.09,33.9838333,-118.8725,Low
2025-05-03 23:49:38_33.0378333_-116.4026667,2025-05-03 23:49:38,1.62,13.09,33.0378333,-116.4026667,Low
2025-05-03 23:45:40_35.8108333333333_-121.505833333333,2025-05-03 23:45:40,1.71,0.12,35.8108333333333,-121.505833333333,Low
2025-05-03 23:20:22_33.5301667_-116.7238333,2025-05-03 23:20:22,1.26,4.89,33.5301667,-116.7238333,Low
2025-05-03 23:09:40_33.0601667_-116.6073333,2025-05-03 23:09:40,0.6,12.71,33.0601667,-116.6073333,Low
2025-05-03 23:02:17_41.903_-119.5718,2025-05-03 23:02:17,1.8,6.3,41.903,-119.5718,Low
2025-05-03 23:00:30_38.7701666666667_-122.729166666667,2025-05-03 23:00:30,0.55,1.22,38.7701666666667,-122.729166666667,Low
2025-05-03 22:25:05_38.8354988098145_-122.790000915527,2025-05-03 22:25:05,0.85,1.73000001907349,38.8354988098145,-122.790000915527,Low
2025-05-03 22:22:00_38.8163333333333_-122.8045,2025-05-03 22:22:00,0.39,2.51,38.8163333333333,-122.8045,Low
2025-05-03 22:15:11_38.8311653137207_-122.816329956055,2025-05-03 22:15:11,0.27,1.37999999523163,38.8311653137207,-122.816329956055,Low
2025-05-03 22:01:58_44.2723333333333_-115.168,2025-05-03 22:01:58,1.99,9.84,44.2723333333333,-115.168,Low
2025-05-03 22:00:33_35.6831667_-117.5406667,2025-05-03 22:00:33,1.81,6.65,35.6831667,-117.5406667,Low
2025-05-03 21:32:59_32.5661667_-118.0916667,2025-05-03 21:32:59,1.79,5.85,32.5661667,-118.0916667,Low
2025-05-03 21:28:01_44.2703333333333_-115.169333333333,2025-05-03 21:28:01,2.23,9.07,44.2703333333333,-115.169333333333,Low
2025-05-03 21:26:10_38.814_-122.825833333333,2025-05-03 21:26:10,0.46,2.58,38.814,-122.825833333333,Low
2025-05-03 21:14:53_34.2841667_-117.497,2025-05-03 21:14:53,1.32,11.51,34.2841667,-117.497,Low
2025-05-03 21:04:10_38.8228340148926_-122.844329833984,2025-05-03 21:04:10,0.92,2.25999999046326,38.8228340148926,-122.844329833984,Low
2025-05-03 21:03:58_34.5808333_-117.7813333,2025-05-03 21:03:58,1.65,8.76,34.5808333,-117.7813333,Low
2025-05-03 20:43:07_41.9541666666667_-112.555666666667,2025-05-03 20:43:07,1,1.15,41.9541666666667,-112.555666666667,Low
2025-05-03 19:59:25_39.413_-123.359333333333,2025-05-03 19:59:25,2.05,3.07,39.413,-123.359333333333,Low
2025-05-03 19:57:08_38.83_-122.854166666667,2025-05-03 19:57:08,0.05,1.81,38.83,-122.854166666667,Low
2025-05-03 19:55:14_39.0861_-119.0123,2025-05-03 19:55:14,0.8,3.5,39.0861,-119.0123,Low
2025-05-03 19:52:35_38.8308334350586_-122.813499450684,2025-05-03 19:52:35,1.36,2.00999999046326,38.8308334350586,-122.813499450684,Low
2025-05-03 19:39:05_33.5286667_-116.7245,2025-05-03 19:39:05,0.76,4.87,33.5286667,-116.7245,Low
2025-05-03 19:38:47_38.8355_-122.7835,2025-05-03 19:38:47,0.22,2.17,38.8355,-122.7835,Low
2025-05-03 19:14:07_38.8209991455078_-122.813331604004,2025-05-03 19:14:07,0.8,3.09999990463257,38.8209991455078,-122.813331604004,Low
2025-05-03 19:10:22_36.716_-116.3078,2025-05-03 19:10:22,-0.3,9.1,36.716,-116.3078,Low
2025-05-03 18:51:30_38.5686_-115.873,2025-05-03 18:51:30,1.6,0,38.5686,-115.873,Low
2025-05-03 18:48:43_40.3253333333333_-111.318833333333,2025-05-03 18:48:43,1.36,7.28,40.3253333333333,-111.318833333333,Low
2025-05-03 18:23:57_33.2506667_-116.0951667,2025-05-03 18:23:57,0.63,10.4,33.2506667,-116.0951667,Low
2025-05-03 18:22:56_32.9398333_-116.4646667,2025-05-03 18:22:56,0.44,8.75,32.9398333,-116.4646667,Low
2025-05-03 18:21:17_37.1895_-112.891,2025-05-03 18:21:17,1.27,19.33,37.1895,-112.891,Low
2025-05-03 18:17:40_33.5355_-116.7185,2025-05-03 18:17:40,-0.08,5.36,33.5355,-116.7185,Low
2025-05-03 18:06:41_38.7948341369629_-122.780334472656,2025-05-03 18:06:41,1.09,3.45000004768372,38.7948341369629,-122.780334472656,Low
2025-05-03 17:37:25_38.8296661376953_-122.815002441406,2025-05-03 17:37:25,1.31,1.91999995708466,38.8296661376953,-122.815002441406,Low
2025-05-03 17:22:04_33.1211667_-115.604,2025-05-03 17:22:04,1.21,10.12,33.1211667,-115.604,Low
2025-05-03 17:19:39_35.3533333_-117.8106667,2025-05-03 17:19:39,1.21,6.62,35.3533333,-117.8106667,Low
2025-05-03 17:12:03_33.9036667_-116.7238333,2025-05-03 17:12:03,0.76,15.01,33.9036667,-116.7238333,Low
2025-05-03 17:01:38_38.8103332519531_-122.818336486816,2025-05-03 17:01:38,0.54,3.16000008583069,38.8103332519531,-122.818336486816,Low
2025-05-03 16:49:12_38.829833984375_-122.875503540039,2025-05-03 16:49:12,0.74,2.27999997138977,38.829833984375,-122.875503540039,Low
2025-05-03 16:37:16_38.8153343200684_-122.818832397461,2025-05-03 16:37:16,0.79,2.74000000953674,38.8153343200684,-122.818832397461,Low
2025-05-03 16:33:22_35.9861667_-117.4083333,2025-05-03 16:33:22,1.91,1.66,35.9861667,-117.4083333,Low
2025-05-03 16:24:17_37.1336666666667_-121.525333333333,2025-05-03 16:24:17,0.84,8.3,37.1336666666667,-121.525333333333,Low
2025-05-03 16:20:41_38.8158340454102_-122.801498413086,2025-05-03 16:20:41,1.31,2.34999990463257,38.8158340454102,-122.801498413086,Low
2025-05-03 16:11:04_38.8356666666667_-122.799333333333,2025-05-03 16:11:04,0.31,2.73,38.8356666666667,-122.799333333333,Low
2025-05-03 16:03:48_38.8425_-122.878333333333,2025-05-03 16:03:48,0.05,2.12,38.8425,-122.878333333333,Low
2025-05-03 16:03:19_36.6818333333333_-121.346166666667,2025-05-03 16:03:19,0.89,3.03,36.6818333333333,-121.346166666667,Low
2025-05-03 15:39:13_39.1616666666667_-123.537833333333,2025-05-03 15:39:13,0.98,4.15,39.1616666666667,-123.537833333333,Low
2025-05-03 15:36:45_39.1603333333333_-123.5385,2025-05-03 15:36:45,1.76,3.41,39.1603333333333,-123.5385,Low
2025-05-03 15:35:07_33.583_-116.642,2025-05-03 15:35:07,0.69,16.18,33.583,-116.642,Low
2025-05-03 15:27:18_33.698_-116.8168333,2025-05-03 15:27:18,1.01,15.66,33.698,-116.8168333,Low
2025-05-03 15:07:13_38.8323333333333_-122.815333333333,2025-05-03 15:07:13,0.3,1.69,38.8323333333333,-122.815333333333,Low
2025-05-03 15:05:06_38.7986679077148_-122.810668945312,2025-05-03 15:05:06,1.32,3.25999999046326,38.7986679077148,-122.810668945312,Low
2025-05-03 15:04:51_38.7630004882812_-122.728332519531,2025-05-03 15:04:51,0.76,1.76999998092651,38.7630004882812,-122.728332519531,Low
2025-05-03 15:04:37_38.7620010375977_-122.729164123535,2025-05-03 15:04:37,1.37,2.21000003814697,38.7620010375977,-122.729164123535,Low
2025-05-03 14:53:21_35.3531667_-117.8041667,2025-05-03 14:53:21,0.83,8.17,35.3531667,-117.8041667,Low
2025-05-03 14:33:33_38.8318328857422_-122.814834594727,2025-05-03 14:33:33,1.37,1.60000002384186,38.8318328857422,-122.814834594727,Low
2025-05-03 14:27:42_38.7605018615723_-122.715667724609,2025-05-03 14:27:42,1.13,1.38999998569489,38.7605018615723,-122.715667724609,Low
2025-05-03 13:56:33_39.8202_-119.4202,2025-05-03 13:56:33,1.2,7.5,39.8202,-119.4202,Low
2025-05-03 13:45:35_39.8247_-119.4319,2025-05-03 13:45:35,1.3,5.6,39.8247,-119.4319,Low
2025-05-03 13:42:10_39.1556_-119.0569,2025-05-03 13:42:10,1.2,6.3,39.1556,-119.0569,Low
2025-05-03 13:41:20_39.1565_-119.052,2025-05-03 13:41:20,0.9,6.6,39.1565,-119.052,Low
2025-05-03 13:39:01_32.6748333_-115.8505,2025-05-03 13:39:01,1.45,8.84,32.6748333,-115.8505,Low
2025-05-03 13:00:08_38.7881666666667_-122.768833333333,2025-05-03 13:00:08,0.42,1.57,38.7881666666667,-122.768833333333,Low
2025-05-03 12:58:51_38.7731666666667_-122.716833333333,2025-05-03 12:58:51,0.3,1.86,38.7731666666667,-122.716833333333,Low
2025-05-03 12:47:50_38.7879981994629_-122.770835876465,2025-05-03 12:47:50,1.54,0.980000019073486,38.7879981994629,-122.770835876465,Low
2025-05-03 12:34:06_42.21083333333333_-124.17533333333333,2025-05-03 12:34:06,1.35,6.86,42.21083333333333,-124.17533333333333,Low
2025-05-03 12:33:13_33.5325_-116.7186667,2025-05-03 12:33:13,0.75,5.83,33.5325,-116.7186667,Low
2025-05-03 12:06:24_38.8305015563965_-122.816665649414,2025-05-03 12:06:24,0.72,1.88999998569489,38.8305015563965,-122.816665649414,Low
2025-05-03 12:04:53_39.0005_-111.4125,2025-05-03 12:04:53,1.35,-1.49,39.0005,-111.4125,Low
2025-05-03 11:41:39_39.0901_-119.0581,2025-05-03 11:41:39,1.2,6.8,39.0901,-119.0581,Low
2025-05-03 11:38:41_38.7603333333333_-122.730833333333,2025-05-03 11:38:41,0.31,0.75,38.7603333333333,-122.730833333333,Low
2025-05-03 11:29:41_33.0011667_-116.4676667,2025-05-03 11:29:41,0.72,9.16,33.0011667,-116.4676667,Low
2025-05-03 11:26:00_38.8408317565918_-122.823501586914,2025-05-03 11:26:00,0.98,1.6599999666214,38.8408317565918,-122.823501586914,Low
2025-05-03 11:23:27_35.3555_-117.8043333,2025-05-03 11:23:27,1.35,7.04,35.3555,-117.8043333,Low
2025-05-03 11:20:01_38.8178329467773_-122.821334838867,2025-05-03 11:20:01,1.12,2.26999998092651,38.8178329467773,-122.821334838867,Low
2025-05-03 11:11:31_38.7931671142578_-122.738670349121,2025-05-03 11:11:31,1.1,1.11000001430511,38.7931671142578,-122.738670349121,Low
2025-05-03 11:10:53_38.7938346862793_-122.739501953125,2025-05-03 11:10:53,1.4,1.13999998569489,38.7938346862793,-122.739501953125,Low
2025-05-03 10:49:14_38.7818336486816_-122.757499694824,2025-05-03 10:49:14,0.45,2.4300000667572,38.7818336486816,-122.757499694824,Low
2025-05-03 10:31:16_33.0333333_-116.3955,2025-05-03 10:31:16,0.5,11.62,33.0333333,-116.3955,Low
2025-05-03 10:26:29_32.8071667_-115.4478333,2025-05-03 10:26:29,1.41,12.54,32.8071667,-115.4478333,Low
2025-05-03 10:16:33_44.179_-113.057333333333,2025-05-03 10:16:33,1.01,3.52,44.179,-113.057333333333,Low
2025-05-03 10:08:43_38.832332611084_-122.821662902832,2025-05-03 10:08:43,0.77,2.22000002861023,38.832332611084,-122.821662902832,Low
2025-05-03 10:08:29_38.8315010070801_-122.820503234863,2025-05-03 10:08:29,1.08,2.07999992370605,38.8315010070801,-122.820503234863,Low
2025-05-03 09:35:06_35.2006667_-118.1648333,2025-05-03 09:35:06,1.96,2.27,35.2006667,-118.1648333,Low
2025-05-03 09:24:09_44.3585_-116.117666666667,2025-05-03 09:24:09,1.81,6.61,44.3585,-116.117666666667,Low
2025-05-03 09:21:23_37.2785_-122.178166666667,2025-05-03 09:21:23,0.58,6.48,37.2785,-122.178166666667,Low
2025-05-03 09:13:35_38.8033332824707_-122.817169189453,2025-05-03 09:13:35,1.09,0.00999999977648258,38.8033332824707,-122.817169189453,Low
2025-05-03 09:11:36_33.6911667_-116.7885,2025-05-03 09:11:36,0.52,16.11,33.6911667,-116.7885,Low
2025-05-03 08:56:29_38.798168182373_-122.788497924805,2025-05-03 08:56:29,1.1,-0.0900000035762787,38.798168182373,-122.788497924805,Low
2025-05-03 08:47:55_33.9163333_-118.3528333,2025-05-03 08:47:55,1.38,11.21,33.9163333,-118.3528333,Low
2025-05-03 08:14:15_34.0361667_-117.1156667,2025-05-03 08:14:15,1.01,9.84,34.0361667,-117.1156667,Low
2025-05-03 08:12:09_39.1448_-119.0705,2025-05-03 08:12:09,1.2,6,39.1448,-119.0705,Low
2025-05-03 08:10:03_36.7623_-116.0352,2025-05-03 08:10:03,-0.3,5,36.7623,-116.0352,Low
2025-05-03 08:07:49_36.0356667_-117.7638333,2025-05-03 08:07:49,1.37,1.89,36.0356667,-117.7638333,Low
2025-05-03 07:58:32_38.7948341369629_-122.75316619873,2025-05-03 07:58:32,1.47,0.0599999986588955,38.7948341369629,-122.75316619873,Low
2025-05-03 07:35:08_38.7893333435059_-122.749336242676,2025-05-03 07:35:08,0.31,5.94000005722046,38.7893333435059,-122.749336242676,Low
2025-05-03 07:34:08_38.7881660461426_-122.764999389648,2025-05-03 07:34:08,0.96,1.25,38.7881660461426,-122.764999389648,Low
2025-05-03 07:31:54_38.7934989929199_-122.752334594727,2025-05-03 07:31:54,1.76,0.560000002384186,38.7934989929199,-122.752334594727,Low
2025-05-03 07:22:24_38.8201675415039_-122.823669433594,2025-05-03 07:22:24,0.79,2.08999991416931,38.8201675415039,-122.823669433594,Low
2025-05-03 07:20:56_38.7886657714844_-122.772163391113,2025-05-03 07:20:56,0.58,1,38.7886657714844,-122.772163391113,Low
2025-05-03 07:16:43_37.171_-121.192833333333,2025-05-03 07:16:43,1.99,1.06,37.171,-121.192833333333,Low
2025-05-03 07:10:07_33.4803333_-116.8918333,2025-05-03 07:10:07,1.39,13.59,33.4803333,-116.8918333,Low
2025-05-03 06:45:28_38.7883338928223_-122.773002624512,2025-05-03 06:45:28,1.11,0.889999985694885,38.7883338928223,-122.773002624512,Low
2025-05-03 06:40:19_38.8411674499512_-122.783996582031,2025-05-03 06:40:19,0.29,2.69000005722046,38.8411674499512,-122.783996582031,Low
2025-05-03 06:33:23_38.7973333333333_-122.751166666667,2025-05-03 06:33:23,0.22,0.57,38.7973333333333,-122.751166666667,Low
2025-05-03 06:31:29_38.7991676330566_-122.818664550781,2025-05-03 06:31:29,0.9,2.92000007629395,38.7991676330566,-122.818664550781,Low
2025-05-03 06:28:15_38.7868333333333_-122.746,2025-05-03 06:28:15,0.37,0.46,38.7868333333333,-122.746,Low
2025-05-03 06:28:14_36.6185_-121.023166666667,2025-05-03 06:28:14,1.24,3.75,36.6185,-121.023166666667,Low
2025-05-03 06:26:27_38.8146666666667_-122.825833333333,2025-05-03 06:26:27,-0.36,2.5,38.8146666666667,-122.825833333333,Low
2025-05-03 06:17:48_38.7561666666667_-122.739666666667,2025-05-03 06:17:48,0.26,0.94,38.7561666666667,-122.739666666667,Low
2025-05-03 06:14:42_35.3523333_-117.8083333,2025-05-03 06:14:42,1.05,8.07,35.3523333,-117.8083333,Low
2025-05-03 06:13:10_38.7576675415039_-122.732330322266,2025-05-03 06:13:10,1.65,1.19000005722046,38.7576675415039,-122.732330322266,Low
2025-05-03 06:11:35_38.7918333333333_-122.803,2025-05-03 06:11:35,0.26,0.69,38.7918333333333,-122.803,Low
2025-05-03 06:11:32_38.7688333333333_-122.7275,2025-05-03 06:11:32,-0.47,1.51,38.7688333333333,-122.7275,Low
2025-05-03 06:11:19_38.8018341064453_-122.773170471191,2025-05-03 06:11:19,1.1,0.109999999403954,38.8018341064453,-122.773170471191,Low
2025-05-03 06:10:30_38.7618333333333_-122.732166666667,2025-05-03 06:10:30,0.29,0.37,38.7618333333333,-122.732166666667,Low
2025-05-03 06:07:32_38.7949981689453_-122.748168945312,2025-05-03 06:07:32,1.28,-0.129999995231628,38.7949981689453,-122.748168945312,Low
2025-05-03 06:07:10_38.7966666666667_-122.767,2025-05-03 06:07:10,1.18,0.04,38.7966666666667,-122.767,Low
2025-05-03 06:06:55_38.7908325195312_-122.739334106445,2025-05-03 06:06:55,0.55,0.46000000834465,38.7908325195312,-122.739334106445,Low
2025-05-03 06:06:37_38.7890014648438_-122.769332885742,2025-05-03 06:06:37,0.87,1.98000001907349,38.7890014648438,-122.769332885742,Low
2025-05-03 06:06:16_38.7911682128906_-122.726165771484,2025-05-03 06:06:16,1.26,0.330000013113022,38.7911682128906,-122.726165771484,Low
2025-05-03 06:05:18_38.7903333333333_-122.7585,2025-05-03 06:05:18,3.7,2.27,38.7903333333333,-122.7585,Low
2025-05-03 06:01:35_36.7473333333333_-121.342333333333,2025-05-03 06:01:35,1.16,13.38,36.7473333333333,-121.342333333333,Low
2025-05-03 06:01:13_35.7365_-117.5645,2025-05-03 06:01:13,1.58,7.2,35.7365,-117.5645,Low
2025-05-03 05:43:01_34.017_-118.205,2025-05-03 05:43:01,1.33,15.66,34.017,-118.205,Low
2025-05-03 05:22:04_36.988_-121.660166666667,2025-05-03 05:22:04,0.97,4.53,36.988,-121.660166666667,Low
2025-05-03 05:13:19_34.31_-116.4486667,2025-05-03 05:13:19,1.15,8.73,34.31,-116.4486667,Low
2025-05-03 04:51:30_38.7616666666667_-122.734166666667,2025-05-03 04:51:30,0.34,1.63,38.7616666666667,-122.734166666667,Low
2025-05-03 04:43:05_44.773_-114.4045,2025-05-03 04:43:05,1.58,8.96,44.773,-114.4045,Low
2025-05-03 04:24:44_36.6628_-116.2633,2025-05-03 04:24:44,-0.4,6.4,36.6628,-116.2633,Low
2025-05-03 04:22:55_36.6398333333333_-121.185666666667,2025-05-03 04:22:55,0.95,7.63,36.6398333333333,-121.185666666667,Low
2025-05-03 03:46:50_38.8193321228027_-122.810997009277,2025-05-03 03:46:50,1.11,2.65000009536743,38.8193321228027,-122.810997009277,Low
2025-05-03 03:35:54_34.3011667_-116.9246667,2025-05-03 03:35:54,1.56,1.47,34.3011667,-116.9246667,Low
2025-05-03 03:19:29_38.827_-122.788,2025-05-03 03:19:29,0.24,2.4,38.827,-122.788,Low
2025-05-03 03:07:35_37.1831666666667_-112.893833333333,2025-05-03 03:07:35,1.74,20.52,37.1831666666667,-112.893833333333,Low
2025-05-03 02:45:53_33.5276667_-116.7251667,2025-05-03 02:45:53,1.52,4.88,33.5276667,-116.7251667,Low
2025-05-03 02:07:51_38.7973327636719_-122.783668518066,2025-05-03 02:07:51,0.89,3.19000005722046,38.7973327636719,-122.783668518066,Low
2025-05-03 02:07:06_38.7883338928223_-122.768501281738,2025-05-03 02:07:06,1.3,1.64999997615814,38.7883338928223,-122.768501281738,Low
2025-05-03 02:06:39_45.1285_-122.45183333333334,2025-05-03 02:06:39,1.84,-0.55,45.1285,-122.45183333333334,Low
2025-05-03 01:58:46_33.5138333_-115.8598333,2025-05-03 01:58:46,0.84,13.57,33.5138333,-115.8598333,Low
2025-05-03 01:56:27_35.3503333_-117.7858333,2025-05-03 01:56:27,1.26,5.62,35.3503333,-117.7858333,Low
2025-05-03 01:56:15_38.8041648864746_-122.78150177002,2025-05-03 01:56:15,0.89,1.26999998092651,38.8041648864746,-122.78150177002,Low
2025-05-03 01:49:40_38.8344993591309_-122.811164855957,2025-05-03 01:49:40,0.78,2.57999992370605,38.8344993591309,-122.811164855957,Low
2025-05-03 01:38:15_33.878_-117.5028333,2025-05-03 01:38:15,0.97,-0.49,33.878,-117.5028333,Low
2025-05-03 01:32:46_36.0503333333333_-120.614,2025-05-03 01:32:46,1.17,3.85,36.0503333333333,-120.614,Low
2025-05-03 01:30:09_33.847_-117.488,2025-05-03 01:30:09,1.41,-0.52,33.847,-117.488,Low
2025-05-03 01:29:17_40.4136666666667_-125.111,2025-05-03 01:29:17,2.76,10,40.4136666666667,-125.111,Low
2025-05-03 01:21:08_38.8236666666667_-122.795166666667,2025-05-03 01:21:08,0.41,2.77,38.8236666666667,-122.795166666667,Low
2025-05-03 01:09:18_38.8148333333333_-122.776833333333,2025-05-03 01:09:18,0.39,0.62,38.8148333333333,-122.776833333333,Low
2025-05-03 01:05:05_38.8349990844727_-122.792167663574,2025-05-03 01:05:05,1.09,2.22000002861023,38.8349990844727,-122.792167663574,Low
2025-05-03 01:03:31_35.3468333_-117.7971667,2025-05-03 01:03:31,0.97,6.56,35.3468333,-117.7971667,Low
2025-05-03 00:57:39_38.836_-122.798833333333,2025-05-03 00:57:39,0.39,2.81,38.836,-122.798833333333,Low
2025-05-03 00:55:12_38.8361663818359_-122.798332214355,2025-05-03 00:55:12,1.08,2.05999994277954,38.8361663818359,-122.798332214355,Low
2025-05-03 00:07:55_38.8401679992676_-122.810668945312,2025-05-03 00:07:55,0.58,2.1800000667572,38.8401679992676,-122.810668945312,Low
2025-05-03 00:04:17_38.7973327636719_-122.763000488281,2025-05-03 00:04:17,0.33,3.57999992370605,38.7973327636719,-122.763000488281,Low
2025-05-02 23:58:15_38.7725_-122.723833333333,2025-05-02 23:58:15,0.25,2.47,38.7725,-122.723833333333,Low
2025-05-02 23:35:37_33.5355_-116.7206667,2025-05-02 23:35:37,0.72,5.64,33.5355,-116.7206667,Low
2025-05-02 23:16:23_38.8398333333333_-122.811166666667,2025-05-02 23:16:23,0.4,2.54,38.8398333333333,-122.811166666667,Low
2025-05-02 23:11:57_38.8390007019043_-122.810668945312,2025-05-02 23:11:57,1.08,1.88999998569489,38.8390007019043,-122.810668945312,Low
2025-05-02 23:06:15_38.8373336791992_-122.809501647949,2025-05-02 23:06:15,0.71,1.27999997138977,38.8373336791992,-122.809501647949,Low
2025-05-02 23:04:55_38.8373336791992_-122.80883026123,2025-05-02 23:04:55,1.1,1.51999998092651,38.8373336791992,-122.80883026123,Low
2025-05-02 23:03:33_38.8375015258789_-122.807830810547,2025-05-02 23:03:33,0.71,2.03999996185303,38.8375015258789,-122.807830810547,Low
2025-05-02 22:53:24_38.9291666666667_-122.069,2025-05-02 22:53:24,2.39,14.77,38.9291666666667,-122.069,Low
2025-05-02 22:22:20_33.8528333_-116.9376667,2025-05-02 22:22:20,1.94,12.72,33.8528333,-116.9376667,Low
2025-05-02 22:17:08_33.5328333_-116.7278333,2025-05-02 22:17:08,0.68,4.41,33.5328333,-116.7278333,Low
2025-05-02 22:15:57_38.8401679992676_-122.811500549316,2025-05-02 22:15:57,0.67,2.01999998092651,38.8401679992676,-122.811500549316,Low
2025-05-02 21:55:04_38.8279991149902_-122.852668762207,2025-05-02 21:55:04,2.33,1.82000005245209,38.8279991149902,-122.852668762207,Low
2025-05-02 21:46:53_38.8373336791992_-122.820663452148,2025-05-02 21:46:53,0.31,0.910000026226044,38.8373336791992,-122.820663452148,Low
2025-05-02 21:26:59_33.5346667_-116.7213333,2025-05-02 21:26:59,0.59,5.44,33.5346667,-116.7213333,Low
2025-05-02 21:18:14_38.817_-122.759833333333,2025-05-02 21:18:14,0.11,1.86,38.817,-122.759833333333,Low
2025-05-02 21:12:06_33.2443333_-116.329,2025-05-02 21:12:06,0.92,7.3,33.2443333,-116.329,Low
2025-05-02 21:04:32_38.8338317871094_-122.817169189453,2025-05-02 21:04:32,0.92,1.74000000953674,38.8338317871094,-122.817169189453,Low
2025-05-02 20:59:19_38.787_-122.771166666667,2025-05-02 20:59:19,0.98,1.04,38.787,-122.771166666667,Low
2025-05-02 20:37:37_38.8380012512207_-122.796836853027,2025-05-02 20:37:37,0.72,1.98000001907349,38.8380012512207,-122.796836853027,Low
2025-05-02 20:32:56_36.9311666666667_-121.685833333333,2025-05-02 20:32:56,1.64,12.92,36.9311666666667,-121.685833333333,Low
2025-05-02 20:24:14_38.354_-118.9047,2025-05-02 20:24:14,1.8,11.6,38.354,-118.9047,Low
2025-05-02 20:17:08_38.8258323669434_-122.857002258301,2025-05-02 20:17:08,0.77,2.33999991416931,38.8258323669434,-122.857002258301,Low
2025-05-02 20:15:53_38.8146667480469_-122.82250213623,2025-05-02 20:15:53,0.82,2.28999996185303,38.8146667480469,-122.82250213623,Low
2025-05-02 19:50:40_38.8371666666667_-122.813166666667,2025-05-02 19:50:40,0.46,2,38.8371666666667,-122.813166666667,Low
2025-05-02 19:10:35_38.8093338012695_-122.822166442871,2025-05-02 19:10:35,0.94,1.92999994754791,38.8093338012695,-122.822166442871,Low
2025-05-02 19:10:05_38.8066673278809_-122.817665100098,2025-05-02 19:10:05,1.08,2.51999998092651,38.8066673278809,-122.817665100098,Low
2025-05-02 18:51:45_33.4936667_-116.8851667,2025-05-02 18:51:45,0.84,13.18,33.4936667,-116.8851667,Low
2025-05-02 18:51:13_33.4798333_-116.8921667,2025-05-02 18:51:13,1.15,14.86,33.4798333,-116.8921667,Low
2025-05-02 18:33:15_38.7661666870117_-122.741996765137,2025-05-02 18:33:15,0.82,1.66999995708466,38.7661666870117,-122.741996765137,Low
2025-05-02 18:27:28_39.0615_-119.02,2025-05-02 18:27:28,1.2,6,39.0615,-119.02,Low
2025-05-02 18:13:01_38.7293333333333_-122.714666666667,2025-05-02 18:13:01,0.66,1.22,38.7293333333333,-122.714666666667,Low
2025-05-02 18:01:13_33.0501667_-116.4605,2025-05-02 18:01:13,0.96,8.18,33.0501667,-116.4605,Low
2025-05-02 17:55:37_38.7304992675781_-122.714836120605,2025-05-02 17:55:37,0.96,1.58000004291534,38.7304992675781,-122.714836120605,Low
2025-05-02 17:45:35_38.7864990234375_-122.767997741699,2025-05-02 17:45:35,0.75,2.71000003814697,38.7864990234375,-122.767997741699,Low
2025-05-02 17:26:22_34.6791667_-116.2893333,2025-05-02 17:26:22,2.01,1.31,34.6791667,-116.2893333,Low
2025-05-02 17:26:08_32.2261667_-115.0596667,2025-05-02 17:26:08,2.22,14.35,32.2261667,-115.0596667,Low
2025-05-02 17:23:06_38.8349990844727_-122.815498352051,2025-05-02 17:23:06,0.77,1.86000001430511,38.8349990844727,-122.815498352051,Low
2025-05-02 17:21:44_38.8341674804688_-122.790832519531,2025-05-02 17:21:44,0.34,1.79999995231628,38.8341674804688,-122.790832519531,Low
2025-05-02 17:11:34_39.938_-111.936666666667,2025-05-02 17:11:34,1.55,4.63,39.938,-111.936666666667,Low
2025-05-02 16:26:01_38.806999206543_-122.780830383301,2025-05-02 16:26:01,1.53,2.6800000667572,38.806999206543,-122.780830383301,Low
2025-05-02 16:23:37_36.6253_-115.7447,2025-05-02 16:23:37,0.6,12.8,36.6253,-115.7447,Low
2025-05-02 16:21:28_35.6536667_-117.5525,2025-05-02 16:21:28,0.99,6.56,35.6536667,-117.5525,Low
2025-05-02 16:13:00_38.7941665649414_-122.779335021973,2025-05-02 16:13:00,0.79,3.51999998092651,38.7941665649414,-122.779335021973,Low
2025-05-02 16:11:06_38.8139991760254_-122.818168640137,2025-05-02 16:11:06,0.76,2.64000010490417,38.8139991760254,-122.818168640137,Low
2025-05-02 16:09:30_33.1078333_-115.5961667,2025-05-02 16:09:30,1.15,10.2,33.1078333,-115.5961667,Low
2025-05-02 16:02:16_38.7869987487793_-122.765998840332,2025-05-02 16:02:16,1.04,2.91000008583069,38.7869987487793,-122.765998840332,Low
2025-05-02 15:49:14_39.4166666666667_-123.364,2025-05-02 15:49:14,1.1,3.44,39.4166666666667,-123.364,Low
2025-05-02 15:41:33_37.7595_-122.567333333333,2025-05-02 15:41:33,1.4,12.15,37.7595,-122.567333333333,Low
2025-05-02 15:32:55_38.8349990844727_-122.783164978027,2025-05-02 15:32:55,0.73,2.10999989509583,38.8349990844727,-122.783164978027,Low
2025-05-02 15:30:56_38.8011665344238_-122.776000976562,2025-05-02 15:30:56,2.16,3.23000001907349,38.8011665344238,-122.776000976562,Low
2025-05-02 15:18:14_37.4928333333333_-118.8465,2025-05-02 15:18:14,1.31,5.46,37.4928333333333,-118.8465,Low
2025-05-02 15:16:53_37.5605_-118.7785,2025-05-02 15:16:53,0.58,7.64,37.5605,-118.7785,Low
2025-05-02 15:09:37_38.8091659545898_-122.826499938965,2025-05-02 15:09:37,0.65,5.36999988555908,38.8091659545898,-122.826499938965,Low
2025-05-02 15:03:26_33.0486667_-116.5816667,2025-05-02 15:03:26,0.61,12.18,33.0486667,-116.5816667,Low
2025-05-02 14:49:40_32.6305_-115.7591667,2025-05-02 14:49:40,1.5,8.61,32.6305,-115.7591667,Low
2025-05-02 14:35:52_33.529_-116.7221667,2025-05-02 14:35:52,0.84,6.43,33.529,-116.7221667,Low
2025-05-02 14:34:36_35.8065_-117.6346667,2025-05-02 14:34:36,0.62,6.31,35.8065,-117.6346667,Low
2025-05-02 14:29:34_38.7883338928223_-122.764831542969,2025-05-02 14:29:34,0.31,2.00999999046326,38.7883338928223,-122.764831542969,Low
2025-05-02 14:24:13_34.1645_-117.6473333,2025-05-02 14:24:13,1.28,9.93,34.1645,-117.6473333,Low
2025-05-02 14:06:05_38.8230018615723_-122.844169616699,2025-05-02 14:06:05,1.19,2.19000005722046,38.8230018615723,-122.844169616699,Low
2025-05-02 14:05:58_38.821834564209_-122.844665527344,2025-05-02 14:05:58,0.76,2.08999991416931,38.821834564209,-122.844665527344,Low
2025-05-02 14:03:42_31.6023333_-115.6706667,2025-05-02 14:03:42,1.58,11.65,31.6023333,-115.6706667,Low
2025-05-02 13:58:59_33.5036667_-116.4583333,2025-05-02 13:58:59,1.61,6.86,33.5036667,-116.4583333,Low
2025-05-02 13:53:15_39.9315_-120.621833333333,2025-05-02 13:53:15,2.08,0.12,39.9315,-120.621833333333,Low
2025-05-02 13:50:25_31.4891667_-115.6516667,2025-05-02 13:50:25,2.26,11.53,31.4891667,-115.6516667,Low
2025-05-02 13:42:49_38.8209991455078_-122.803497314453,2025-05-02 13:42:49,1.16,3.11999988555908,38.8209991455078,-122.803497314453,Low
2025-05-02 13:37:12_33.5348333_-116.7181667,2025-05-02 13:37:12,0.2,5.08,33.5348333,-116.7181667,Low
2025-05-02 13:34:17_38.7641677856445_-122.727836608887,2025-05-02 13:34:17,1.02,2.74000000953674,38.7641677856445,-122.727836608887,Low
2025-05-02 13:28:42_38.7751655578613_-122.745666503906,2025-05-02 13:28:42,0.72,2.82999992370605,38.7751655578613,-122.745666503906,Low
2025-05-02 13:28:28_38.7755012512207_-122.745162963867,2025-05-02 13:28:28,1.07,2.40000009536743,38.7755012512207,-122.745162963867,Low
2025-05-02 13:26:20_33.0488333_-116.5843333,2025-05-02 13:26:20,0.83,12.4,33.0488333,-116.5843333,Low
2025-05-02 13:00:47_34.4575_-117.9611667,2025-05-02 13:00:47,0.62,9.59,34.4575,-117.9611667,Low
2025-05-02 12:58:26_34.4553333_-117.9606667,2025-05-02 12:58:26,1.07,8.37,34.4553333,-117.9606667,Low
2025-05-02 12:53:43_38.3203_-119.5219,2025-05-02 12:53:43,1.3,10.5,38.3203,-119.5219,Low
2025-05-02 12:52:57_39.416_-123.361,2025-05-02 12:52:57,1.94,3.36,39.416,-123.361,Low
2025-05-02 12:17:53_39.576_-111.368666666667,2025-05-02 12:17:53,1.06,1.66,39.576,-111.368666666667,Low
2025-05-02 11:47:41_33.4795_-116.4508333,2025-05-02 11:47:41,0.24,11.51,33.4795,-116.4508333,Low
2025-05-02 11:46:44_41.6263333333333_-124.183166666667,2025-05-02 11:46:44,2.45,2.6,41.6263333333333,-124.183166666667,Low
2025-05-02 11:45:52_33.4746667_-116.4658333,2025-05-02 11:45:52,2.23,11.38,33.4746667,-116.4658333,Low
2025-05-02 11:45:05_33.4811667_-116.4481667,2025-05-02 11:45:05,0.48,12.55,33.4811667,-116.4481667,Low
2025-05-02 11:45:00_33.4773333_-116.4503333,2025-05-02 11:45:00,0.51,12.86,33.4773333,-116.4503333,Low
2025-05-02 11:14:02_38.752_-122.737166666667,2025-05-02 11:14:02,0.24,1.02,38.752,-122.737166666667,Low
2025-05-02 10:55:39_35.0865_-119.1483333,2025-05-02 10:55:39,1.32,13.27,35.0865,-119.1483333,Low
2025-05-02 10:50:38_38.8351669311523_-122.783164978027,2025-05-02 10:50:38,1.04,1.92999994754791,38.8351669311523,-122.783164978027,Low
2025-05-02 10:30:25_33.9953333_-116.9295,2025-05-02 10:30:25,1,17.59,33.9953333,-116.9295,Low
2025-05-02 10:20:36_39.0592_-119.0153,2025-05-02 10:20:36,1.3,7.1,39.0592,-119.0153,Low
2025-05-02 10:19:53_36.0446666666667_-120.618666666667,2025-05-02 10:19:53,0.27,0.95,36.0446666666667,-120.618666666667,Low
2025-05-02 10:18:09_38.7953338623047_-122.766502380371,2025-05-02 10:18:09,1.29,1.12999999523163,38.7953338623047,-122.766502380371,Low
2025-05-02 10:16:07_38.8398323059082_-122.837997436523,2025-05-02 10:16:07,0.68,1.80999994277954,38.8398323059082,-122.837997436523,Low
2025-05-02 10:02:45_39.4153333333333_-123.359666666667,2025-05-02 10:02:45,2.1,4,39.4153333333333,-123.359666666667,Low
2025-05-02 09:56:23_39.4175_-123.365333333333,2025-05-02 09:56:23,1.26,3.23,39.4175,-123.365333333333,Low
2025-05-02 09:50:21_38.7958335876465_-122.765830993652,2025-05-02 09:50:21,1.43,1.0900000333786,38.7958335876465,-122.765830993652,Low
2025-05-02 09:46:06_38.8316666666667_-122.814,2025-05-02 09:46:06,-0.19,1.84,38.8316666666667,-122.814,Low
2025-05-02 09:35:24_33.923_-116.6228333,2025-05-02 09:35:24,0.74,10.07,33.923,-116.6228333,Low
2025-05-02 09:31:04_38.7784996032715_-122.749000549316,2025-05-02 09:31:04,0.78,5.30000019073486,38.7784996032715,-122.749000549316,Low
2025-05-02 09:25:30_38.8236666666667_-122.810666666667,2025-05-02 09:25:30,-0.18,2.89,38.8236666666667,-122.810666666667,Low
2025-05-02 09:22:41_38.8173333333333_-122.822166666667,2025-05-02 09:22:41,0.33,2.36,38.8173333333333,-122.822166666667,Low
2025-05-02 09:09:17_33.4763333_-116.5305,2025-05-02 09:09:17,0.72,14.31,33.4763333,-116.5305,Low
2025-05-02 09:05:49_38.8191680908203_-122.822334289551,2025-05-02 09:05:49,1.16,2.52999997138977,38.8191680908203,-122.822334289551,Low
2025-05-02 09:01:44_38.8061676025391_-122.780502319336,2025-05-02 09:01:44,0.32,2.58999991416931,38.8061676025391,-122.780502319336,Low
2025-05-02 08:28:11_35.359_-117.8051667,2025-05-02 08:28:11,0.77,6.49,35.359,-117.8051667,Low
2025-05-02 08:20:02_33.9006667_-117.0783333,2025-05-02 08:20:02,0.96,16.65,33.9006667,-117.0783333,Low
2025-05-02 08:04:02_33.5278333_-116.7361667,2025-05-02 08:04:02,0.49,5.59,33.5278333,-116.7361667,Low
2025-05-02 07:56:24_38.804500579834_-122.783836364746,2025-05-02 07:56:24,0.29,5.59000015258789,38.804500579834,-122.783836364746,Low
2025-05-02 07:48:44_33.5295_-116.723,2025-05-02 07:48:44,0.81,6.35,33.5295,-116.723,Low
2025-05-02 07:23:03_38.8321647644043_-122.806831359863,2025-05-02 07:23:03,1.22,2.21000003814697,38.8321647644043,-122.806831359863,Low
2025-05-02 07:20:16_38.8318328857422_-122.807167053223,2025-05-02 07:20:16,0.72,2.29999995231628,38.8318328857422,-122.807167053223,Low
2025-05-02 07:13:36_38.7948341369629_-122.77449798584,2025-05-02 07:13:36,1.26,3.45000004768372,38.7948341369629,-122.77449798584,Low
2025-05-02 07:12:35_37.2235_-117.1083,2025-05-02 07:12:35,1.2,5.9,37.2235,-117.1083,Low
2025-05-02 07:12:05_38.832332611084_-122.807334899902,2025-05-02 07:12:05,0.66,1.94000005722046,38.832332611084,-122.807334899902,Low
2025-05-02 07:04:17_38.8318328857422_-122.807830810547,2025-05-02 07:04:17,0.72,1.80999994277954,38.8318328857422,-122.807830810547,Low
2025-05-02 07:03:36_33.5598333_-116.7925,2025-05-02 07:03:36,0.73,4.97,33.5598333,-116.7925,Low
2025-05-02 07:02:12_38.8325004577637_-122.807662963867,2025-05-02 07:02:12,0.44,2.78999996185303,38.8325004577637,-122.807662963867,Low
2025-05-02 07:02:00_38.8318333333333_-122.8075,2025-05-02 07:02:00,0.42,2.34,38.8318333333333,-122.8075,Low
2025-05-02 07:01:34_38.8315010070801_-122.806167602539,2025-05-02 07:01:34,1.66,2.22000002861023,38.8315010070801,-122.806167602539,Low
2025-05-02 06:56:02_38.5368333333333_-119.498666666667,2025-05-02 06:56:02,1.98,6.41,38.5368333333333,-119.498666666667,Low
2025-05-02 06:54:19_38.7861671447754_-122.726501464844,2025-05-02 06:54:19,1.11,1.86000001430511,38.7861671447754,-122.726501464844,Low
2025-05-02 06:53:20_39.0592_-119.0163,2025-05-02 06:53:20,1.1,5.6,39.0592,-119.0163,Low
2025-05-02 06:43:47_36.0755_-120.111333333333,2025-05-02 06:43:47,1.33,7.93,36.0755,-120.111333333333,Low
2025-05-02 06:29:18_38.8068351745605_-122.781829833984,2025-05-02 06:29:18,0.28,2.98000001907349,38.8068351745605,-122.781829833984,Low
2025-05-02 06:23:26_39.06_-119.0223,2025-05-02 06:23:26,1.5,6.2,39.06,-119.0223,Low
2025-05-02 06:20:33_39.0662_-119.0192,2025-05-02 06:20:33,2.6,6.6,39.0662,-119.0192,Low
2025-05-02 06:16:01_38.3568_-118.9015,2025-05-02 06:16:01,1.4,8.3,38.3568,-118.9015,Low
2025-05-02 06:13:36_33.2495_-116.3233333,2025-05-02 06:13:36,0.74,7.43,33.2495,-116.3233333,Low
2025-05-02 05:56:56_38.7919998168945_-122.733665466309,2025-05-02 05:56:56,1.07,0.980000019073486,38.7919998168945,-122.733665466309,Low
2025-05-02 05:56:28_38.7933333333333_-122.778833333333,2025-05-02 05:56:28,0.02,1.74,38.7933333333333,-122.778833333333,Low
2025-05-02 05:54:48_32.4198333_-115.1565,2025-05-02 05:54:48,2.41,11.43,32.4198333,-115.1565,Low
2025-05-02 05:53:40_37.5333333333333_-118.876,2025-05-02 05:53:40,0.15,6.78,37.5333333333333,-118.876,Low
2025-05-02 05:51:42_38.8216666666667_-122.8425,2025-05-02 05:51:42,0.37,1.83,38.8216666666667,-122.8425,Low
2025-05-02 05:44:22_32.412_-115.168,2025-05-02 05:44:22,2.17,10.17,32.412,-115.168,Low
2025-05-02 05:43:39_32.4228333_-115.1463333,2025-05-02 05:43:39,2.5,8.51,32.4228333,-115.1463333,Low
2025-05-02 05:33:36_38.8198318481445_-122.838996887207,2025-05-02 05:33:36,0.73,1.48000001907349,38.8198318481445,-122.838996887207,Low
2025-05-02 05:31:35_33.8153333_-117.6893333,2025-05-02 05:31:35,0.31,7.62,33.8153333,-117.6893333,Low
2025-05-02 05:19:48_38.8489990234375_-122.816665649414,2025-05-02 05:19:48,0.45,1.67999994754791,38.8489990234375,-122.816665649414,Low
2025-05-02 05:13:25_32.4088333_-115.1398333,2025-05-02 05:13:25,2.27,10.01,32.4088333,-115.1398333,Low
2025-05-02 05:13:05_32.3971667_-115.136,2025-05-02 05:13:05,1.94,9.42,32.3971667,-115.136,Low
2025-05-02 05:12:25_32.3903333_-115.1423333,2025-05-02 05:12:25,2.1,18.66,32.3903333,-115.1423333,Low
2025-05-02 05:03:10_36.9336666666667_-121.683,2025-05-02 05:03:10,1.46,12.68,36.9336666666667,-121.683,Low
2025-05-02 05:03:05_37.4953333333333_-118.988166666667,2025-05-02 05:03:05,0.95,3.05,37.4953333333333,-118.988166666667,Low
2025-05-02 04:57:35_38.8198318481445_-122.841163635254,2025-05-02 04:57:35,0.76,2.25999999046326,38.8198318481445,-122.841163635254,Low
2025-05-02 04:54:26_38.7606658935547_-122.724670410156,2025-05-02 04:54:26,0.59,0.509999990463257,38.7606658935547,-122.724670410156,Low
2025-05-02 04:24:41_35.3295_-117.8048333,2025-05-02 04:24:41,1.79,7.81,35.3295,-117.8048333,Low
2025-05-02 04:04:58_35.3538333_-117.8075,2025-05-02 04:04:58,0.92,7.89,35.3538333,-117.8075,Low
2025-05-02 04:02:52_38.8154983520508_-122.778503417969,2025-05-02 04:02:52,0.73,1.75999999046326,38.8154983520508,-122.778503417969,Low
2025-05-02 04:01:39_44.92216666666667_-123.38666666666667,2025-05-02 04:01:39,1.62,-0.3,44.92216666666667,-123.38666666666667,Low
2025-05-02 03:58:24_38.8376655578613_-122.794166564941,2025-05-02 03:58:24,0.69,1.87000000476837,38.8376655578613,-122.794166564941,Low
2025-05-02 03:21:05_36.0891667_-117.0878333,2025-05-02 03:21:05,1.85,6.23,36.0891667,-117.0878333,Low
2025-05-02 03:20:31_36.0933333_-117.0806667,2025-05-02 03:20:31,1.58,8.18,36.0933333,-117.0806667,Low
2025-05-02 03:04:53_36.6437_-116.2919,2025-05-02 03:04:53,-0.2,6.2,36.6437,-116.2919,Low
2025-05-02 03:02:34_38.8206672668457_-122.762496948242,2025-05-02 03:02:34,0.46,2.1800000667572,38.8206672668457,-122.762496948242,Low
2025-05-02 03:01:36_37.3355_-121.736166666667,2025-05-02 03:01:36,1.13,1.87,37.3355,-121.736166666667,Low
2025-05-02 02:58:40_38.684_-117.1943,2025-05-02 02:58:40,1.8,16,38.684,-117.1943,Low
2025-05-02 02:52:25_39.4155_-123.362666666667,2025-05-02 02:52:25,2.74,3,39.4155,-123.362666666667,Low
2025-05-02 02:50:42_39.4161666666667_-123.362833333333,2025-05-02 02:50:42,3.6,3.64,39.4161666666667,-123.362833333333,Low
2025-05-02 02:42:38_38.826_-122.812333333333,2025-05-02 02:42:38,0.25,1.46,38.826,-122.812333333333,Low
2025-05-02 02:31:52_32.8131667_-117.0701667,2025-05-02 02:31:52,0.93,-0.18,32.8131667,-117.0701667,Low
2025-05-02 02:20:29_38.7565002441406_-122.728332519531,2025-05-02 02:20:29,0.86,0.959999978542328,38.7565002441406,-122.728332519531,Low
2025-05-02 02:18:20_35.7643333_-117.5948333,2025-05-02 02:18:20,2.24,6.5,35.7643333,-117.5948333,Low
2025-05-02 02:00:33_35.352_-117.8066667,2025-05-02 02:00:33,1.2,7.96,35.352,-117.8066667,Low
2025-05-02 01:30:52_36.7446666666667_-121.6015,2025-05-02 01:30:52,1.46,-0.14,36.7446666666667,-121.6015,Low
2025-05-02 01:27:36_44.615_-115.0975,2025-05-02 01:27:36,1.18,6.6,44.615,-115.0975,Low
2025-05-02 01:26:06_33.7191667_-117.3243333,2025-05-02 01:26:06,1.01,-0.53,33.7191667,-117.3243333,Low
2025-05-02 01:18:20_37.5421666666667_-118.887666666667,2025-05-02 01:18:20,1.01,0.93,37.5421666666667,-118.887666666667,Low
2025-05-02 01:17:59_35.3535_-117.8016667,2025-05-02 01:17:59,1.14,8.04,35.3535,-117.8016667,Low
2025-05-02 01:05:43_35.3553333_-117.8041667,2025-05-02 01:05:43,1.13,6.76,35.3553333,-117.8041667,Low
2025-05-02 00:34:45_33.5303333_-116.7258333,2025-05-02 00:34:45,1.12,5.77,33.5303333,-116.7258333,Low
2025-05-02 00:29:37_38.8228340148926_-122.844169616699,2025-05-02 00:29:37,0.76,2.33999991416931,38.8228340148926,-122.844169616699,Low
2025-05-02 00:28:45_34.9813333_-118.1941667,2025-05-02 00:28:45,1.48,-0.96,34.9813333,-118.1941667,Low
2025-05-02 00:24:33_35.0586667_-118.348,2025-05-02 00:24:33,1.09,-1.11,35.0586667,-118.348,Low
2025-05-02 00:17:08_35.6046667_-117.443,2025-05-02 00:17:08,1.09,3.83,35.6046667,-117.443,Low
2025-05-02 00:17:00_40.3206666666667_-111.321333333333,2025-05-02 00:17:00,1.14,8.59,40.3206666666667,-111.321333333333,Low
2025-05-01 23:47:35_33.5326667_-116.7373333,2025-05-01 23:47:35,0.21,5.87,33.5326667,-116.7373333,Low
2025-05-01 23:45:54_33.4463333_-116.5595,2025-05-01 23:45:54,0.78,12.58,33.4463333,-116.5595,Low
2025-05-01 23:44:50_38.1562_-117.8959,2025-05-01 23:44:50,1.3,9.8,38.1562,-117.8959,Low
2025-05-01 23:38:57_38.7658333333333_-122.948666666667,2025-05-01 23:38:57,1.26,5.09,38.7658333333333,-122.948666666667,Low
2025-05-01 23:32:14_33.0565_-115.0055,2025-05-01 23:32:14,1.38,-0.23,33.0565,-115.0055,Low
2025-05-01 23:29:39_38.8058319091797_-122.793998718262,2025-05-01 23:29:39,1.08,3.27999997138977,38.8058319091797,-122.793998718262,Low
2025-05-01 23:29:19_38.7953338623047_-122.782165527344,2025-05-01 23:29:19,0.78,3.51999998092651,38.7953338623047,-122.782165527344,Low
2025-05-01 23:24:58_35.7228333333333_-121.124666666667,2025-05-01 23:24:58,0.93,8.09,35.7228333333333,-121.124666666667,Low
2025-05-01 23:24:14_38.829833984375_-122.814834594727,2025-05-01 23:24:14,0.76,1.85000002384186,38.829833984375,-122.814834594727,Low
2025-05-01 23:17:42_36.0925_-117.0836667,2025-05-01 23:17:42,1.73,6.83,36.0925,-117.0836667,Low
2025-05-01 23:10:01_35.718_-121.114833333333,2025-05-01 23:10:01,2.1,7.63,35.718,-121.114833333333,Low
2025-05-01 22:41:37_35.3511667_-117.8053333,2025-05-01 22:41:37,1.11,8.43,35.3511667,-117.8053333,Low
2025-05-01 22:41:30_38.5395_-122.460166666667,2025-05-01 22:41:30,1.43,9.26,38.5395,-122.460166666667,Low
2025-05-01 22:39:56_38.8294982910156_-122.797164916992,2025-05-01 22:39:56,0.71,1,38.8294982910156,-122.797164916992,Low
2025-05-01 22:38:50_39.0792_-118.0993,2025-05-01 22:38:50,1.4,6.5,39.0792,-118.0993,Low
2025-05-01 22:11:57_34.125_-116.8428333,2025-05-01 22:11:57,1.83,1.68,34.125,-116.8428333,Low
2025-05-01 22:07:41_38.7898330688477_-122.768669128418,2025-05-01 22:07:41,0.8,1.88999998569489,38.7898330688477,-122.768669128418,Low
2025-05-01 22:05:57_36.7945_-121.5175,2025-05-01 22:05:57,1.32,5.64,36.7945,-121.5175,Low
2025-05-01 21:27:18_38.8216666666667_-122.8105,2025-05-01 21:27:18,1.26,2.76,38.8216666666667,-122.8105,Low
2025-05-01 20:57:23_35.3291667_-117.7956667,2025-05-01 20:57:23,0.47,6.88,35.3291667,-117.7956667,Low
2025-05-01 20:42:15_39.1608_-119.0459,2025-05-01 20:42:15,1,8.4,39.1608,-119.0459,Low
2025-05-01 20:27:18_35.3518333_-117.8078333,2025-05-01 20:27:18,1.78,7.09,35.3518333,-117.8078333,Low
2025-05-01 20:21:50_35.3508333_-117.8083333,2025-05-01 20:21:50,1.07,8.1,35.3508333,-117.8083333,Low
2025-05-01 20:17:00_33.5326667_-116.7216667,2025-05-01 20:17:00,0.92,5.01,33.5326667,-116.7216667,Low
2025-05-01 20:15:52_38.8139991760254_-122.824165344238,2025-05-01 20:15:52,1.08,2.13000011444092,38.8139991760254,-122.824165344238,Low
2025-05-01 20:07:23_35.3525_-117.8073333,2025-05-01 20:07:23,1.53,7.94,35.3525,-117.8073333,Low
2025-05-01 20:07:13_35.3541667_-117.8085,2025-05-01 20:07:13,0.96,7.68,35.3541667,-117.8085,Low
2025-05-01 19:54:06_35.3526667_-117.8025,2025-05-01 19:54:06,1.68,7.58,35.3526667,-117.8025,Low
2025-05-01 19:52:01_35.3505_-117.8055,2025-05-01 19:52:01,2.62,7.81,35.3505,-117.8055,Low
2025-05-01 19:48:43_33.5335_-116.7221667,2025-05-01 19:48:43,0.55,5.76,33.5335,-116.7221667,Low
2025-05-01 19:42:53_35.3526667_-117.8035,2025-05-01 19:42:53,3.4,7.45,35.3526667,-117.8035,Low
2025-05-01 19:27:17_38.8050003051758_-122.751335144043,2025-05-01 19:27:17,0.77,0.5,38.8050003051758,-122.751335144043,Low
2025-05-01 19:23:31_36.5711_-117.0545,2025-05-01 19:23:31,1,4.4,36.5711,-117.0545,Low
2025-05-01 19:05:53_35.7126667_-117.5726667,2025-05-01 19:05:53,1.07,7.13,35.7126667,-117.5726667,Low
2025-05-01 18:52:42_35.3306667_-117.8145,2025-05-01 18:52:42,1.04,7.52,35.3306667,-117.8145,Low
2025-05-01 18:39:54_40.4936666666667_-124.475666666667,2025-05-01 18:39:54,1.71,17.76,40.4936666666667,-124.475666666667,Low
2025-05-01 18:32:50_35.949_-117.7186667,2025-05-01 18:32:50,1.12,2.63,35.949,-117.7186667,Low
2025-05-01 18:17:58_39.3653333333333_-122.907666666667,2025-05-01 18:17:58,2.11,8.13,39.3653333333333,-122.907666666667,Low
2025-05-01 18:07:14_38.8305015563965_-122.814002990723,2025-05-01 18:07:14,0.88,1.77999997138977,38.8305015563965,-122.814002990723,Low
2025-05-01 17:42:43_38.8363342285156_-122.807830810547,2025-05-01 17:42:43,0.71,1.76999998092651,38.8363342285156,-122.807830810547,Low
2025-05-01 17:34:43_38.8351669311523_-122.816833496094,2025-05-01 17:34:43,1.1,1.92999994754791,38.8351669311523,-122.816833496094,Low
2025-05-01 17:30:58_33.434_-116.6775,2025-05-01 17:30:58,0.5,10.86,33.434,-116.6775,Low
2025-05-01 17:19:11_33.5386667_-116.5846667,2025-05-01 17:19:11,0.91,14.89,33.5386667,-116.5846667,Low
2025-05-01 17:00:15_38.8098335266113_-122.818496704102,2025-05-01 17:00:15,0.67,1.9099999666214,38.8098335266113,-122.818496704102,Low
2025-05-01 16:56:49_35.5028333_-118.395,2025-05-01 16:56:49,1.69,6.62,35.5028333,-118.395,Low
2025-05-01 16:53:59_38.7658333333333_-122.949333333333,2025-05-01 16:53:59,1.25,4.47,38.7658333333333,-122.949333333333,Low
2025-05-01 16:42:51_38.771167755127_-122.736663818359,2025-05-01 16:42:51,0.96,0.939999997615814,38.771167755127,-122.736663818359,Low
2025-05-01 16:28:24_33.2271667_-116.7365,2025-05-01 16:28:24,0.67,11.66,33.2271667,-116.7365,Low
2025-05-01 16:24:36_38.7658333333333_-122.952166666667,2025-05-01 16:24:36,0.71,4.62,38.7658333333333,-122.952166666667,Low
2025-05-01 16:24:30_38.8241666666667_-122.803,2025-05-01 16:24:30,-0.11,3.04,38.8241666666667,-122.803,Low
2025-05-01 16:18:28_36.4336666666667_-121.008833333333,2025-05-01 16:18:28,0.65,8.57,36.4336666666667,-121.008833333333,Low
2025-05-01 16:03:04_33.3975_-116.3891667,2025-05-01 16:03:04,0.46,15.69,33.3975,-116.3891667,Low
2025-05-01 15:51:55_36.6116666666667_-121.161666666667,2025-05-01 15:51:55,0.83,7.17,36.6116666666667,-121.161666666667,Low
2025-05-01 15:51:45_35.9781667_-117.7981667,2025-05-01 15:51:45,1.02,3.19,35.9781667,-117.7981667,Low
2025-05-01 15:48:51_38.7934989929199_-122.782836914062,2025-05-01 15:48:51,1.03,2.98000001907349,38.7934989929199,-122.782836914062,Low
2025-05-01 15:41:57_36.4365_-121.014166666667,2025-05-01 15:41:57,3.26,9.22,36.4365,-121.014166666667,Low
2025-05-01 15:14:28_38.8108329772949_-122.828498840332,2025-05-01 15:14:28,0.79,1.85000002384186,38.8108329772949,-122.828498840332,Low
2025-05-01 15:10:23_39.1481_-119.051,2025-05-01 15:10:23,1,6.3,39.1481,-119.051,Low
2025-05-01 14:50:05_38.9711666666667_-111.3765,2025-05-01 14:50:05,1.02,-3.14,38.9711666666667,-111.3765,Low
2025-05-01 14:34:48_33.5366667_-116.7296667,2025-05-01 14:34:48,0.17,6.82,33.5366667,-116.7296667,Low
2025-05-01 14:32:59_33.5338333_-116.7303333,2025-05-01 14:32:59,0.11,4.41,33.5338333,-116.7303333,Low
2025-05-01 14:24:34_35.3318333_-117.8126667,2025-05-01 14:24:34,1.24,6.9,35.3318333,-117.8126667,Low
2025-05-01 14:17:25_38.8013333333333_-122.810333333333,2025-05-01 14:17:25,0.3,3.61,38.8013333333333,-122.810333333333,Low
2025-05-01 14:05:11_34.0446667_-117.2976667,2025-05-01 14:05:11,0.62,16.12,34.0446667,-117.2976667,Low
2025-05-01 13:37:38_38.7928352355957_-122.768333435059,2025-05-01 13:37:38,0.68,4.26000022888184,38.7928352355957,-122.768333435059,Low
2025-05-01 13:35:20_38.829833984375_-122.815170288086,2025-05-01 13:35:20,0.76,1.87000000476837,38.829833984375,-122.815170288086,Low
2025-05-01 13:32:38_33.3368333_-115.71,2025-05-01 13:32:38,1.06,4.84,33.3368333,-115.71,Low
2025-05-01 13:20:20_38.8223333333333_-122.8235,2025-05-01 13:20:20,0.33,2.61,38.8223333333333,-122.8235,Low
2025-05-01 13:14:40_38.7593333333333_-122.737666666667,2025-05-01 13:14:40,0.24,0.76,38.7593333333333,-122.737666666667,Low
2025-05-01 13:11:06_37.7118333333333_-118.779166666667,2025-05-01 13:11:06,0.46,6.2,37.7118333333333,-118.779166666667,Low
2025-05-01 13:05:35_36.6949996948242_-121.358497619629,2025-05-01 13:05:35,2.01,1.27999997138977,36.6949996948242,-121.358497619629,Low
2025-05-01 13:01:27_38.7626666666667_-122.949833333333,2025-05-01 13:01:27,0.8,3.16,38.7626666666667,-122.949833333333,Low
2025-05-01 12:53:21_33.5306667_-116.7223333,2025-05-01 12:53:21,0.66,5.53,33.5306667,-116.7223333,Low
2025-05-01 12:39:18_31.4905_-115.6198333,2025-05-01 12:39:18,1.72,11.53,31.4905,-115.6198333,Low
2025-05-01 12:22:27_36.4573_-113.9635,2025-05-01 12:22:27,1.5,0,36.4573,-113.9635,Low
2025-05-01 12:17:12_38.8141666666667_-122.823666666667,2025-05-01 12:17:12,0.38,2.32,38.8141666666667,-122.823666666667,Low
2025-05-01 12:10:34_40.3336666666667_-111.3345,2025-05-01 12:10:34,0.33,14.06,40.3336666666667,-111.3345,Low
2025-05-01 12:09:23_40.3405_-111.331333333333,2025-05-01 12:09:23,0.39,11.64,40.3405,-111.331333333333,Low
2025-05-01 11:48:26_38.8436660766602_-122.830833435059,2025-05-01 11:48:26,0.68,1.4099999666214,38.8436660766602,-122.830833435059,Low
2025-05-01 11:42:55_33.48_-116.514,2025-05-01 11:42:55,0.23,13.67,33.48,-116.514,Low
2025-05-01 11:41:18_40.3173333333333_-111.304166666667,2025-05-01 11:41:18,3.94,13.8,40.3173333333333,-111.304166666667,Low
2025-05-01 11:29:03_38.8040008544922_-122.785667419434,2025-05-01 11:29:03,0.78,-0.119999997317791,38.8040008544922,-122.785667419434,Low
2025-05-01 11:10:34_37.5565_-113.045,2025-05-01 11:10:34,1.11,5.73,37.5565,-113.045,Low
2025-05-01 11:08:49_33.5336667_-116.7213333,2025-05-01 11:08:49,0.2,5.61,33.5336667,-116.7213333,Low
2025-05-01 10:56:00_34.3336667_-116.7256667,2025-05-01 10:56:00,0.81,1.29,34.3336667,-116.7256667,Low
2025-05-01 10:55:06_34.3341667_-116.7253333,2025-05-01 10:55:06,1.15,0.86,34.3341667,-116.7253333,Low
2025-05-01 10:50:34_38.1574_-117.8996,2025-05-01 10:50:34,1.4,10.6,38.1574,-117.8996,Low
2025-05-01 10:46:25_38.781665802002_-122.723831176758,2025-05-01 10:46:25,0.91,1.86000001430511,38.781665802002,-122.723831176758,Low
2025-05-01 09:45:58_33.4776667_-116.5195,2025-05-01 09:45:58,0.75,13.37,33.4776667,-116.5195,Low
2025-05-01 09:41:55_33.5351667_-116.7165,2025-05-01 09:41:55,-0.06,5.56,33.5351667,-116.7165,Low
2025-05-01 09:41:35_33.0348333_-116.5825,2025-05-01 09:41:35,0.61,13.48,33.0348333,-116.5825,Low
2025-05-01 09:35:20_34.3346667_-116.7253333,2025-05-01 09:35:20,1.15,1.36,34.3346667,-116.7253333,Low
2025-05-01 09:33:15_32.7888333_-115.4465,2025-05-01 09:33:15,1.36,9.83,32.7888333,-115.4465,Low
2025-05-01 09:21:31_33.4933333_-116.7583333,2025-05-01 09:21:31,0.63,8.44,33.4933333,-116.7583333,Low
2025-05-01 09:05:00_38.7885_-122.781166666667,2025-05-01 09:05:00,1.25,3.56,38.7885,-122.781166666667,Low
2025-05-01 08:56:45_33.3665_-116.693,2025-05-01 08:56:45,0.99,11.84,33.3665,-116.693,Low
2025-05-01 08:48:49_33.503_-116.9016667,2025-05-01 08:48:49,0.99,11.81,33.503,-116.9016667,Low
2025-05-01 08:47:41_38.7891666666667_-122.781666666667,2025-05-01 08:47:41,2.61,3.31,38.7891666666667,-122.781666666667,Low
2025-05-01 08:43:04_38.834_-122.784333333333,2025-05-01 08:43:04,1.25,1.16,38.834,-122.784333333333,Low
2025-05-01 08:32:45_38.7911666666667_-122.778333333333,2025-05-01 08:32:45,0.25,1.74,38.7911666666667,-122.778333333333,Low
2025-05-01 08:21:27_38.8311653137207_-122.814834594727,2025-05-01 08:21:27,0.77,1.58000004291534,38.8311653137207,-122.814834594727,Low
2025-05-01 08:06:28_38.7946662902832_-122.778167724609,2025-05-01 08:06:28,0.72,3.34999990463257,38.7946662902832,-122.778167724609,Low
2025-05-01 07:50:42_44.3021666666667_-115.175166666667,2025-05-01 07:50:42,1.19,4.98,44.3021666666667,-115.175166666667,Low
2025-05-01 07:49:01_38.7941665649414_-122.78099822998,2025-05-01 07:49:01,0.73,4.09000015258789,38.7941665649414,-122.78099822998,Low
2025-05-01 07:32:16_37.5978333333333_-118.913,2025-05-01 07:32:16,0.04,2.3,37.5978333333333,-118.913,Low
2025-05-01 07:11:01_39.9461666666667_-111.941166666667,2025-05-01 07:11:01,0.96,6.09,39.9461666666667,-111.941166666667,Low
2025-05-01 07:01:23_33.5351667_-116.7205,2025-05-01 07:01:23,0.42,5.8,33.5351667,-116.7205,Low
2025-05-01 06:31:08_33.8336667_-117.7205,2025-05-01 06:31:08,0.89,7.05,33.8336667,-117.7205,Low
2025-05-01 06:16:28_33.6775_-116.7038333,2025-05-01 06:16:28,0.7,14.35,33.6775,-116.7038333,Low
2025-05-01 06:15:43_37.679_-113.2125,2025-05-01 06:15:43,0.67,1.59,37.679,-113.2125,Low
2025-05-01 06:11:55_37.1508333333333_-121.545666666667,2025-05-01 06:11:55,1.09,5.36,37.1508333333333,-121.545666666667,Low
2025-05-01 05:34:13_38.8105_-122.465833333333,2025-05-01 05:34:13,1.23,10.27,38.8105,-122.465833333333,Low
2025-05-01 05:33:44_37.6873333333333_-113.212666666667,2025-05-01 05:33:44,1,2.93,37.6873333333333,-113.212666666667,Low
